CCS PCH C Compiler, Version 5.117, 2138               07-Apr-26 15:21

               Filename:   C:\Users\Aidan\Documents\GitHub\DiFCS-Controller\src\main.lst

               ROM used:   47258 bytes (72%)
                           Largest free fragment is 18276
               RAM used:   1870 (52%) at main() level
                           1997 (55%) worst case
               Stack used: 8 locations (6 in main + 2 for interrupts)
               Stack size: 31

*
00000:  NOP   
00002:  GOTO   B3C2
*
00008:  GOTO   00C2
0000C:  NOP   
0000E:  NOP   
00010:  NOP   
00012:  NOP   
00014:  NOP   
00016:  NOP   
00018:  MOVWF  04
0001A:  MOVFF  FD8,05
0001E:  MOVFF  FE0,06
00022:  MOVLB  0
00024:  MOVFF  FE9,0C
00028:  MOVFF  FEA,07
0002C:  MOVFF  FE1,08
00030:  MOVFF  FE2,09
00034:  MOVFF  FD9,0A
00038:  MOVFF  FDA,0B
0003C:  MOVFF  FF3,12
00040:  MOVFF  FF4,13
00044:  MOVFF  FFA,14
00048:  MOVFF  FF5,15
0004C:  MOVFF  FF6,16
00050:  MOVFF  FF7,17
00054:  MOVFF  00,0E
00058:  MOVFF  01,0F
0005C:  MOVFF  02,10
00060:  MOVFF  03,11
00064:  MOVLB  E
00066:  BTFSS  xC1.0
00068:  GOTO   0072
0006C:  BTFSC  xC9.0
0006E:  GOTO   0330
00072:  MOVFF  0E,00
00076:  MOVFF  0F,01
0007A:  MOVFF  10,02
0007E:  MOVFF  11,03
00082:  MOVFF  0C,FE9
00086:  MOVFF  07,FEA
0008A:  BSF    07.7
0008C:  MOVFF  08,FE1
00090:  MOVFF  09,FE2
00094:  MOVFF  0A,FD9
00098:  MOVFF  0B,FDA
0009C:  MOVFF  12,FF3
000A0:  MOVFF  13,FF4
000A4:  MOVFF  14,FFA
000A8:  MOVFF  15,FF5
000AC:  MOVFF  16,FF6
000B0:  MOVFF  17,FF7
000B4:  MOVF   04,W
000B6:  MOVFF  06,FE0
000BA:  MOVFF  05,FD8
000BE:  RETFIE 0
000C0:  MOVLB  0
000C2:  MOVWF  1A
000C4:  MOVFF  FD8,1B
000C8:  MOVFF  FE0,1C
000CC:  MOVLB  0
000CE:  MOVFF  FE9,22
000D2:  MOVFF  FEA,1D
000D6:  MOVFF  FE1,1E
000DA:  MOVFF  FE2,1F
000DE:  MOVFF  FD9,20
000E2:  MOVFF  FDA,21
000E6:  MOVFF  FF3,28
000EA:  MOVFF  FF4,29
000EE:  MOVFF  FFA,2A
000F2:  MOVFF  FF5,2B
000F6:  MOVFF  FF6,2C
000FA:  MOVFF  FF7,2D
000FE:  MOVFF  00,24
00102:  MOVFF  01,25
00106:  MOVFF  02,26
0010A:  MOVFF  03,27
0010E:  MOVLB  E
00110:  BTFSS  xC0.5
00112:  GOTO   011C
00116:  BTFSC  xC8.5
00118:  GOTO   0196
0011C:  MOVFF  24,00
00120:  MOVFF  25,01
00124:  MOVFF  26,02
00128:  MOVFF  27,03
0012C:  MOVFF  22,FE9
00130:  MOVFF  1D,FEA
00134:  BSF    1D.7
00136:  MOVFF  1E,FE1
0013A:  MOVFF  1F,FE2
0013E:  MOVFF  20,FD9
00142:  MOVFF  21,FDA
00146:  MOVFF  28,FF3
0014A:  MOVFF  29,FF4
0014E:  MOVFF  2A,FFA
00152:  MOVFF  2B,FF5
00156:  MOVFF  2C,FF6
0015A:  MOVFF  2D,FF7
0015E:  MOVF   1A,W
00160:  MOVFF  1C,FE0
00164:  MOVFF  1B,FD8
00168:  RETFIE 0
.................... #include <main.h>
.................... #include <18F46Q10.h>
.................... //////////// Standard Header file for the PIC18F46Q10 device ////////////////
.................... ///////////////////////////////////////////////////////////////////////////
.................... ////        (C) Copyright 1996, 2020 Custom Computer Services          ////
.................... //// This source code may only be used by licensed users of the CCS C  ////
.................... //// compiler.  This source code may only be distributed to other      ////
.................... //// licensed users of the CCS C compiler.  No other use, reproduction ////
.................... //// or distribution is permitted without written permission.          ////
.................... //// Derivative programs created using this software in object code    ////
.................... //// form are not restricted in any way.                               ////
.................... ///////////////////////////////////////////////////////////////////////////
.................... #device PIC18F46Q10
0016A:  MOVFF  FEC,FFA
0016E:  MOVF   FED,F
00170:  MOVFF  FEF,FE8
00174:  MOVWF  FF9
00176:  RETURN 0
*
00404:  DATA 32,30
00406:  DATA 32,36
00408:  DATA 30,34
0040A:  DATA 30,37
0040C:  DATA 00,00
0040E:  DATA 30,30
00410:  DATA 30,30
00412:  DATA 00,00
00414:  DATA 25,64
00416:  DATA 2C,4D
00418:  DATA 41,4E
0041A:  DATA 55,41
0041C:  DATA 4C,2C
0041E:  DATA 00,00
00420:  DATA 25,64
00422:  DATA 2C,4D
00424:  DATA 41,47
00426:  DATA 53,4E
00428:  DATA 53,2C
0042A:  DATA 00,00
0042C:  DATA 48,4F
0042E:  DATA 4D,45
00430:  DATA 2C,25
00432:  DATA 75,2C
00434:  DATA 25,66
00436:  DATA 3B,00
00438:  DATA 48,4F
0043A:  DATA 4D,45
0043C:  DATA 2C,25
0043E:  DATA 75,2C
00440:  DATA 25,66
00442:  DATA 3B,00
00444:  DATA 43,4E
00446:  DATA 54,2C
00448:  DATA 25,75
0044A:  DATA 2C,25
0044C:  DATA 2E,30
0044E:  DATA 66,2C
00450:  DATA 25,2E
00452:  DATA 30,66
00454:  DATA 3B,00
00456:  DATA 50,4F
00458:  DATA 53,2C
0045A:  DATA 25,75
0045C:  DATA 2C,25
0045E:  DATA 2E,33
00460:  DATA 66,3B
00462:  DATA 00,00
00464:  DATA 4F,55
00466:  DATA 54,2C
00468:  DATA 25,75
0046A:  DATA 2C,2D
0046C:  DATA 2C,25
0046E:  DATA 4C,75
00470:  DATA 3B,00
00472:  DATA 4F,55
00474:  DATA 54,2C
00476:  DATA 25,75
00478:  DATA 2C,2B
0047A:  DATA 2C,25
0047C:  DATA 4C,75
0047E:  DATA 3B,00
*
007B2:  ADDWF  FE8,W
007B4:  CLRF   FF7
007B6:  RLCF   FF7,F
007B8:  ADDLW  CD
007BA:  MOVWF  FF6
007BC:  MOVLW  07
007BE:  ADDWFC FF7,F
007C0:  TBLRD*-
007C2:  MOVF   FF5,W
007C4:  MOVWF  FFA
007C6:  TBLRD*
007C8:  MOVF   FF5,W
007CA:  MOVWF  FF9
007CC:  DATA 7C,07
007CE:  DATA 86,07
007D0:  DATA 90,07
007D2:  DATA 9A,07
*
0095E:  MOVLB  7
00960:  MOVF   x93,W
00962:  MULWF  x95
00964:  MOVFF  FF3,01
00968:  MOVFF  FF4,00
0096C:  MULWF  x96
0096E:  MOVF   FF3,W
00970:  ADDWF  00,F
00972:  MOVF   x94,W
00974:  MULWF  x95
00976:  MOVF   FF3,W
00978:  ADDWFC 00,W
0097A:  MOVWF  02
0097C:  MOVLB  0
0097E:  RETURN 0
00980:  MOVLB  7
00982:  MOVF   x97,W
00984:  CLRF   01
00986:  SUBWF  x96,W
00988:  BC    0990
0098A:  MOVFF  796,00
0098E:  BRA    09A8
00990:  CLRF   00
00992:  MOVLW  08
00994:  MOVWF  x98
00996:  RLCF   x96,F
00998:  RLCF   00,F
0099A:  MOVF   x97,W
0099C:  SUBWF  00,W
0099E:  BTFSC  FD8.0
009A0:  MOVWF  00
009A2:  RLCF   01,F
009A4:  DECFSZ x98,F
009A6:  BRA    0996
009A8:  MOVLB  0
009AA:  RETURN 0
*
00E04:  MOVLB  7
00E06:  MOVF   x6F,W
00E08:  ANDLW  07
00E0A:  MOVWF  00
00E0C:  RRCF   x6F,W
00E0E:  MOVWF  01
00E10:  RRCF   01,F
00E12:  RRCF   01,F
00E14:  MOVLW  1F
00E16:  ANDWF  01,F
00E18:  MOVF   01,W
00E1A:  ADDWF  x71,W
00E1C:  MOVWF  FE9
00E1E:  MOVLW  00
00E20:  ADDWFC x72,W
00E22:  MOVWF  FEA
00E24:  CLRF   01
00E26:  INCF   01,F
00E28:  INCF   00,F
00E2A:  BRA    0E2E
00E2C:  RLCF   01,F
00E2E:  DECFSZ 00,F
00E30:  BRA    0E2C
00E32:  MOVF   x70,F
00E34:  BZ    0E3C
00E36:  MOVF   01,W
00E38:  IORWF  FEF,F
00E3A:  BRA    0E42
00E3C:  COMF   01,F
00E3E:  MOVF   01,W
00E40:  ANDWF  FEF,F
00E42:  MOVLB  0
00E44:  RETURN 0
00E46:  MOVFF  7A4,7AB
00E4A:  MOVLB  7
00E4C:  MOVF   xA8,W
00E4E:  XORWF  xAB,F
00E50:  BTFSS  xAB.7
00E52:  BRA    0E5E
00E54:  BCF    FD8.2
00E56:  BCF    FD8.0
00E58:  BTFSC  xA4.7
00E5A:  BSF    FD8.0
00E5C:  BRA    0EBC
00E5E:  MOVFF  7A4,7AB
00E62:  MOVFF  7A7,7AC
00E66:  MOVF   xA3,W
00E68:  SUBWF  xAC,F
00E6A:  BZ    0E78
00E6C:  BTFSS  xAB.7
00E6E:  BRA    0EBC
00E70:  MOVF   FD8,W
00E72:  XORLW  01
00E74:  MOVWF  FD8
00E76:  BRA    0EBC
00E78:  MOVFF  7A8,7AC
00E7C:  MOVF   xA4,W
00E7E:  SUBWF  xAC,F
00E80:  BZ    0E8E
00E82:  BTFSS  xAB.7
00E84:  BRA    0EBC
00E86:  MOVF   FD8,W
00E88:  XORLW  01
00E8A:  MOVWF  FD8
00E8C:  BRA    0EBC
00E8E:  MOVFF  7A9,7AC
00E92:  MOVF   xA5,W
00E94:  SUBWF  xAC,F
00E96:  BZ    0EA4
00E98:  BTFSS  xAB.7
00E9A:  BRA    0EBC
00E9C:  MOVF   FD8,W
00E9E:  XORLW  01
00EA0:  MOVWF  FD8
00EA2:  BRA    0EBC
00EA4:  MOVFF  7AA,7AC
00EA8:  MOVF   xA6,W
00EAA:  SUBWF  xAC,F
00EAC:  BZ    0EBA
00EAE:  BTFSS  xAB.7
00EB0:  BRA    0EBC
00EB2:  MOVF   FD8,W
00EB4:  XORLW  01
00EB6:  MOVWF  FD8
00EB8:  BRA    0EBC
00EBA:  BCF    FD8.0
00EBC:  MOVLB  0
00EBE:  RETURN 0
00EC0:  MOVLW  80
00EC2:  BTFSS  FD8.1
00EC4:  BRA    0ECA
00EC6:  MOVLB  7
00EC8:  XORWF  xAC,F
00ECA:  MOVLB  7
00ECC:  CLRF   xB1
00ECE:  CLRF   xB2
00ED0:  MOVFF  7A8,7B0
00ED4:  MOVF   xAC,W
00ED6:  XORWF  xB0,F
00ED8:  MOVF   xA7,W
00EDA:  BTFSC  FD8.2
00EDC:  BRA    109C
00EDE:  MOVWF  xAF
00EE0:  MOVWF  00
00EE2:  MOVF   xAB,W
00EE4:  BTFSC  FD8.2
00EE6:  BRA    10AE
00EE8:  SUBWF  xAF,F
00EEA:  BTFSC  FD8.2
00EEC:  BRA    0FF4
00EEE:  BNC   0F6C
00EF0:  MOVFF  7AC,7B5
00EF4:  BSF    xB5.7
00EF6:  MOVFF  7AD,7B4
00EFA:  MOVFF  7AE,7B3
00EFE:  CLRF   xB2
00F00:  BCF    FD8.0
00F02:  RRCF   xB5,F
00F04:  RRCF   xB4,F
00F06:  RRCF   xB3,F
00F08:  RRCF   xB2,F
00F0A:  DECFSZ xAF,F
00F0C:  BRA    0EFE
00F0E:  BTFSS  xB0.7
00F10:  BRA    0F18
00F12:  BSF    xB1.0
00F14:  BRA    10D6
00F16:  BCF    xB1.0
00F18:  BCF    xAF.0
00F1A:  BSF    xB1.4
00F1C:  MOVLW  07
00F1E:  MOVWF  FEA
00F20:  MOVLW  AA
00F22:  MOVWF  FE9
00F24:  BRA    10FC
00F26:  BCF    xB1.4
00F28:  BTFSC  xB0.7
00F2A:  BRA    0F40
00F2C:  BTFSS  xAF.0
00F2E:  BRA    0F56
00F30:  RRCF   xB5,F
00F32:  RRCF   xB4,F
00F34:  RRCF   xB3,F
00F36:  RRCF   xB2,F
00F38:  INCF   00,F
00F3A:  BTFSC  FD8.2
00F3C:  BRA    10CC
00F3E:  BRA    0F56
00F40:  BTFSC  xB5.7
00F42:  BRA    0F5C
00F44:  BCF    FD8.0
00F46:  RLCF   xB2,F
00F48:  RLCF   xB3,F
00F4A:  RLCF   xB4,F
00F4C:  RLCF   xB5,F
00F4E:  DECF   00,F
00F50:  BTFSC  FD8.2
00F52:  BRA    10CC
00F54:  BRA    0F40
00F56:  BSF    xB1.6
00F58:  BRA    1034
00F5A:  BCF    xB1.6
00F5C:  MOVFF  7A8,7B0
00F60:  BTFSS  xA8.7
00F62:  BRA    0F68
00F64:  BSF    xB5.7
00F66:  BRA    10BE
00F68:  BCF    xB5.7
00F6A:  BRA    10BE
00F6C:  MOVFF  7AB,7AF
00F70:  MOVFF  7AB,00
00F74:  MOVF   xA7,W
00F76:  SUBWF  xAF,F
00F78:  MOVFF  7A8,7B5
00F7C:  BSF    xB5.7
00F7E:  MOVFF  7A9,7B4
00F82:  MOVFF  7AA,7B3
00F86:  CLRF   xB2
00F88:  BCF    FD8.0
00F8A:  RRCF   xB5,F
00F8C:  RRCF   xB4,F
00F8E:  RRCF   xB3,F
00F90:  RRCF   xB2,F
00F92:  DECFSZ xAF,F
00F94:  BRA    0F86
00F96:  BTFSS  xB0.7
00F98:  BRA    0FA0
00F9A:  BSF    xB1.1
00F9C:  BRA    10D6
00F9E:  BCF    xB1.1
00FA0:  BCF    xAF.0
00FA2:  BSF    xB1.5
00FA4:  MOVLW  07
00FA6:  MOVWF  FEA
00FA8:  MOVLW  AE
00FAA:  MOVWF  FE9
00FAC:  BRA    10FC
00FAE:  BCF    xB1.5
00FB0:  BTFSC  xB0.7
00FB2:  BRA    0FC8
00FB4:  BTFSS  xAF.0
00FB6:  BRA    0FDE
00FB8:  RRCF   xB5,F
00FBA:  RRCF   xB4,F
00FBC:  RRCF   xB3,F
00FBE:  RRCF   xB2,F
00FC0:  INCF   00,F
00FC2:  BTFSC  FD8.2
00FC4:  BRA    10CC
00FC6:  BRA    0FDE
00FC8:  BTFSC  xB5.7
00FCA:  BRA    0FE4
00FCC:  BCF    FD8.0
00FCE:  RLCF   xB2,F
00FD0:  RLCF   xB3,F
00FD2:  RLCF   xB4,F
00FD4:  RLCF   xB5,F
00FD6:  DECF   00,F
00FD8:  BTFSC  FD8.2
00FDA:  BRA    10CC
00FDC:  BRA    0FC8
00FDE:  BSF    xB1.7
00FE0:  BRA    1034
00FE2:  BCF    xB1.7
00FE4:  MOVFF  7AC,7B0
00FE8:  BTFSS  xAC.7
00FEA:  BRA    0FF0
00FEC:  BSF    xB5.7
00FEE:  BRA    10BE
00FF0:  BCF    xB5.7
00FF2:  BRA    10BE
00FF4:  MOVFF  7AC,7B5
00FF8:  BSF    xB5.7
00FFA:  MOVFF  7AD,7B4
00FFE:  MOVFF  7AE,7B3
01002:  BTFSS  xB0.7
01004:  BRA    100E
01006:  BCF    xB5.7
01008:  BSF    xB1.2
0100A:  BRA    10D6
0100C:  BCF    xB1.2
0100E:  CLRF   xB2
01010:  BCF    xAF.0
01012:  MOVLW  07
01014:  MOVWF  FEA
01016:  MOVLW  AA
01018:  MOVWF  FE9
0101A:  BRA    10FC
0101C:  BTFSC  xB0.7
0101E:  BRA    1058
01020:  MOVFF  7A8,7B0
01024:  BTFSS  xAF.0
01026:  BRA    1034
01028:  RRCF   xB5,F
0102A:  RRCF   xB4,F
0102C:  RRCF   xB3,F
0102E:  RRCF   xB2,F
01030:  INCF   00,F
01032:  BZ    10CC
01034:  BTFSS  xB2.7
01036:  BRA    104E
01038:  INCF   xB3,F
0103A:  BNZ   104E
0103C:  INCF   xB4,F
0103E:  BNZ   104E
01040:  INCF   xB5,F
01042:  BNZ   104E
01044:  RRCF   xB5,F
01046:  RRCF   xB4,F
01048:  RRCF   xB3,F
0104A:  INCF   00,F
0104C:  BZ    10CC
0104E:  BTFSC  xB1.6
01050:  BRA    0F5A
01052:  BTFSC  xB1.7
01054:  BRA    0FE2
01056:  BRA    1090
01058:  MOVLW  80
0105A:  XORWF  xB5,F
0105C:  BTFSS  xB5.7
0105E:  BRA    1068
01060:  BRA    10D6
01062:  MOVFF  7AC,7B0
01066:  BRA    107C
01068:  MOVFF  7A8,7B0
0106C:  MOVF   xB5,F
0106E:  BNZ   107C
01070:  MOVF   xB4,F
01072:  BNZ   107C
01074:  MOVF   xB3,F
01076:  BNZ   107C
01078:  CLRF   00
0107A:  BRA    10BE
0107C:  BTFSC  xB5.7
0107E:  BRA    1090
01080:  BCF    FD8.0
01082:  RLCF   xB2,F
01084:  RLCF   xB3,F
01086:  RLCF   xB4,F
01088:  RLCF   xB5,F
0108A:  DECFSZ 00,F
0108C:  BRA    107C
0108E:  BRA    10CC
01090:  BTFSS  xB0.7
01092:  BRA    1098
01094:  BSF    xB5.7
01096:  BRA    10BE
01098:  BCF    xB5.7
0109A:  BRA    10BE
0109C:  MOVFF  7AB,00
010A0:  MOVFF  7AC,7B5
010A4:  MOVFF  7AD,7B4
010A8:  MOVFF  7AE,7B3
010AC:  BRA    10BE
010AE:  MOVFF  7A7,00
010B2:  MOVFF  7A8,7B5
010B6:  MOVFF  7A9,7B4
010BA:  MOVFF  7AA,7B3
010BE:  MOVFF  7B5,01
010C2:  MOVFF  7B4,02
010C6:  MOVFF  7B3,03
010CA:  BRA    1134
010CC:  CLRF   00
010CE:  CLRF   01
010D0:  CLRF   02
010D2:  CLRF   03
010D4:  BRA    1134
010D6:  CLRF   xB2
010D8:  COMF   xB3,F
010DA:  COMF   xB4,F
010DC:  COMF   xB5,F
010DE:  COMF   xB2,F
010E0:  INCF   xB2,F
010E2:  BNZ   10EE
010E4:  INCF   xB3,F
010E6:  BNZ   10EE
010E8:  INCF   xB4,F
010EA:  BNZ   10EE
010EC:  INCF   xB5,F
010EE:  BTFSC  xB1.0
010F0:  BRA    0F16
010F2:  BTFSC  xB1.1
010F4:  BRA    0F9E
010F6:  BTFSC  xB1.2
010F8:  BRA    100C
010FA:  BRA    1062
010FC:  MOVF   FEF,W
010FE:  ADDWF  xB3,F
01100:  BNC   110C
01102:  INCF   xB4,F
01104:  BNZ   110C
01106:  INCF   xB5,F
01108:  BTFSC  FD8.2
0110A:  BSF    xAF.0
0110C:  MOVF   FED,F
0110E:  MOVF   FEF,W
01110:  ADDWF  xB4,F
01112:  BNC   111A
01114:  INCF   xB5,F
01116:  BTFSC  FD8.2
01118:  BSF    xAF.0
0111A:  MOVF   FED,F
0111C:  MOVF   FEF,W
0111E:  BTFSC  FEF.7
01120:  BRA    1124
01122:  XORLW  80
01124:  ADDWF  xB5,F
01126:  BTFSC  FD8.0
01128:  BSF    xAF.0
0112A:  BTFSC  xB1.4
0112C:  BRA    0F26
0112E:  BTFSC  xB1.5
01130:  BRA    0FAE
01132:  BRA    101C
01134:  MOVLB  0
01136:  RETURN 0
01138:  MOVLB  7
0113A:  MOVF   x5C,W
0113C:  ANDLW  07
0113E:  MOVWF  00
01140:  RRCF   x5C,W
01142:  MOVWF  01
01144:  RRCF   01,F
01146:  RRCF   01,F
01148:  MOVLW  1F
0114A:  ANDWF  01,F
0114C:  MOVF   01,W
0114E:  ADDWF  x5D,W
01150:  MOVWF  FE9
01152:  MOVLW  00
01154:  ADDWFC x5E,W
01156:  MOVWF  FEA
01158:  MOVFF  FEF,01
0115C:  INCF   00,F
0115E:  BRA    1162
01160:  RRCF   01,F
01162:  DECFSZ 00,F
01164:  BRA    1160
01166:  MOVLW  01
01168:  ANDWF  01,F
0116A:  MOVLB  0
0116C:  RETURN 0
*
011FA:  MOVLB  7
011FC:  MOVF   xA3,W
011FE:  BTFSC  FD8.2
01200:  BRA    12E4
01202:  MOVWF  00
01204:  MOVF   xA7,W
01206:  BTFSC  FD8.2
01208:  BRA    12E4
0120A:  ADDWF  00,F
0120C:  BNC   1216
0120E:  MOVLW  81
01210:  ADDWF  00,F
01212:  BC    12E4
01214:  BRA    121E
01216:  MOVLW  7F
01218:  SUBWF  00,F
0121A:  BNC   12E4
0121C:  BZ    12E4
0121E:  MOVFF  7A4,7AB
01222:  MOVF   xA8,W
01224:  XORWF  xAB,F
01226:  BSF    xA4.7
01228:  BSF    xA8.7
0122A:  MOVF   xA6,W
0122C:  MULWF  xAA
0122E:  MOVFF  FF4,7AD
01232:  MOVF   xA5,W
01234:  MULWF  xA9
01236:  MOVFF  FF4,03
0123A:  MOVFF  FF3,7AC
0123E:  MULWF  xAA
01240:  MOVF   FF3,W
01242:  ADDWF  xAD,F
01244:  MOVF   FF4,W
01246:  ADDWFC xAC,F
01248:  MOVLW  00
0124A:  ADDWFC 03,F
0124C:  MOVF   xA6,W
0124E:  MULWF  xA9
01250:  MOVF   FF3,W
01252:  ADDWF  xAD,F
01254:  MOVF   FF4,W
01256:  ADDWFC xAC,F
01258:  MOVLW  00
0125A:  CLRF   02
0125C:  ADDWFC 03,F
0125E:  ADDWFC 02,F
01260:  MOVF   xA4,W
01262:  MULWF  xAA
01264:  MOVF   FF3,W
01266:  ADDWF  xAC,F
01268:  MOVF   FF4,W
0126A:  ADDWFC 03,F
0126C:  MOVLW  00
0126E:  ADDWFC 02,F
01270:  MOVF   xA4,W
01272:  MULWF  xA9
01274:  MOVF   FF3,W
01276:  ADDWF  03,F
01278:  MOVF   FF4,W
0127A:  ADDWFC 02,F
0127C:  MOVLW  00
0127E:  CLRF   01
01280:  ADDWFC 01,F
01282:  MOVF   xA6,W
01284:  MULWF  xA8
01286:  MOVF   FF3,W
01288:  ADDWF  xAC,F
0128A:  MOVF   FF4,W
0128C:  ADDWFC 03,F
0128E:  MOVLW  00
01290:  ADDWFC 02,F
01292:  ADDWFC 01,F
01294:  MOVF   xA5,W
01296:  MULWF  xA8
01298:  MOVF   FF3,W
0129A:  ADDWF  03,F
0129C:  MOVF   FF4,W
0129E:  ADDWFC 02,F
012A0:  MOVLW  00
012A2:  ADDWFC 01,F
012A4:  MOVF   xA4,W
012A6:  MULWF  xA8
012A8:  MOVF   FF3,W
012AA:  ADDWF  02,F
012AC:  MOVF   FF4,W
012AE:  ADDWFC 01,F
012B0:  INCF   00,F
012B2:  BTFSC  01.7
012B4:  BRA    12C0
012B6:  RLCF   xAC,F
012B8:  RLCF   03,F
012BA:  RLCF   02,F
012BC:  RLCF   01,F
012BE:  DECF   00,F
012C0:  MOVLW  00
012C2:  BTFSS  xAC.7
012C4:  BRA    12DA
012C6:  INCF   03,F
012C8:  ADDWFC 02,F
012CA:  ADDWFC 01,F
012CC:  MOVF   01,W
012CE:  BNZ   12DA
012D0:  MOVF   02,W
012D2:  BNZ   12DA
012D4:  MOVF   03,W
012D6:  BNZ   12DA
012D8:  INCF   00,F
012DA:  BTFSC  xAB.7
012DC:  BSF    01.7
012DE:  BTFSS  xAB.7
012E0:  BCF    01.7
012E2:  BRA    12EC
012E4:  CLRF   00
012E6:  CLRF   01
012E8:  CLRF   02
012EA:  CLRF   03
012EC:  MOVLB  0
012EE:  RETURN 0
012F0:  MOVLW  8E
012F2:  MOVWF  00
012F4:  MOVLB  7
012F6:  MOVF   xA3,W
012F8:  SUBWF  00,F
012FA:  MOVFF  7A4,02
012FE:  MOVFF  7A5,01
01302:  BSF    02.7
01304:  MOVF   00,F
01306:  BZ    131A
01308:  BCF    FD8.0
0130A:  MOVF   02,F
0130C:  BNZ   1312
0130E:  MOVF   01,F
01310:  BZ    131A
01312:  RRCF   02,F
01314:  RRCF   01,F
01316:  DECFSZ 00,F
01318:  BRA    1308
0131A:  BTFSS  xA4.7
0131C:  BRA    1328
0131E:  COMF   01,F
01320:  COMF   02,F
01322:  INCF   01,F
01324:  BTFSC  FD8.2
01326:  INCF   02,F
01328:  MOVLB  0
0132A:  RETURN 0
*
01E4A:  BTFSC  FD8.1
01E4C:  BRA    1E56
01E4E:  MOVLW  07
01E50:  MOVWF  FEA
01E52:  MOVLW  96
01E54:  MOVWF  FE9
01E56:  MOVLB  7
01E58:  MOVF   x91,W
01E5A:  XORWF  x95,W
01E5C:  ANDLW  80
01E5E:  MOVWF  x9B
01E60:  BTFSS  x91.7
01E62:  BRA    1E7A
01E64:  COMF   x8E,F
01E66:  COMF   x8F,F
01E68:  COMF   x90,F
01E6A:  COMF   x91,F
01E6C:  INCF   x8E,F
01E6E:  BTFSC  FD8.2
01E70:  INCF   x8F,F
01E72:  BTFSC  FD8.2
01E74:  INCF   x90,F
01E76:  BTFSC  FD8.2
01E78:  INCF   x91,F
01E7A:  BTFSS  x95.7
01E7C:  BRA    1E94
01E7E:  COMF   x92,F
01E80:  COMF   x93,F
01E82:  COMF   x94,F
01E84:  COMF   x95,F
01E86:  INCF   x92,F
01E88:  BTFSC  FD8.2
01E8A:  INCF   x93,F
01E8C:  BTFSC  FD8.2
01E8E:  INCF   x94,F
01E90:  BTFSC  FD8.2
01E92:  INCF   x95,F
01E94:  CLRF   00
01E96:  CLRF   01
01E98:  CLRF   02
01E9A:  CLRF   03
01E9C:  CLRF   x96
01E9E:  CLRF   x97
01EA0:  CLRF   x98
01EA2:  CLRF   x99
01EA4:  MOVF   x95,W
01EA6:  IORWF  x94,W
01EA8:  IORWF  x93,W
01EAA:  IORWF  x92,W
01EAC:  BZ    1F06
01EAE:  MOVLW  20
01EB0:  MOVWF  x9A
01EB2:  BCF    FD8.0
01EB4:  RLCF   x8E,F
01EB6:  RLCF   x8F,F
01EB8:  RLCF   x90,F
01EBA:  RLCF   x91,F
01EBC:  RLCF   x96,F
01EBE:  RLCF   x97,F
01EC0:  RLCF   x98,F
01EC2:  RLCF   x99,F
01EC4:  MOVF   x95,W
01EC6:  SUBWF  x99,W
01EC8:  BNZ   1EDA
01ECA:  MOVF   x94,W
01ECC:  SUBWF  x98,W
01ECE:  BNZ   1EDA
01ED0:  MOVF   x93,W
01ED2:  SUBWF  x97,W
01ED4:  BNZ   1EDA
01ED6:  MOVF   x92,W
01ED8:  SUBWF  x96,W
01EDA:  BNC   1EFA
01EDC:  MOVF   x92,W
01EDE:  SUBWF  x96,F
01EE0:  MOVF   x93,W
01EE2:  BTFSS  FD8.0
01EE4:  INCFSZ x93,W
01EE6:  SUBWF  x97,F
01EE8:  MOVF   x94,W
01EEA:  BTFSS  FD8.0
01EEC:  INCFSZ x94,W
01EEE:  SUBWF  x98,F
01EF0:  MOVF   x95,W
01EF2:  BTFSS  FD8.0
01EF4:  INCFSZ x95,W
01EF6:  SUBWF  x99,F
01EF8:  BSF    FD8.0
01EFA:  RLCF   00,F
01EFC:  RLCF   01,F
01EFE:  RLCF   02,F
01F00:  RLCF   03,F
01F02:  DECFSZ x9A,F
01F04:  BRA    1EB2
01F06:  BTFSS  x9B.7
01F08:  BRA    1F20
01F0A:  COMF   00,F
01F0C:  COMF   01,F
01F0E:  COMF   02,F
01F10:  COMF   03,F
01F12:  INCF   00,F
01F14:  BTFSC  FD8.2
01F16:  INCF   01,F
01F18:  BTFSC  FD8.2
01F1A:  INCF   02,F
01F1C:  BTFSC  FD8.2
01F1E:  INCF   03,F
01F20:  MOVFF  796,FEF
01F24:  MOVFF  797,FEC
01F28:  MOVFF  798,FEC
01F2C:  MOVFF  799,FEC
01F30:  MOVLB  0
01F32:  RETURN 0
*
02490:  MOVLW  B6
02492:  MOVWF  00
02494:  CLRF   03
02496:  CLRF   02
02498:  CLRF   01
0249A:  MOVLB  7
0249C:  BCF    x71.0
0249E:  BTFSS  x70.7
024A0:  BRA    24BA
024A2:  BSF    x71.0
024A4:  COMF   x6D,F
024A6:  COMF   x6E,F
024A8:  COMF   x6F,F
024AA:  COMF   x70,F
024AC:  INCF   x6D,F
024AE:  BNZ   24BA
024B0:  INCF   x6E,F
024B2:  BNZ   24BA
024B4:  INCF   x6F,F
024B6:  BTFSC  FD8.2
024B8:  INCF   x70,F
024BA:  MOVF   x6D,W
024BC:  IORWF  x6E,W
024BE:  IORWF  x6F,W
024C0:  IORWF  x70,W
024C2:  BNZ   24C8
024C4:  CLRF   00
024C6:  BRA    24E6
024C8:  BCF    FD8.0
024CA:  BTFSC  01.7
024CC:  BRA    24E0
024CE:  RLCF   x6D,F
024D0:  RLCF   x6E,F
024D2:  RLCF   x6F,F
024D4:  RLCF   x70,F
024D6:  RLCF   03,F
024D8:  RLCF   02,F
024DA:  RLCF   01,F
024DC:  DECFSZ 00,F
024DE:  BRA    24C8
024E0:  BCF    01.7
024E2:  BTFSC  x71.0
024E4:  BSF    01.7
024E6:  MOVLB  0
024E8:  RETURN 0
024EA:  MOVLB  7
024EC:  MOVF   x9C,W
024EE:  BTFSC  FD8.2
024F0:  BRA    263C
024F2:  MOVWF  xA8
024F4:  MOVF   xA0,W
024F6:  BTFSC  FD8.2
024F8:  BRA    263C
024FA:  SUBWF  xA8,F
024FC:  BNC   2508
024FE:  MOVLW  7F
02500:  ADDWF  xA8,F
02502:  BTFSC  FD8.0
02504:  BRA    263C
02506:  BRA    2514
02508:  MOVLW  81
0250A:  SUBWF  xA8,F
0250C:  BTFSS  FD8.0
0250E:  BRA    263C
02510:  BTFSC  FD8.2
02512:  BRA    263C
02514:  MOVFF  7A8,00
02518:  CLRF   01
0251A:  CLRF   02
0251C:  CLRF   03
0251E:  CLRF   xA7
02520:  MOVFF  79D,7A6
02524:  BSF    xA6.7
02526:  MOVFF  79E,7A5
0252A:  MOVFF  79F,7A4
0252E:  MOVLW  19
02530:  MOVWF  xA8
02532:  MOVF   xA3,W
02534:  SUBWF  xA4,F
02536:  BC    2552
02538:  MOVLW  01
0253A:  SUBWF  xA5,F
0253C:  BC    2552
0253E:  SUBWF  xA6,F
02540:  BC    2552
02542:  SUBWF  xA7,F
02544:  BC    2552
02546:  INCF   xA7,F
02548:  INCF   xA6,F
0254A:  INCF   xA5,F
0254C:  MOVF   xA3,W
0254E:  ADDWF  xA4,F
02550:  BRA    25A2
02552:  MOVF   xA2,W
02554:  SUBWF  xA5,F
02556:  BC    257C
02558:  MOVLW  01
0255A:  SUBWF  xA6,F
0255C:  BC    257C
0255E:  SUBWF  xA7,F
02560:  BC    257C
02562:  INCF   xA7,F
02564:  INCF   xA6,F
02566:  MOVF   xA2,W
02568:  ADDWF  xA5,F
0256A:  MOVF   xA3,W
0256C:  ADDWF  xA4,F
0256E:  BNC   25A2
02570:  INCF   xA5,F
02572:  BNZ   25A2
02574:  INCF   xA6,F
02576:  BNZ   25A2
02578:  INCF   xA7,F
0257A:  BRA    25A2
0257C:  MOVF   xA1,W
0257E:  IORLW  80
02580:  SUBWF  xA6,F
02582:  BC    25A0
02584:  MOVLW  01
02586:  SUBWF  xA7,F
02588:  BC    25A0
0258A:  INCF   xA7,F
0258C:  MOVF   xA1,W
0258E:  IORLW  80
02590:  ADDWF  xA6,F
02592:  MOVF   xA2,W
02594:  ADDWF  xA5,F
02596:  BNC   256A
02598:  INCF   xA6,F
0259A:  BNZ   256A
0259C:  INCF   xA7,F
0259E:  BRA    256A
025A0:  BSF    03.0
025A2:  DECFSZ xA8,F
025A4:  BRA    25A8
025A6:  BRA    25BE
025A8:  BCF    FD8.0
025AA:  RLCF   xA4,F
025AC:  RLCF   xA5,F
025AE:  RLCF   xA6,F
025B0:  RLCF   xA7,F
025B2:  BCF    FD8.0
025B4:  RLCF   03,F
025B6:  RLCF   02,F
025B8:  RLCF   01,F
025BA:  RLCF   xA9,F
025BC:  BRA    2532
025BE:  BTFSS  xA9.0
025C0:  BRA    25CE
025C2:  BCF    FD8.0
025C4:  RRCF   01,F
025C6:  RRCF   02,F
025C8:  RRCF   03,F
025CA:  RRCF   xA9,F
025CC:  BRA    25D2
025CE:  DECF   00,F
025D0:  BZ    263C
025D2:  BTFSC  xA9.7
025D4:  BRA    2612
025D6:  BCF    FD8.0
025D8:  RLCF   xA4,F
025DA:  RLCF   xA5,F
025DC:  RLCF   xA6,F
025DE:  RLCF   xA7,F
025E0:  MOVF   xA3,W
025E2:  SUBWF  xA4,F
025E4:  BC    25F4
025E6:  MOVLW  01
025E8:  SUBWF  xA5,F
025EA:  BC    25F4
025EC:  SUBWF  xA6,F
025EE:  BC    25F4
025F0:  SUBWF  xA7,F
025F2:  BNC   2628
025F4:  MOVF   xA2,W
025F6:  SUBWF  xA5,F
025F8:  BC    2604
025FA:  MOVLW  01
025FC:  SUBWF  xA6,F
025FE:  BC    2604
02600:  SUBWF  xA7,F
02602:  BNC   2628
02604:  MOVF   xA1,W
02606:  IORLW  80
02608:  SUBWF  xA6,F
0260A:  BC    2612
0260C:  MOVLW  01
0260E:  SUBWF  xA7,F
02610:  BNC   2628
02612:  INCF   03,F
02614:  BNZ   2628
02616:  INCF   02,F
02618:  BNZ   2628
0261A:  INCF   01,F
0261C:  BNZ   2628
0261E:  INCF   00,F
02620:  BZ    263C
02622:  RRCF   01,F
02624:  RRCF   02,F
02626:  RRCF   03,F
02628:  MOVFF  79D,7A8
0262C:  MOVF   xA1,W
0262E:  XORWF  xA8,F
02630:  BTFSS  xA8.7
02632:  BRA    2638
02634:  BSF    01.7
02636:  BRA    2644
02638:  BCF    01.7
0263A:  BRA    2644
0263C:  CLRF   00
0263E:  CLRF   01
02640:  CLRF   02
02642:  CLRF   03
02644:  MOVLB  0
02646:  RETURN 0
*
02E02:  ADDWF  FE8,W
02E04:  CLRF   FF7
02E06:  RLCF   FF7,F
02E08:  ADDLW  1D
02E0A:  MOVWF  FF6
02E0C:  MOVLW  2E
02E0E:  ADDWFC FF7,F
02E10:  TBLRD*-
02E12:  MOVF   FF5,W
02E14:  MOVWF  FFA
02E16:  TBLRD*
02E18:  MOVF   FF5,W
02E1A:  MOVWF  FF9
02E1C:  DATA 0A,2D
02E1E:  DATA 24,2D
02E20:  DATA 78,2D
02E22:  DATA DC,2D
02E24:  MOVLW  8E
02E26:  MOVWF  00
02E28:  MOVFF  79A,01
02E2C:  MOVFF  799,02
02E30:  CLRF   03
02E32:  BTFSS  01.7
02E34:  BRA    2E40
02E36:  COMF   01,F
02E38:  COMF   02,F
02E3A:  INCF   02,F
02E3C:  BNZ   2E40
02E3E:  INCF   01,F
02E40:  MOVF   01,F
02E42:  BNZ   2E56
02E44:  MOVFF  02,01
02E48:  CLRF   02
02E4A:  MOVLW  08
02E4C:  SUBWF  00,F
02E4E:  MOVF   01,F
02E50:  BNZ   2E56
02E52:  CLRF   00
02E54:  BRA    2E72
02E56:  BCF    FD8.0
02E58:  BTFSC  01.7
02E5A:  BRA    2E64
02E5C:  RLCF   02,F
02E5E:  RLCF   01,F
02E60:  DECF   00,F
02E62:  BRA    2E56
02E64:  MOVLB  7
02E66:  BTFSS  x9A.7
02E68:  BRA    2E6E
02E6A:  MOVLB  0
02E6C:  BRA    2E72
02E6E:  BCF    01.7
02E70:  MOVLB  0
02E72:  RETURN 0
02E74:  MOVLW  8E
02E76:  MOVWF  00
02E78:  MOVFF  7A8,01
02E7C:  MOVFF  7A7,02
02E80:  CLRF   03
02E82:  MOVF   01,F
02E84:  BNZ   2E98
02E86:  MOVFF  02,01
02E8A:  CLRF   02
02E8C:  MOVLW  08
02E8E:  SUBWF  00,F
02E90:  MOVF   01,F
02E92:  BNZ   2E98
02E94:  CLRF   00
02E96:  BRA    2EA8
02E98:  BCF    FD8.0
02E9A:  BTFSC  01.7
02E9C:  BRA    2EA6
02E9E:  RLCF   02,F
02EA0:  RLCF   01,F
02EA2:  DECF   00,F
02EA4:  BRA    2E98
02EA6:  BCF    01.7
02EA8:  RETURN 0
*
05746:  ADDWF  FE8,W
05748:  CLRF   FF7
0574A:  RLCF   FF7,F
0574C:  ADDLW  61
0574E:  MOVWF  FF6
05750:  MOVLW  57
05752:  ADDWFC FF7,F
05754:  TBLRD*-
05756:  MOVF   FF5,W
05758:  MOVWF  FFA
0575A:  TBLRD*
0575C:  MOVF   FF5,W
0575E:  MOVWF  FF9
05760:  DATA E2,51
05762:  DATA A8,52
05764:  DATA 6E,53
05766:  DATA 34,54
05768:  DATA FA,54
0576A:  DATA C0,55
0576C:  DATA 86,56
*
057F2:  MOVF   FEF,F
057F4:  BZ    581A
057F6:  MOVFF  FEA,751
057FA:  MOVFF  FE9,750
057FE:  MOVF   FEF,W
05800:  MOVLB  E
05802:  BTFSS  xC8.4
05804:  BRA    5802
05806:  MOVWF  F99
05808:  MOVFF  751,FEA
0580C:  MOVFF  750,FE9
05810:  INCF   FE9,F
05812:  BTFSC  FD8.2
05814:  INCF   FEA,F
05816:  MOVLB  0
05818:  BRA    57F2
0581A:  GOTO   583A (RETURN)
*
05DC6:  MOVFF  57A,FEA
05DCA:  MOVFF  579,FE9
05DCE:  MOVFF  79D,FEF
05DD2:  INCF   FE9,F
05DD4:  BTFSC  FD8.2
05DD6:  INCF   FEA,F
05DD8:  CLRF   FEF
05DDA:  MOVLB  5
05DDC:  INCF   x79,F
05DDE:  BTFSC  FD8.2
05DE0:  INCF   x7A,F
05DE2:  MOVLB  0
05DE4:  RETURN 0
05DE6:  MOVF   FEF,F
05DE8:  BZ    5E08
05DEA:  MOVFF  FEA,755
05DEE:  MOVFF  FE9,754
05DF2:  MOVFF  FEF,79D
05DF6:  RCALL  5DC6
05DF8:  MOVFF  755,FEA
05DFC:  MOVFF  754,FE9
05E00:  INCF   FE9,F
05E02:  BTFSC  FD8.2
05E04:  INCF   FEA,F
05E06:  BRA    5DE6
05E08:  RETURN 0
*
05EBC:  TBLRD*+
05EBE:  MOVF   FF5,F
05EC0:  BZ    5EDA
05EC2:  MOVFF  FF6,75B
05EC6:  MOVFF  FF7,75C
05ECA:  MOVFF  FF5,79D
05ECE:  RCALL  5DC6
05ED0:  MOVFF  75B,FF6
05ED4:  MOVFF  75C,FF7
05ED8:  BRA    5EBC
05EDA:  RETURN 0
*
06008:  MOVLB  7
0600A:  MOVF   xBE,W
0600C:  XORWF  xC0,W
0600E:  ANDLW  80
06010:  MOVWF  xC2
06012:  BTFSS  xBE.7
06014:  BRA    6020
06016:  COMF   xBD,F
06018:  COMF   xBE,F
0601A:  INCF   xBD,F
0601C:  BTFSC  FD8.2
0601E:  INCF   xBE,F
06020:  BTFSS  xC0.7
06022:  BRA    602E
06024:  COMF   xBF,F
06026:  COMF   xC0,F
06028:  INCF   xBF,F
0602A:  BTFSC  FD8.2
0602C:  INCF   xC0,F
0602E:  MOVF   xBD,W
06030:  MULWF  xBF
06032:  MOVFF  FF3,01
06036:  MOVFF  FF4,00
0603A:  MULWF  xC0
0603C:  MOVF   FF3,W
0603E:  ADDWF  00,F
06040:  MOVF   xBE,W
06042:  MULWF  xBF
06044:  MOVF   FF3,W
06046:  ADDWFC 00,W
06048:  MOVWF  02
0604A:  BTFSS  xC2.7
0604C:  BRA    6058
0604E:  COMF   01,F
06050:  COMF   02,F
06052:  INCF   01,F
06054:  BTFSC  FD8.2
06056:  INCF   02,F
06058:  MOVLB  0
0605A:  GOTO   62EE (RETURN)
*
063B2:  MOVLW  20
063B4:  MOVLB  7
063B6:  BTFSS  x8E.4
063B8:  MOVLW  30
063BA:  MOVWF  x8F
063BC:  MOVFF  78D,00
063C0:  BTFSS  00.7
063C2:  BRA    63D4
063C4:  COMF   00,F
063C6:  INCF   00,F
063C8:  MOVFF  00,78D
063CC:  MOVLW  2D
063CE:  MOVWF  x8F
063D0:  BSF    x8E.7
063D2:  BSF    x8E.0
063D4:  MOVF   01,W
063D6:  MOVFF  78D,796
063DA:  MOVLW  64
063DC:  MOVWF  x97
063DE:  MOVLB  0
063E0:  CALL   0980
063E4:  MOVFF  00,78D
063E8:  MOVLW  30
063EA:  ADDWF  01,W
063EC:  MOVLB  7
063EE:  MOVWF  x90
063F0:  MOVFF  78D,796
063F4:  MOVLW  0A
063F6:  MOVWF  x97
063F8:  MOVLB  0
063FA:  CALL   0980
063FE:  MOVLW  30
06400:  ADDWF  00,W
06402:  MOVLB  7
06404:  MOVWF  x92
06406:  MOVLW  30
06408:  ADDWF  01,W
0640A:  MOVWF  x91
0640C:  MOVFF  78F,00
06410:  MOVLW  30
06412:  SUBWF  x90,W
06414:  BZ    641E
06416:  BSF    x8E.1
06418:  BTFSC  x8E.7
0641A:  BSF    x8E.2
0641C:  BRA    6442
0641E:  MOVFF  78F,790
06422:  MOVLW  20
06424:  MOVWF  x8F
06426:  MOVLW  30
06428:  SUBWF  x91,W
0642A:  BZ    6434
0642C:  BSF    x8E.0
0642E:  BTFSC  x8E.7
06430:  BSF    x8E.1
06432:  BRA    6442
06434:  BTFSS  FD8.2
06436:  BSF    x8E.0
06438:  BNZ   6442
0643A:  MOVFF  790,791
0643E:  MOVLW  20
06440:  MOVWF  x90
06442:  BTFSC  x8E.2
06444:  BRA    6450
06446:  BTFSC  x8E.1
06448:  BRA    6458
0644A:  BTFSC  x8E.0
0644C:  BRA    6460
0644E:  BRA    6468
06450:  MOVFF  78F,79D
06454:  MOVLB  0
06456:  RCALL  5DC6
06458:  MOVFF  790,79D
0645C:  MOVLB  0
0645E:  RCALL  5DC6
06460:  MOVFF  791,79D
06464:  MOVLB  0
06466:  RCALL  5DC6
06468:  MOVFF  792,79D
0646C:  MOVLB  0
0646E:  RCALL  5DC6
06470:  RETURN 0
*
067B2:  TBLRD*+
067B4:  MOVFF  FF6,766
067B8:  MOVFF  FF7,767
067BC:  MOVFF  FF5,79D
067C0:  CALL   5DC6
067C4:  MOVFF  766,FF6
067C8:  MOVFF  767,FF7
067CC:  MOVLB  7
067CE:  DECFSZ x65,F
067D0:  BRA    67D4
067D2:  BRA    67D8
067D4:  MOVLB  0
067D6:  BRA    67B2
067D8:  MOVLB  0
067DA:  RETURN 0
*
06B6E:  MOVLB  7
06B70:  MOVF   x9D,W
06B72:  SUBLW  B6
06B74:  MOVWF  x9D
06B76:  CLRF   03
06B78:  MOVFF  79E,7A1
06B7C:  BSF    x9E.7
06B7E:  BCF    FD8.0
06B80:  RRCF   x9E,F
06B82:  RRCF   x9F,F
06B84:  RRCF   xA0,F
06B86:  RRCF   03,F
06B88:  RRCF   02,F
06B8A:  RRCF   01,F
06B8C:  RRCF   00,F
06B8E:  DECFSZ x9D,F
06B90:  BRA    6B7E
06B92:  BTFSS  xA1.7
06B94:  BRA    6BAC
06B96:  COMF   00,F
06B98:  COMF   01,F
06B9A:  COMF   02,F
06B9C:  COMF   03,F
06B9E:  INCF   00,F
06BA0:  BTFSC  FD8.2
06BA2:  INCF   01,F
06BA4:  BTFSC  FD8.2
06BA6:  INCF   02,F
06BA8:  BTFSC  FD8.2
06BAA:  INCF   03,F
06BAC:  MOVLB  0
06BAE:  RETURN 0
06BB0:  BTFSC  FD8.1
06BB2:  BRA    6BBC
06BB4:  MOVLW  07
06BB6:  MOVWF  FEA
06BB8:  MOVLW  A5
06BBA:  MOVWF  FE9
06BBC:  CLRF   00
06BBE:  CLRF   01
06BC0:  CLRF   02
06BC2:  CLRF   03
06BC4:  MOVLB  7
06BC6:  CLRF   xA5
06BC8:  CLRF   xA6
06BCA:  CLRF   xA7
06BCC:  CLRF   xA8
06BCE:  MOVF   xA4,W
06BD0:  IORWF  xA3,W
06BD2:  IORWF  xA2,W
06BD4:  IORWF  xA1,W
06BD6:  BZ    6C30
06BD8:  MOVLW  20
06BDA:  MOVWF  xA9
06BDC:  BCF    FD8.0
06BDE:  RLCF   x9D,F
06BE0:  RLCF   x9E,F
06BE2:  RLCF   x9F,F
06BE4:  RLCF   xA0,F
06BE6:  RLCF   xA5,F
06BE8:  RLCF   xA6,F
06BEA:  RLCF   xA7,F
06BEC:  RLCF   xA8,F
06BEE:  MOVF   xA4,W
06BF0:  SUBWF  xA8,W
06BF2:  BNZ   6C04
06BF4:  MOVF   xA3,W
06BF6:  SUBWF  xA7,W
06BF8:  BNZ   6C04
06BFA:  MOVF   xA2,W
06BFC:  SUBWF  xA6,W
06BFE:  BNZ   6C04
06C00:  MOVF   xA1,W
06C02:  SUBWF  xA5,W
06C04:  BNC   6C24
06C06:  MOVF   xA1,W
06C08:  SUBWF  xA5,F
06C0A:  MOVF   xA2,W
06C0C:  BTFSS  FD8.0
06C0E:  INCFSZ xA2,W
06C10:  SUBWF  xA6,F
06C12:  MOVF   xA3,W
06C14:  BTFSS  FD8.0
06C16:  INCFSZ xA3,W
06C18:  SUBWF  xA7,F
06C1A:  MOVF   xA4,W
06C1C:  BTFSS  FD8.0
06C1E:  INCFSZ xA4,W
06C20:  SUBWF  xA8,F
06C22:  BSF    FD8.0
06C24:  RLCF   00,F
06C26:  RLCF   01,F
06C28:  RLCF   02,F
06C2A:  RLCF   03,F
06C2C:  DECFSZ xA9,F
06C2E:  BRA    6BDC
06C30:  MOVFF  7A5,FEF
06C34:  MOVFF  7A6,FEC
06C38:  MOVFF  7A7,FEC
06C3C:  MOVFF  7A8,FEC
06C40:  MOVLB  0
06C42:  RETURN 0
06C44:  MOVF   FE9,W
06C46:  MOVLB  7
06C48:  MOVWF  x95
06C4A:  MOVF   x94,W
06C4C:  MOVWF  x97
06C4E:  BZ    6C88
06C50:  MOVFF  793,7A6
06C54:  MOVFF  792,7A5
06C58:  MOVFF  791,7A4
06C5C:  MOVFF  790,7A3
06C60:  CLRF   xAA
06C62:  CLRF   xA9
06C64:  MOVLW  20
06C66:  MOVWF  xA8
06C68:  MOVLW  82
06C6A:  MOVWF  xA7
06C6C:  MOVLB  0
06C6E:  CALL   11FA
06C72:  MOVFF  03,793
06C76:  MOVFF  02,792
06C7A:  MOVFF  01,791
06C7E:  MOVFF  00,790
06C82:  MOVLB  7
06C84:  DECFSZ x97,F
06C86:  BRA    6C50
06C88:  MOVFF  793,7A0
06C8C:  MOVFF  792,79F
06C90:  MOVFF  791,79E
06C94:  MOVFF  790,79D
06C98:  MOVLB  0
06C9A:  RCALL  6B6E
06C9C:  MOVFF  03,793
06CA0:  MOVFF  02,792
06CA4:  MOVFF  01,791
06CA8:  MOVFF  00,790
06CAC:  MOVLB  7
06CAE:  BTFSS  x93.7
06CB0:  BRA    6CCC
06CB2:  DECF   x95,F
06CB4:  BSF    x95.5
06CB6:  COMF   x90,F
06CB8:  COMF   x91,F
06CBA:  COMF   x92,F
06CBC:  COMF   x93,F
06CBE:  INCF   x90,F
06CC0:  BTFSC  FD8.2
06CC2:  INCF   x91,F
06CC4:  BTFSC  FD8.2
06CC6:  INCF   x92,F
06CC8:  BTFSC  FD8.2
06CCA:  INCF   x93,F
06CCC:  MOVLW  3B
06CCE:  MOVWF  x9C
06CD0:  MOVLW  9A
06CD2:  MOVWF  x9B
06CD4:  MOVLW  CA
06CD6:  MOVWF  x9A
06CD8:  CLRF   x99
06CDA:  MOVLW  0A
06CDC:  MOVWF  x97
06CDE:  MOVF   x94,W
06CE0:  BTFSC  FD8.2
06CE2:  INCF   x95,F
06CE4:  BSF    FD8.1
06CE6:  MOVLW  07
06CE8:  MOVWF  FEA
06CEA:  MOVLW  90
06CEC:  MOVWF  FE9
06CEE:  MOVFF  793,7A0
06CF2:  MOVFF  792,79F
06CF6:  MOVFF  791,79E
06CFA:  MOVFF  790,79D
06CFE:  MOVFF  79C,7A4
06D02:  MOVFF  79B,7A3
06D06:  MOVFF  79A,7A2
06D0A:  MOVFF  799,7A1
06D0E:  MOVLB  0
06D10:  RCALL  6BB0
06D12:  MOVF   01,W
06D14:  MOVF   00,F
06D16:  BNZ   6D3E
06D18:  MOVLB  7
06D1A:  INCF   x94,W
06D1C:  SUBWF  x97,W
06D1E:  BTFSS  FD8.2
06D20:  BRA    6D26
06D22:  MOVLB  0
06D24:  BRA    6D3E
06D26:  MOVF   x95,W
06D28:  BZ    6D44
06D2A:  ANDLW  0F
06D2C:  SUBWF  x97,W
06D2E:  BZ    6D32
06D30:  BC    6DBA
06D32:  BTFSC  x95.7
06D34:  BRA    6DBA
06D36:  BTFSC  x95.6
06D38:  BRA    6D44
06D3A:  MOVLW  20
06D3C:  BRA    6DAC
06D3E:  MOVLW  20
06D40:  MOVLB  7
06D42:  ANDWF  x95,F
06D44:  BTFSS  x95.5
06D46:  BRA    6D66
06D48:  BCF    x95.5
06D4A:  MOVF   x94,W
06D4C:  BTFSS  FD8.2
06D4E:  DECF   x95,F
06D50:  MOVF   00,W
06D52:  MOVWF  x95
06D54:  MOVLW  2D
06D56:  MOVWF  x9D
06D58:  MOVLB  0
06D5A:  CALL   5DC6
06D5E:  MOVLB  7
06D60:  MOVF   x95,W
06D62:  MOVWF  00
06D64:  CLRF   x95
06D66:  MOVF   x94,W
06D68:  SUBWF  x97,W
06D6A:  BNZ   6D86
06D6C:  MOVF   00,W
06D6E:  MOVWF  x95
06D70:  MOVLW  2E
06D72:  MOVWF  x9D
06D74:  MOVLB  0
06D76:  CALL   5DC6
06D7A:  MOVLB  7
06D7C:  MOVF   x95,W
06D7E:  MOVWF  00
06D80:  MOVLW  20
06D82:  ANDWF  x95,F
06D84:  MOVLW  00
06D86:  MOVLW  30
06D88:  BTFSS  x95.5
06D8A:  BRA    6DAC
06D8C:  BCF    x95.5
06D8E:  MOVF   x94,W
06D90:  BTFSS  FD8.2
06D92:  DECF   x95,F
06D94:  MOVF   00,W
06D96:  MOVWF  x95
06D98:  MOVLW  2D
06D9A:  MOVWF  x9D
06D9C:  MOVLB  0
06D9E:  CALL   5DC6
06DA2:  MOVLB  7
06DA4:  MOVF   x95,W
06DA6:  MOVWF  00
06DA8:  CLRF   x95
06DAA:  MOVLW  30
06DAC:  ADDWF  00,F
06DAE:  MOVFF  00,79D
06DB2:  MOVLB  0
06DB4:  CALL   5DC6
06DB8:  MOVLB  7
06DBA:  BCF    FD8.1
06DBC:  MOVFF  79C,7A0
06DC0:  MOVFF  79B,79F
06DC4:  MOVFF  79A,79E
06DC8:  MOVFF  799,79D
06DCC:  CLRF   xA4
06DCE:  CLRF   xA3
06DD0:  CLRF   xA2
06DD2:  MOVLW  0A
06DD4:  MOVWF  xA1
06DD6:  MOVLB  0
06DD8:  RCALL  6BB0
06DDA:  MOVFF  03,79C
06DDE:  MOVFF  02,79B
06DE2:  MOVFF  01,79A
06DE6:  MOVFF  00,799
06DEA:  MOVLB  7
06DEC:  DECFSZ x97,F
06DEE:  BRA    6CE4
06DF0:  MOVLB  0
06DF2:  RETURN 0
*
09BD0:  MOVF   FE9,W
09BD2:  MOVLB  7
09BD4:  MOVWF  x8A
09BD6:  BTFSS  x89.7
09BD8:  BRA    9BF4
09BDA:  DECF   x8A,F
09BDC:  BSF    x8A.5
09BDE:  COMF   x86,F
09BE0:  COMF   x87,F
09BE2:  COMF   x88,F
09BE4:  COMF   x89,F
09BE6:  INCF   x86,F
09BE8:  BTFSC  FD8.2
09BEA:  INCF   x87,F
09BEC:  BTFSC  FD8.2
09BEE:  INCF   x88,F
09BF0:  BTFSC  FD8.2
09BF2:  INCF   x89,F
09BF4:  MOVLW  3B
09BF6:  MOVWF  x91
09BF8:  MOVLW  9A
09BFA:  MOVWF  x90
09BFC:  MOVLW  CA
09BFE:  MOVWF  x8F
09C00:  CLRF   x8E
09C02:  MOVLW  0A
09C04:  MOVWF  x8C
09C06:  BSF    FD8.1
09C08:  MOVLW  07
09C0A:  MOVWF  FEA
09C0C:  MOVLW  86
09C0E:  MOVWF  FE9
09C10:  MOVFF  789,7A0
09C14:  MOVFF  788,79F
09C18:  MOVFF  787,79E
09C1C:  MOVFF  786,79D
09C20:  MOVFF  791,7A4
09C24:  MOVFF  790,7A3
09C28:  MOVFF  78F,7A2
09C2C:  MOVFF  78E,7A1
09C30:  MOVLB  0
09C32:  CALL   6BB0
09C36:  MOVF   01,W
09C38:  MOVF   00,F
09C3A:  BNZ   9C62
09C3C:  MOVLB  7
09C3E:  MOVF   x8C,W
09C40:  XORLW  01
09C42:  BTFSS  FD8.2
09C44:  BRA    9C4A
09C46:  MOVLB  0
09C48:  BRA    9C62
09C4A:  MOVF   x8A,W
09C4C:  BZ    9C68
09C4E:  ANDLW  0F
09C50:  SUBWF  x8C,W
09C52:  BZ    9C56
09C54:  BC    9CB2
09C56:  BTFSC  x8A.7
09C58:  BRA    9CB2
09C5A:  BTFSC  x8A.6
09C5C:  BRA    9C68
09C5E:  MOVLW  20
09C60:  BRA    9CA4
09C62:  MOVLW  20
09C64:  MOVLB  7
09C66:  ANDWF  x8A,F
09C68:  BTFSS  x8A.5
09C6A:  BRA    9C84
09C6C:  BCF    x8A.5
09C6E:  MOVFF  00,78A
09C72:  MOVLW  2D
09C74:  MOVWF  x9D
09C76:  MOVLB  0
09C78:  CALL   5DC6
09C7C:  MOVLB  7
09C7E:  MOVFF  78A,00
09C82:  CLRF   x8A
09C84:  MOVLW  30
09C86:  BTFSS  x8A.5
09C88:  BRA    9CA4
09C8A:  BCF    x8A.5
09C8C:  MOVFF  00,78A
09C90:  MOVLW  2D
09C92:  MOVWF  x9D
09C94:  MOVLB  0
09C96:  CALL   5DC6
09C9A:  MOVLB  7
09C9C:  MOVFF  78A,00
09CA0:  CLRF   x8A
09CA2:  MOVLW  30
09CA4:  ADDWF  00,F
09CA6:  MOVFF  00,79D
09CAA:  MOVLB  0
09CAC:  CALL   5DC6
09CB0:  MOVLB  7
09CB2:  BCF    FD8.1
09CB4:  MOVFF  791,7A0
09CB8:  MOVFF  790,79F
09CBC:  MOVFF  78F,79E
09CC0:  MOVFF  78E,79D
09CC4:  CLRF   xA4
09CC6:  CLRF   xA3
09CC8:  CLRF   xA2
09CCA:  MOVLW  0A
09CCC:  MOVWF  xA1
09CCE:  MOVLB  0
09CD0:  CALL   6BB0
09CD4:  MOVFF  03,791
09CD8:  MOVFF  02,790
09CDC:  MOVFF  01,78F
09CE0:  MOVFF  00,78E
09CE4:  MOVLB  7
09CE6:  DECFSZ x8C,F
09CE8:  BRA    9C06
09CEA:  MOVLB  0
09CEC:  RETURN 0
*
0A8BC:  MOVF   01,W
0A8BE:  MOVFF  765,796
0A8C2:  MOVLW  64
0A8C4:  MOVLB  7
0A8C6:  MOVWF  x97
0A8C8:  MOVLB  0
0A8CA:  CALL   0980
0A8CE:  MOVFF  00,765
0A8D2:  MOVF   01,W
0A8D4:  MOVLW  30
0A8D6:  BNZ   A8E8
0A8D8:  MOVLB  7
0A8DA:  BTFSS  x66.1
0A8DC:  BRA    A8FE
0A8DE:  BTFSC  x66.3
0A8E0:  BRA    A8FE
0A8E2:  BTFSC  x66.4
0A8E4:  MOVLW  20
0A8E6:  BRA    A8F0
0A8E8:  MOVLB  7
0A8EA:  BCF    x66.3
0A8EC:  BCF    x66.4
0A8EE:  BSF    x66.0
0A8F0:  ADDWF  01,F
0A8F2:  MOVFF  01,79D
0A8F6:  MOVLB  0
0A8F8:  CALL   5DC6
0A8FC:  MOVLB  7
0A8FE:  MOVFF  765,796
0A902:  MOVLW  0A
0A904:  MOVWF  x97
0A906:  MOVLB  0
0A908:  CALL   0980
0A90C:  MOVFF  00,765
0A910:  MOVF   01,W
0A912:  MOVLW  30
0A914:  BNZ   A926
0A916:  MOVLB  7
0A918:  BTFSC  x66.3
0A91A:  BRA    A932
0A91C:  BTFSS  x66.0
0A91E:  BRA    A932
0A920:  BTFSC  x66.4
0A922:  MOVLW  20
0A924:  MOVLB  0
0A926:  ADDWF  01,F
0A928:  MOVFF  01,79D
0A92C:  CALL   5DC6
0A930:  MOVLB  7
0A932:  MOVLW  30
0A934:  ADDWF  x65,F
0A936:  MOVFF  765,79D
0A93A:  MOVLB  0
0A93C:  CALL   5DC6
0A940:  RETURN 0
*
0AD0A:  MOVFF  FEA,767
0AD0E:  MOVFF  FE9,766
0AD12:  MOVLB  7
0AD14:  SWAPF  x60,W
0AD16:  IORLW  F0
0AD18:  MOVWF  x62
0AD1A:  ADDWF  x62,F
0AD1C:  ADDLW  E2
0AD1E:  MOVWF  x63
0AD20:  ADDLW  32
0AD22:  MOVWF  x65
0AD24:  MOVF   x60,W
0AD26:  ANDLW  0F
0AD28:  ADDWF  x63,F
0AD2A:  ADDWF  x63,F
0AD2C:  ADDWF  x65,F
0AD2E:  ADDLW  E9
0AD30:  MOVWF  x64
0AD32:  ADDWF  x64,F
0AD34:  ADDWF  x64,F
0AD36:  SWAPF  x5F,W
0AD38:  ANDLW  0F
0AD3A:  ADDWF  x64,F
0AD3C:  ADDWF  x65,F
0AD3E:  RLCF   x64,F
0AD40:  RLCF   x65,F
0AD42:  COMF   x65,F
0AD44:  RLCF   x65,F
0AD46:  MOVF   x5F,W
0AD48:  ANDLW  0F
0AD4A:  ADDWF  x65,F
0AD4C:  RLCF   x62,F
0AD4E:  MOVLW  07
0AD50:  MOVWF  x61
0AD52:  MOVLW  0A
0AD54:  DECF   x64,F
0AD56:  ADDWF  x65,F
0AD58:  BNC   AD54
0AD5A:  DECF   x63,F
0AD5C:  ADDWF  x64,F
0AD5E:  BNC   AD5A
0AD60:  DECF   x62,F
0AD62:  ADDWF  x63,F
0AD64:  BNC   AD60
0AD66:  DECF   x61,F
0AD68:  ADDWF  x62,F
0AD6A:  BNC   AD66
0AD6C:  MOVLW  07
0AD6E:  MOVWF  FEA
0AD70:  MOVLW  61
0AD72:  MOVWF  FE9
0AD74:  MOVLW  07
0AD76:  ANDWF  x66,W
0AD78:  BCF    x66.6
0AD7A:  ADDWF  FE9,F
0AD7C:  MOVLW  00
0AD7E:  ADDWFC FEA,F
0AD80:  MOVF   FE9,W
0AD82:  SUBLW  65
0AD84:  BNZ   AD8E
0AD86:  MOVF   FEA,W
0AD88:  SUBLW  07
0AD8A:  BNZ   AD8E
0AD8C:  BSF    x66.6
0AD8E:  MOVF   FEF,W
0AD90:  MOVWF  00
0AD92:  BNZ   ADA4
0AD94:  BTFSC  x66.6
0AD96:  BRA    ADA4
0AD98:  BTFSC  x66.4
0AD9A:  BRA    ADC8
0AD9C:  BTFSC  x66.3
0AD9E:  BRA    ADA4
0ADA0:  MOVLW  20
0ADA2:  BRA    ADAA
0ADA4:  BSF    x66.3
0ADA6:  BCF    x66.4
0ADA8:  MOVLW  30
0ADAA:  ADDWF  00,F
0ADAC:  MOVFF  FEA,760
0ADB0:  MOVFF  FE9,75F
0ADB4:  MOVFF  00,79D
0ADB8:  MOVLB  0
0ADBA:  CALL   5DC6
0ADBE:  MOVFF  760,FEA
0ADC2:  MOVFF  75F,FE9
0ADC6:  MOVLB  7
0ADC8:  MOVF   FEE,W
0ADCA:  BTFSS  x66.6
0ADCC:  BRA    AD80
0ADCE:  MOVLB  0
0ADD0:  RETURN 0
.................... 
.................... #list
.................... 
.................... 
.................... #device ADC=10
.................... #device HIGH_INTS=TRUE
.................... //!#FUSES WDT                      //Watch Dog Timer
.................... //!#FUSES WDT4096                  //Watch Dog Timer uses 1:4096 Postscale
.................... 
.................... #use delay(internal=64000000)
*
00516:  MOVLW  07
00518:  MOVWF  FEA
0051A:  MOVLW  5C
0051C:  MOVWF  FE9
0051E:  MOVF   FEF,W
00520:  BZ    053E
00522:  MOVLW  14
00524:  MOVWF  01
00526:  CLRF   00
00528:  DECFSZ 00,F
0052A:  BRA    0528
0052C:  DECFSZ 01,F
0052E:  BRA    0526
00530:  MOVLW  BF
00532:  MOVWF  00
00534:  DECFSZ 00,F
00536:  BRA    0534
00538:  BRA    053A
0053A:  DECFSZ FEF,F
0053C:  BRA    0522
0053E:  RETURN 0
*
007EA:  MOVLW  01
007EC:  MOVLB  7
007EE:  SUBWF  x59,F
007F0:  BNC   080A
007F2:  MOVLW  07
007F4:  MOVWF  FEA
007F6:  MOVLW  59
007F8:  MOVWF  FE9
007FA:  MOVF   FEF,W
007FC:  BZ    080A
007FE:  MOVLW  04
00800:  MOVWF  00
00802:  DECFSZ 00,F
00804:  BRA    0802
00806:  DECFSZ FEF,F
00808:  BRA    07FE
0080A:  MOVLB  0
0080C:  RETURN 0
.................... #define baudRate 128000
.................... #define numChannels 2
.................... 
.................... #define version  "20260407" // SW Version
.................... #define serialID "0000"     // Unique Serial ID
.................... #define magPP 1             // Magnetoresistive Sensor Pole Pitch in mm   
.................... #define gainLvl 1           // 1, 2, 4, 8, 16, 32, 64, 128
.................... 
.................... 
.................... #include <io.h>
.................... #ifndef IO
.................... #define IO
.................... 
.................... #use FIXED_IO( A_outputs=PIN_A5,PIN_A4 )
.................... #use FIXED_IO( B_outputs=PIN_B7,PIN_B6,PIN_B5,PIN_B4,PIN_B3,PIN_B1,PIN_B0 )
.................... #use FIXED_IO( C_outputs=PIN_C6,PIN_C5,PIN_C3,PIN_C2 )
.................... #use FIXED_IO( D_outputs=PIN_D7,PIN_D6,PIN_D5 )
.................... #use FIXED_IO( E_outputs=PIN_E2,PIN_E1,PIN_E0 )
.................... 
.................... #define A0           PIN_A0
.................... #define A1           PIN_A1
.................... #define A2           PIN_A2
.................... #define A3           PIN_A3
.................... #define _CS_ACC1     PIN_A4
.................... #define _CS_ACC0     PIN_A5
.................... #define MON_N15V     PIN_A6
.................... 
.................... #define _CS_YCOS     PIN_B0
.................... #define SCLK_B       PIN_B1
.................... #define MISO_B       PIN_B2
.................... #define MOSI_B       PIN_B3
.................... #define INV_HVX      PIN_B4
.................... #define INV_HVY      PIN_B5
.................... 
.................... #define MON_200V     PIN_C0
.................... #define MON_3V6X     PIN_C1
.................... #define MOSI_A       PIN_C2
.................... #define SCLK_A       PIN_C3
.................... #define MISO_A       PIN_C4
.................... #define TX_ENABLE    PIN_C5
.................... #define TX_PIN       PIN_C6
.................... #define RX_PIN       PIN_C7
.................... 
.................... #define MON_5V6      PIN_D0
.................... #define MON_5VA      PIN_D1
.................... #define MON_3V3D     PIN_D2
.................... #define MON_3V3A     PIN_D3
.................... #define RS485_FLT    PIN_D4
.................... #define _CS_XSIN     PIN_D5
.................... #define _CS_XCOS     PIN_D6
.................... #define _CS_YSIN     PIN_D7
.................... 
.................... #define EN_EXC       PIN_E0
.................... #define _SYNC_Y      PIN_E1
.................... #define _SYNC_X      PIN_E2
.................... 
.................... #pin_select U1TX = PIN_C6
.................... #pin_select U1RX = PIN_C7
.................... 
.................... // initialization states
.................... #define portA_reset 0x00
.................... #define portB_reset 0x00
.................... #define portC_reset 0x00
.................... #define portD_reset 0x00
.................... #define portE_reset 0x00
.................... 
.................... #define portA_pullups 0xFF
.................... #define portB_pullups 0x00
.................... #define portC_pullups 0x00
.................... #define portD_pullups 0xFF
.................... #define portE_pullups 0x00
.................... 
.................... /*****************************************************************************/
.................... /* INITIALIZE IO                                                             */
.................... /*****************************************************************************/
.................... void IO_init()
.................... {
....................    output_a(portA_reset);
*
00480:  MOVLW  CF
00482:  MOVWF  F87
00484:  CLRF   F82
....................    output_b(portB_reset);
00486:  MOVLW  04
00488:  MOVWF  F88
0048A:  CLRF   F83
....................    output_c(portC_reset);
0048C:  MOVLW  93
0048E:  MOVWF  F89
00490:  CLRF   F84
....................    output_d(portD_reset);
00492:  MOVLW  1F
00494:  MOVWF  F8A
00496:  CLRF   F85
....................    output_e(portE_reset);
00498:  BCF    F8B.0
0049A:  BCF    F8B.1
0049C:  BCF    F8B.2
0049E:  BCF    F8B.3
004A0:  CLRF   F86
....................    
....................    port_a_pullups(portA_pullups);
004A2:  MOVLB  F
004A4:  SETF   x0B
....................    port_b_pullups(portB_pullups);
004A6:  CLRF   x13
....................    port_c_pullups(portC_pullups);
004A8:  CLRF   x1B
....................    port_d_pullups(portD_pullups);
004AA:  SETF   x20
....................    port_e_pullups(portE_pullups);
004AC:  CLRF   x28
....................    
....................    set_analog_pins(MON_N15V, MON_200V, MON_5V6, MON_5VA, MON_3V6X, MON_3V3A, MON_3V3D);
004AE:  MOVLW  40
004B0:  MOVWF  x0C
004B2:  CLRF   x14
004B4:  MOVLW  03
004B6:  MOVWF  x1C
004B8:  MOVLW  0F
004BA:  MOVWF  x21
004BC:  CLRF   x29
004BE:  MOVLB  0
004C0:  GOTO   B824 (RETURN)
.................... }
.................... 
.................... #endif
.................... 
.................... #include <parameters.h>
.................... #ifndef parameters
.................... #define parameters
.................... 
.................... //#define use_ext_eeprom
.................... 
.................... /*****************************************************************************/
.................... /*****************************************************************************/
.................... /* PARAMETERS                                                                */
.................... /* Global parameters used by all routines                                    */
.................... /* These defaults are defined below. On first boot, they will be stored in   */
.................... /* EEProm. On subsequent boots, they will be reloaded from EEProm. Any       */
.................... /* configuation changes will be changed in EEprom, hence will be restored on */
.................... /* subsequent boot. All params start at page boundaries!!                    */
.................... /*****************************************************************************/
.................... /*****************************************************************************/
.................... #include <stddef.h>
.................... ///////////////////////////////////////////////////////////////////////////
.................... ////        (C) Copyright 1996,2003 Custom Computer Services           ////
.................... //// This source code may only be used by licensed users of the CCS C  ////
.................... //// compiler.  This source code may only be distributed to other      ////
.................... //// licensed users of the CCS C compiler.  No other use, reproduction ////
.................... //// or distribution is permitted without written permission.          ////
.................... //// Derivative programs created using this software in object code    ////
.................... //// form are not restricted in any way.                               ////
.................... ///////////////////////////////////////////////////////////////////////////
.................... 
.................... #ifndef _STDDEF
.................... 
.................... #define _STDDEF
.................... 
.................... #if sizeof(unsigned int8 *)==1
.................... #define ptrdiff_t unsigned int8
.................... #else
.................... #define ptrdiff_t unsigned int16
.................... #endif
.................... 
.................... #if defined(__PCB__) || defined(__PCM__)
.................... #define size_t unsigned int8
.................... #else
.................... #define size_t unsigned int16
.................... #endif
.................... #define wchar_t unsigned char
.................... #define NULL 0
.................... 
.................... #define offsetof(s,f) (offsetofbit(s,f)/8)
.................... 
.................... #endif
.................... 
.................... #include <stdlib.h>
.................... ///////////////////////////////////////////////////////////////////////////
.................... ////        (C) Copyright 1996,2007 Custom Computer Services           ////
.................... //// This source code may only be used by licensed users of the CCS C  ////
.................... //// compiler.  This source code may only be distributed to other      ////
.................... //// licensed users of the CCS C compiler.  No other use, reproduction ////
.................... //// or distribution is permitted without written permission.          ////
.................... //// Derivative programs created using this software in object code    ////
.................... //// form are not restricted in any way.                               ////
.................... ///////////////////////////////////////////////////////////////////////////
.................... 
.................... 
.................... #ifndef _STDLIB
.................... #define _STDLIB
.................... 
.................... //---------------------------------------------------------------------------
.................... // Definitions and types
.................... //---------------------------------------------------------------------------
.................... 
.................... #ifndef RAND_MAX
.................... #define RAND_MAX  32767    // The value of which is the maximum value
....................                            // ... returned by the rand function
.................... #endif
.................... 
.................... 
.................... #IF (sizeof(int16*)>1)
.................... #DEFINE LONG_POINTERS 1
.................... #ELSE 
.................... #DEFINE LONG_POINTERS 0
.................... #ENDIF
.................... 
.................... typedef struct {
....................    signed int quot;
....................    signed int rem;
.................... } div_t;
.................... 
.................... typedef struct {
....................    signed long quot;
....................    signed long rem;
.................... } ldiv_t;
.................... 
.................... #include <stddef.h>
.................... ///////////////////////////////////////////////////////////////////////////
.................... ////        (C) Copyright 1996,2003 Custom Computer Services           ////
.................... //// This source code may only be used by licensed users of the CCS C  ////
.................... //// compiler.  This source code may only be distributed to other      ////
.................... //// licensed users of the CCS C compiler.  No other use, reproduction ////
.................... //// or distribution is permitted without written permission.          ////
.................... //// Derivative programs created using this software in object code    ////
.................... //// form are not restricted in any way.                               ////
.................... ///////////////////////////////////////////////////////////////////////////
.................... 
.................... #ifndef _STDDEF
.................... 
.................... #define _STDDEF
.................... 
.................... #if sizeof(unsigned int8 *)==1
.................... #define ptrdiff_t unsigned int8
.................... #else
.................... #define ptrdiff_t unsigned int16
.................... #endif
.................... 
.................... #if defined(__PCB__) || defined(__PCM__)
.................... #define size_t unsigned int8
.................... #else
.................... #define size_t unsigned int16
.................... #endif
.................... #define wchar_t unsigned char
.................... #define NULL 0
.................... 
.................... #define offsetof(s,f) (offsetofbit(s,f)/8)
.................... 
.................... #endif
.................... 
.................... 
.................... //---------------------------------------------------------------------------
.................... // String conversion functions
.................... //---------------------------------------------------------------------------
.................... 
.................... /* Standard template: signed int  atoi(char * s)
....................  * converts the initial portion of the string s to a signed int
....................  * returns the converted value if any, 0 otherwise
....................  */
.................... signed int atoi(char *s);
.................... 
.................... /* Syntax: signed int32  atoi32(char * s)
....................    converts the initial portion of the string s to a signed int32
....................    returns the converted value if any, 0 otherwise*/
.................... #if (sizeof(long)==4)
....................  #define atoi32(s) atol(s)
.................... #else 
....................  signed int32 atoi32(char *s);
.................... #endif
.................... 
.................... #if defined(__PCD__)
.................... // The following functions only work on the 24 bit compiler
.................... // for the 30F, 33F, 24F and 24H parts
.................... /* Syntax: signed int48  atoi48(char * s)
....................    converts the initial portion of the string s to a signed int48
....................    returns the converted value if any, 0 otherwise*/
....................    
.................... signed int48 atoi48(char *s);
.................... 
.................... /* Syntax: signed int64  atoi64(char * s)
....................    converts the initial portion of the string s to a signed int64
....................    returns the converted value if any, 0 otherwise*/
.................... signed int64 atoi64(char *s);
.................... #endif
.................... 
.................... /* Syntax: char *  itoa(signed int32 num, int8 base, char * s)
....................    converts the signed int32 to a string and
....................    returns the converted value if any, 0 otherwise*/
.................... char * itoa(signed int32 num, unsigned int base, char * s);
.................... 
.................... /* Standard template: signed int16  atol(char * s)
....................  * converts the initial portion of the string s to a signed int16
....................  * returns the converted value if any, 0 otherwise
....................  */
.................... signed long atol(char *s);
.................... 
.................... /* Standard template: int16 strtoul(char * s,char *endptr,signed int base)
....................  * converts the initial portion of the string s, represented as an
....................  * integral value of radix base  to a signed long.
....................  * Returns the converted value if any, 0 otherwise
....................  * the final string is returned in the endptr, if endptr is not null
....................  */
.................... signed long strtol(char *s,char *endptr, signed int base);
.................... 
.................... /* Standard template: int16 strtoul(char * s,char *endptr,signed int base)
....................  * converts the initial portion of the string s, represented as an
....................  * integral value of radix base to a unsigned long.
....................  * returns the converted value if any, 0 otherwise
....................  * the final string is returned in the endptr, if endptr is not null
....................  */
.................... unsigned long strtoul(char *s,char *endptr, signed int base);
.................... 
.................... /* Standart template: float strtof(char * s,char *endptr)
....................                       float48 strtof48(char *s,char *endptr);
....................                       float64 strtod(char *s,char *endptr);
....................  * converts the initial portion of the string s to a float32, float48 or float64,
....................  * returns the converted value if any, 0 otherwise
....................  * the final string is returned in the endptr, if endptr is not null                   
.................... */
.................... float strtof(char *s,char **endptr);
.................... #if defined(__PCD__)
.................... float48 strtof48(char *s,char **endptr);
.................... float64 strtod(char *s,char **endptr);
.................... #else
.................... //provided for compatibility
.................... #define strtof48(s, e) strtof(s, e)
.................... #define strtod(s, e) strtof(s, e)
.................... #endif
.................... 
.................... /* Standard template: float32 atof(char * s)
....................  * converts the initial portion of the string s to a float.
....................  * returns the converted value if any, 0 otherwise
....................  */
.................... #define atof(s)   strtof(s, (char*)0)
.................... 
.................... #if defined(__PCD__)
.................... // The following functions only work on the 24 bit compiler
.................... // for the 30F, 33F, 24F and 24H parts
.................... 
.................... /* Standard template: float48 atof48(char * s)
....................  * converts the initial portion of the string s to a float.
....................  * returns the converted value if any, 0 otherwise
....................  */
.................... #define atof48(s) strtof48(s, 0)
.................... 
.................... /* Standard template: float64 atof64(char * s)
....................  * converts the initial portion of the string s to a float.
....................  * returns the converted value if any, 0 otherwise
....................  */
.................... #define atof64(s) strtod(s, 0)
.................... #endif
.................... 
.................... /* Standard template: float32 atoe(char * s)
....................  * converts the initial portion of the string s to a float.
....................  * returns the converted value if any, 0 otherwise
....................  * also handles E format numbers
....................  */
.................... #if !defined(__PCD__)
.................... float atoe(char * s);
.................... #endif
.................... 
.................... #if defined(__PCD__)
.................... float32 atoe(char * s);
.................... #endif
.................... 
.................... //---------------------------------------------------------------------------
.................... // Pseudo-random sequence generation functions
.................... //---------------------------------------------------------------------------
.................... 
.................... /* The rand function computes a sequence of pseudo-random integers in
....................  * the range 0 to RAND_MAX
....................  *
....................  * Parameters:
....................  *       (none)
....................  *
....................  * Returns:
....................  *       The pseudo-random integer
....................  */
.................... unsigned int16 rand(void);
.................... 
.................... /* The srand function uses the argument as a seed for a new sequence of
....................  * pseudo-random numbers to be returned by subsequent calls to rand.
....................  *
....................  * Parameters:
....................  *       [in] seed: The seed value to start from. You might need to pass
....................  *
....................  * Returns:
....................  *       (none)
....................  *
....................  * Remarks
....................  *          The srand function sets the starting point for generating
....................  *       a series of pseudorandom integers. To reinitialize the
....................  *       generator, use 1 as the seed argument. Any other value for
....................  *       seed sets the generator to a random starting point. rand
....................  *       retrieves the pseudorandom numbers that are generated.
....................  *       Calling rand before any call to srand generates the same
....................  *       sequence as calling srand with seed passed as 1.
....................  *          Usually, you need to pass a time here from outer source
....................  *       so that the numbers will be different every time you run.
....................  */
.................... void srand(unsigned int32 seed);
.................... 
.................... //---------------------------------------------------------------------------
.................... // Memory management functions
.................... //---------------------------------------------------------------------------
.................... 
.................... // Comming soon
.................... 
.................... //---------------------------------------------------------------------------
.................... // Communication with the environment
.................... //---------------------------------------------------------------------------
.................... 
.................... /* The function returns 0 always
....................  */
.................... signed int8 system(char *string);
.................... 
.................... //---------------------------------------------------------------------------
.................... // Searching and sorting utilities
.................... //---------------------------------------------------------------------------
.................... 
.................... /* Performs a binary search of a sorted array..
....................  *
....................  * Parameters:
....................  *       [in] key: Object to search for
....................  *       [in] base: Pointer to base of search data
....................  *       [in] num: Number of elements
....................  *       [in] width: Width of elements
....................  *       [in] compare: Function that compares two elements
....................  *
....................  * Returns:
....................  *       bsearch returns a pointer to an occurrence of key in the array pointed
....................  *       to by base. If key is not found, the function returns NULL. If the
....................  *       array is not in order or contains duplicate records with identical keys,
....................  *       the result is unpredictable.
....................  */
.................... //void *bsearch(const void *key, const void *base, size_t num, size_t width,
.................... //              int (*compare)(const void *, const void *));
.................... 
.................... /* Performs the shell-metzner sort (not the quick sort algorithm). The contents
....................  * of the array are sorted into ascending order according to a comparison
....................  * function pointed to by compar.
....................  *
....................  * Parameters:
....................  *       [in] base: Pointer to base of search data
....................  *       [in] num: Number of elements
....................  *       [in] width: Width of elements
....................  *       [in] compare: Function that compares two elements
....................  *
....................  * Returns:
....................  *       (none)
....................  */
.................... //void *qsort(const void *base, size_t num, size_t width,
.................... //              int (*compare)(const void *, const void *));
.................... 
.................... //---------------------------------------------------------------------------
.................... // Integer arithmetic functions
.................... //---------------------------------------------------------------------------
.................... 
.................... #define labs abs
.................... 
.................... div_t div(signed int numer, signed int denom);
.................... ldiv_t ldiv(signed long numer, signed long denom);
.................... 
.................... //---------------------------------------------------------------------------
.................... // Multibyte character functions
.................... //---------------------------------------------------------------------------
.................... 
.................... // Not supported
.................... 
.................... //---------------------------------------------------------------------------
.................... // Multibyte string functions
.................... //---------------------------------------------------------------------------
.................... 
.................... // Not supported
.................... 
.................... 
.................... //---------------------------------------------------------------------------
.................... // Internal implementation
.................... //---------------------------------------------------------------------------
.................... 
.................... #include <stddef.h>
.................... ///////////////////////////////////////////////////////////////////////////
.................... ////        (C) Copyright 1996,2003 Custom Computer Services           ////
.................... //// This source code may only be used by licensed users of the CCS C  ////
.................... //// compiler.  This source code may only be distributed to other      ////
.................... //// licensed users of the CCS C compiler.  No other use, reproduction ////
.................... //// or distribution is permitted without written permission.          ////
.................... //// Derivative programs created using this software in object code    ////
.................... //// form are not restricted in any way.                               ////
.................... ///////////////////////////////////////////////////////////////////////////
.................... 
.................... #ifndef _STDDEF
.................... 
.................... #define _STDDEF
.................... 
.................... #if sizeof(unsigned int8 *)==1
.................... #define ptrdiff_t unsigned int8
.................... #else
.................... #define ptrdiff_t unsigned int16
.................... #endif
.................... 
.................... #if defined(__PCB__) || defined(__PCM__)
.................... #define size_t unsigned int8
.................... #else
.................... #define size_t unsigned int16
.................... #endif
.................... #define wchar_t unsigned char
.................... #define NULL 0
.................... 
.................... #define offsetof(s,f) (offsetofbit(s,f)/8)
.................... 
.................... #endif
.................... 
.................... #include <string.h>
.................... ////////////////////////////////////////////////////////////////////////////
.................... ////        (C) Copyright 1996,2008 Custom Computer Services            ////
.................... //// This source code may only be used by licensed users of the CCS C   ////
.................... //// compiler.  This source code may only be distributed to other       ////
.................... //// licensed users of the CCS C compiler.  No other use, reproduction  ////
.................... //// or distribution is permitted without written permission.           ////
.................... //// Derivative programs created using this software in object code     ////
.................... //// form are not restricted in any way.                                ////
.................... ////////////////////////////////////////////////////////////////////////////
.................... 
.................... #ifndef _STRING
.................... #define _STRING
.................... #include <stddef.h>
.................... ///////////////////////////////////////////////////////////////////////////
.................... ////        (C) Copyright 1996,2003 Custom Computer Services           ////
.................... //// This source code may only be used by licensed users of the CCS C  ////
.................... //// compiler.  This source code may only be distributed to other      ////
.................... //// licensed users of the CCS C compiler.  No other use, reproduction ////
.................... //// or distribution is permitted without written permission.          ////
.................... //// Derivative programs created using this software in object code    ////
.................... //// form are not restricted in any way.                               ////
.................... ///////////////////////////////////////////////////////////////////////////
.................... 
.................... #ifndef _STDDEF
.................... 
.................... #define _STDDEF
.................... 
.................... #if sizeof(unsigned int8 *)==1
.................... #define ptrdiff_t unsigned int8
.................... #else
.................... #define ptrdiff_t unsigned int16
.................... #endif
.................... 
.................... #if defined(__PCB__) || defined(__PCM__)
.................... #define size_t unsigned int8
.................... #else
.................... #define size_t unsigned int16
.................... #endif
.................... #define wchar_t unsigned char
.................... #define NULL 0
.................... 
.................... #define offsetof(s,f) (offsetofbit(s,f)/8)
.................... 
.................... #endif
.................... 
.................... #include <ctype.h>
.................... ////////////////////////////////////////////////////////////////////////////
.................... ////        (C) Copyright 1996,2003 Custom Computer Services            ////
.................... //// This source code may only be used by licensed users of the CCS C   ////
.................... //// compiler.  This source code may only be distributed to other       ////
.................... //// licensed users of the CCS C compiler.  No other use, reproduction  ////
.................... //// or distribution is permitted without written permission.           ////
.................... //// Derivative programs created using this software in object code     ////
.................... //// form are not restricted in any way.                                ////
.................... ////////////////////////////////////////////////////////////////////////////
.................... 
.................... #ifndef _CTYPE
.................... #define _CTYPE
.................... 
.................... #define islower(x)  isamong(x,"abcdefghijklmnopqrstuvwxyz")
.................... #define isupper(x)  isamong(x,"ABCDEFGHIJKLMNOPQRSTUVWXYZ")
.................... #define isalnum(x)  isamong(x,"0123456789ABCDEFGHIJKLMNOPQRSTUVWXYZabcdefghijklmnopqrstuvwxyz")
.................... #define isalpha(x)  isamong(x,"ABCDEFGHIJKLMNOPQRSTUVWXYZabcdefghijklmnopqrstuvwxyz")
.................... #define isdigit(x)  isamong(x,"0123456789")
.................... #define isspace(x)  ((x)==' ')
.................... #define isxdigit(x) isamong(x,"0123456789ABCDEFabcdef")
.................... #define iscntrl(x)  ((x)<' ')
.................... #define isprint(x)  ((x)>=' ')
.................... #define isgraph(x)  ((x)>' ')
.................... #define ispunct(x)  (((x)>' ')&&!isalnum(x))
.................... 
.................... #endif
.................... 
.................... 
.................... 
.................... 
.................... 
.................... //////////////////////////////////////////////
.................... //// Uncomment the following define to    ////
.................... //// allow some functions to use a        ////
.................... //// quicker algorithm, but use more ROM  ////
.................... ////                                      ////
.................... //// #define FASTER_BUT_MORE_ROM          ////
.................... //////////////////////////////////////////////
.................... 
.................... 
.................... 
.................... /*Copying functions*/
.................... /* standard template:
....................    void *memmove(void *s1, void *s2, size_t n).
....................    Copies max of n characters safely (not following ending '\0')
....................    from s2 in s1; if s2 has less than n characters, appends 0 */
.................... 
.................... unsigned char *memmove(void *s1,void *s2,size_t n)
.................... {
....................    unsigned char *sc1;
....................    unsigned char *sc2;
....................    sc1=s1;
....................    sc2=s2;
....................    if(sc2<sc1 && sc1 <sc2 +n)
....................       for(sc1+=n,sc2+=n;0<n;--n)
....................          *--sc1=*--sc2;
....................    else
....................       for(;0<n;--n)
....................          *sc1++=*sc2++;
....................   return s1;
....................   }
.................... 
.................... /* Standard template: char *strcpy(char *s1, const char *s2)
....................    copies the string s2 including the null character to s1.
....................    This is a compiler built in to handle the different address
....................    spaces */
.................... 
.................... #define strcopy strcpy
.................... 
.................... /* standard template:
....................    char *strncpy(char *s1, const char *s2, size_t n).
....................    Copies max of n characters (not following ending '\0')
....................    from s2 in s1; if s2 has less than n characters, appends 0 */
.................... 
.................... char *strncpy(char *s1, char *s2, size_t n)
.................... {
....................   char *s;
.................... 
....................   for (s = s1; n > 0 && *s2 != '\0'; n--)
....................      *s++ = *s2++;
....................   for (; n > 0; n--)
....................      *s++ = '\0';
.................... 
....................   return(s1);
.................... }
.................... /***********************************************************/
.................... 
.................... /*concatenation functions*/
.................... /* standard template: char *strcat(char *s1, const char *s2)
.................... appends s2 to s1*/
.................... 
.................... char *strcat(char *s1, char *s2)
.................... {
....................    unsigned char *s;
.................... 
....................    for (s = s1; *s != '\0'; ++s);
....................    while(*s2 != '\0')
....................    {
....................       *s = *s2;
....................       ++s;
....................       ++s2;
....................    }
.................... 
....................    *s = '\0';
....................    return(s1);
.................... }
.................... /* standard template: char *strncat(char *s1, char *s2,size_t n)
.................... appends not more than n characters from s2 to s1*/
.................... 
.................... char *strncat(char *s1, char *s2, size_t n)
.................... {
....................    char *s;
.................... 
....................    for (s = s1; *s != '\0'; ++s);
....................    while(*s2 != '\0' && 0<n)
....................    {
....................       *s = *s2;
....................       ++s;
....................       ++s2;
....................       --n;
....................    }
.................... 
....................    *s = '\0';
....................    return(s1);
.................... }
.................... 
.................... /***********************************************************/
.................... 
.................... 
.................... /*comparison functions*/
.................... /* standard template: signed int memcmp(void *s1, void *s2).
....................    Compares s1 & s2; returns -1 if s1<s2, 0 if s1=s2, 1 if s1>s2 */
.................... 
.................... signed int memcmp(void * s1,void *s2,size_t n)
.................... {
.................... unsigned char *su1, *su2;
.................... for(su1=s1, su2=s2; 0<n; ++su1, ++su2, --n)
.................... {
....................    if(*su1!=*su2)
....................       return ((*su1<*su2)?-1:1);
.................... }
.................... return 0;
.................... }
.................... 
.................... /* standard template: int strcmp(const char *s1, const char *s2).
....................    Compares s1 & s2; returns -1 if s1<s2, 0 if s1=s2, 1 if s1>s2 */
.................... 
.................... signed int strcmp(char *s1, char *s2)
.................... {
....................    for (; *s1 == *s2; s1++, s2++)
*
05E44:  MOVFF  78F,FEA
05E48:  MOVLB  7
05E4A:  MOVFF  78E,FE9
05E4E:  MOVFF  FEF,792
05E52:  MOVFF  791,FEA
05E56:  MOVFF  790,FE9
05E5A:  MOVF   FEF,W
05E5C:  SUBWF  x92,W
05E5E:  BNZ   5E8E
....................       if (*s1 == '\0')
05E60:  MOVFF  78F,03
05E64:  MOVFF  78E,FE9
05E68:  MOVFF  03,FEA
05E6C:  MOVF   FEF,F
05E6E:  BNZ   5E76
....................          return(0);
05E70:  MOVLW  00
05E72:  MOVWF  01
05E74:  BRA    5EB8
05E76:  MOVFF  78F,03
05E7A:  MOVF   x8E,W
05E7C:  INCF   x8E,F
05E7E:  BTFSC  FD8.2
05E80:  INCF   x8F,F
05E82:  INCF   x90,F
05E84:  BTFSC  FD8.2
05E86:  INCF   x91,F
05E88:  MOVLB  0
05E8A:  BRA    5E44
05E8C:  MOVLB  7
....................    return((*s1 < *s2) ? -1: 1);
05E8E:  MOVFF  78F,03
05E92:  MOVFF  78E,FE9
05E96:  MOVFF  03,FEA
05E9A:  MOVFF  FEF,792
05E9E:  MOVFF  791,03
05EA2:  MOVFF  790,FE9
05EA6:  MOVFF  03,FEA
05EAA:  MOVF   FEF,W
05EAC:  SUBWF  x92,W
05EAE:  BC    5EB4
05EB0:  MOVLW  FF
05EB2:  BRA    5EB6
05EB4:  MOVLW  01
05EB6:  MOVWF  01
05EB8:  MOVLB  0
05EBA:  RETURN 0
.................... }
.................... /* standard template: int strcoll(const char *s1, const char *s2).
....................    Compares s1 & s2; returns -1 if s1<s2, 0 if s1=s2, 1 if s1>s2 */
.................... 
.................... signed int strcoll(char *s1, char *s2)
.................... {
....................    for (; *s1 == *s2; s1++, s2++)
....................       if (*s1 == '\0')
....................          return(0);
....................    return((*s1 < *s2) ? -1: 1);
.................... }
.................... 
.................... /* standard template:
....................    int strncmp(const char *s1, const char *s2, size_t n).
....................    Compares max of n characters (not following 0) from s1 to s2;
....................    returns same as strcmp */
.................... 
.................... signed int strncmp(char *s1, char *s2, size_t n)
.................... {
....................    for (; n > 0; s1++, s2++, n--)
....................       if (*s1 != *s2)
....................          return((*s1 <*s2) ? -1: 1);
....................       else if (*s1 == '\0')
....................          return(0);
....................    return(0);
.................... }
.................... /* standard template:
....................    int strxfrm(const char *s1, const char *s2, size_t n).
....................    transforms maximum of n characters from s2 and places them into s1, returns number of chars written ot s1.
....................    if s1 is NULL and n is 0, then it returns the length of s2.*/
.................... size_t strxfrm(char *s1, char *s2, size_t n)
.................... {
....................    char c;
....................    size_t n1;
....................    
....................    if (!s1 && !n)
....................       n = -1; //find length
.................... 
....................    n1 = 0;
....................    
....................    for (; n1 < n; n1++)
....................    {
....................       c = *s2++;
....................       if (!c)
....................          break;
....................       if (s1)
....................          *s1++ = c;
....................    }
.................... 
....................   return(n1);
.................... }
.................... 
.................... 
.................... 
.................... 
.................... 
.................... /***********************************************************/
.................... /*Search functions*/
.................... /* standard template: void *memchr(const char *s, int c).
....................    Finds first occurrence of c in n characters of s */
.................... 
.................... char *memchr(void *s,unsigned int8 c,size_t n)
.................... {
....................    char uc;
....................    char *su;
....................    uc=c;
*
05FBE:  MOVFF  7BE,7C1
....................    for(su=s;0<n;++su,--n)
05FC2:  MOVFF  7BD,7C3
05FC6:  MOVFF  7BC,7C2
05FCA:  MOVLB  7
05FCC:  MOVF   xC0,F
05FCE:  BNZ   5FD6
05FD0:  MOVF   xBF,W
05FD2:  SUBLW  00
05FD4:  BC    5FFE
....................       if(*su==uc)
05FD6:  MOVFF  7C3,FEA
05FDA:  MOVFF  7C2,FE9
05FDE:  MOVF   xC1,W
05FE0:  SUBWF  FEF,W
05FE2:  BNZ   5FEE
....................       return su;
05FE4:  MOVFF  7C2,01
05FE8:  MOVFF  7C3,02
05FEC:  BRA    6004
05FEE:  INCF   xC2,F
05FF0:  BTFSC  FD8.2
05FF2:  INCF   xC3,F
05FF4:  MOVF   xBF,W
05FF6:  BTFSC  FD8.2
05FF8:  DECF   xC0,F
05FFA:  DECF   xBF,F
05FFC:  BRA    5FCC
....................    return NULL;
05FFE:  MOVLW  00
06000:  MOVWF  01
06002:  MOVWF  02
06004:  MOVLB  0
06006:  RETURN 0
.................... }
.................... 
.................... /* standard template: char *strchr(const char *s, int c).
....................    Finds first occurrence of c in s */
.................... 
.................... char *strchr(char *s, char c)
.................... {
....................    for (; *s != c; s++)
....................       if (*s == '\0')
....................          return(0);
....................    return(s);
.................... }
.................... /* standard template:
....................    size_t strcspn(const char *s1, const char *s2).
....................    Computes length of max initial segment of s1 that
....................    consists entirely of characters NOT from s2*/
.................... 
.................... size_t strcspn(char *s1, char *s2)
.................... {
....................    char *sc1, *sc2;
.................... 
....................    for (sc1 = s1; *sc1 != 0; sc1++)
....................       for (sc2 = s2; *sc2 != 0; sc2++)
....................          if (*sc1 == *sc2)
....................             return(sc1 - s1);
....................    return(sc1 - s1);
.................... }
.................... /* standard template:
....................    char *strpbrk(const char *s1, const char *s2).
....................    Locates first occurence of any character from s2 in s1;
....................    returns s1 if s2 is empty string */
.................... 
.................... char *strpbrk(char *s1, char *s2)
.................... {
....................    char *sc1, *sc2;
.................... 
....................    for (sc1 = s1; *sc1 != 0; sc1++)
....................       for (sc2 = s2; *sc2 != 0; sc2++)
....................          if (*sc1 == *sc2)
....................             return(sc1);
....................    return(0);
.................... }
.................... 
.................... 
.................... /* standard template: char *strrchr(const char *s, int c).
....................    Finds last occurrence of c in s */
.................... 
.................... char *strrchr(char *s, char c)
.................... {
....................    char *p;
.................... 
....................    for (p = 0; ; s++)
....................    {
....................       if (*s == c)
....................          p = s;
....................       if (*s == '\0')
....................          return(p);
....................    }
.................... }
.................... /* computes length of max initial segment of s1 consisting
....................    entirely of characters from s2 */
.................... 
.................... size_t strspn(char *s1, char *s2)
.................... {
....................    char *sc1, *sc2;
.................... 
....................    for (sc1 = s1; *sc1 != 0; sc1++)
....................       for (sc2 = s2; ; sc2++)
....................     if (*sc2 == '\0')
....................        return(sc1 - s1);
....................          else if (*sc1 == *sc2)
....................             break;
....................    return(sc1 - s1);
.................... }
.................... /* standard template:
....................    char *strstr(const char *s1, const char *s2);
....................    Locates first occurence of character sequence s2 in s1;
....................    returns 0 if s2 is empty string
.................... 
....................    Uncomment #define FASTER_BUT_MORE_ROM at the top of the
....................    file to use the faster algorithm */
.................... char *strstr(char *s1, char *s2)
.................... {
....................    char *s, *t;
.................... 
....................    #ifdef FASTER_BUT_MORE_ROM
....................    if (*s2 == '\0')
....................          return(s1);
....................    #endif
.................... 
....................    while (*s1)
....................    {
....................       for(s = s1, t = s2; *t && (*s == *t); ++s, ++t);
.................... 
....................       if (*t == '\0')
....................          return s1;
....................       ++s1;
....................       #ifdef FASTER_BUT_MORE_ROM
....................          while(*s1 != '\0' && *s1 != *s2)
....................             ++s1;
....................       #endif
....................    }
....................    return 0;
.................... }
.................... 
.................... /* standard template: size_t strlen(const char *s).
....................    Computes length of s1 (preceding terminating 0) */
.................... 
.................... size_t strlen(char *s)
.................... {
....................    char *sc;
.................... 
....................    for (sc = s; *sc != 0; sc++);
*
05D8E:  MOVFF  78F,791
05D92:  MOVFF  78E,790
05D96:  MOVFF  791,FEA
05D9A:  MOVLB  7
05D9C:  MOVFF  790,FE9
05DA0:  MOVF   FEF,F
05DA2:  BZ    5DB0
05DA4:  INCF   x90,F
05DA6:  BTFSC  FD8.2
05DA8:  INCF   x91,F
05DAA:  MOVLB  0
05DAC:  BRA    5D96
05DAE:  MOVLB  7
....................    return(sc - s);
05DB0:  MOVF   x8E,W
05DB2:  SUBWF  x90,W
05DB4:  MOVWF  00
05DB6:  MOVF   x8F,W
05DB8:  SUBWFB x91,W
05DBA:  MOVWF  03
05DBC:  MOVFF  00,01
05DC0:  MOVWF  02
05DC2:  MOVLB  0
05DC4:  RETURN 0
.................... }
.................... 
.................... /* standard template: char *strtok(char *s1, const char *s2).
.................... 
....................    Finds next token in s1 delimited by a character from separator
....................    string s2 (which can be different from call to call).  First call
....................    starts at beginning of s1 searching for first character NOT
....................    contained in s2; returns 0 if none is found.
....................    If one is found, it is the start of first token (return value).
....................    Function then searches from there for a character contained in s2.
....................    If none is found, current token extends to end of s1, and subsequent
....................    searches for a token will return 0.  If one is found, it is
....................    overwritten by '\0', which terminates current token.  Function saves
....................    pointer to following character from which next search will start.
....................    Each subsequent call, with 0 as first argument, starts searching
....................    from saved pointer */
.................... 
.................... char *strtok(char *s1, char *s2)
.................... {
....................    char *beg, *end;
....................    static char *save;
.................... 
....................    beg = (s1)? s1: save;
....................    beg += strspn(beg, s2);
....................    if (*beg == '\0')
....................       return(0);
....................       
....................    end = strpbrk(beg, s2);
....................    if (end != '\0')
....................    {
....................       *end = '\0';
....................       end++;
....................       save = end;
....................    }
....................    else
....................       save = beg + strlen(beg);
....................    
....................    return(beg);
.................... }
.................... 
.................... /*****************************************************************/
.................... /*Miscellaneous functions*/
.................... /* standard template
.................... maps error number in errnum to an error message string
.................... Returns: Pointer to string
.................... */
.................... #ifdef _ERRNO
.................... char * strerror(unsigned int8 errnum)
.................... {
.................... static unsigned char s[13];
.................... switch( errnum)
.................... {
.................... case 0:
....................    strcpy(s,"no errors");
....................    return s;
.................... case EDOM :
....................    strcpy(s,"domain error");
....................    return s;
.................... case ERANGE:
....................    strcpy(s,"range error");
....................    return s;
.................... }
.................... }
.................... #ENDIF
.................... 
.................... /* standard template: size_t stricmp(const char *s1, const char *s2).
....................    Compares s1 to s2 ignoring case (upper vs. lower) */
.................... 
.................... signed int stricmp(char *s1, char *s2)
.................... {
....................  for(; *s1==*s2||(isalpha(*s1)&&isalpha(*s2)&&((char)*s1==(char)*s2+(char)32||(char)*s2==(char)*s1+(char)32));
....................     s1++, s2++)
....................     if (*s1 == '\0')
....................        return(0);
....................  return((*s1 < *s2) ? -1: 1);
.................... }
.................... 
.................... 
.................... /* standard template: char *strlwr(char *s).
....................    Replaces uppercase letters by lowercase;
....................    returns pointer to new string s */
.................... 
.................... char *strlwr(char *s)
.................... {
....................    char *p;
.................... 
....................    for (p = s; *p != '\0'; p++)
....................       if (*p >= 'A' && *p <='Z')
....................          *p += 'a' - 'A';
....................    return(s);
.................... }
.................... 
.................... /* standard template: char *strupr(char *s).
....................    Replaces lowercase letters by upercase;
....................    returns pointer to new string s */
.................... 
.................... char *strupr(char *s)
.................... {
....................    char *p;
.................... 
....................    for (p = s; *p != '\0'; p++)
....................       if (*p >= 'a' && *p <='z')
....................          *p -= 'a' - 'A';
....................    return(s);
.................... }
.................... 
.................... 
.................... /************************************************************/
.................... 
.................... 
.................... #endif
.................... 
.................... 
.................... div_t div(signed int numer, signed int denom)
.................... {
....................    div_t val;
....................    val.quot = numer / denom;
....................    val.rem = numer - (denom * val.quot);
....................    return (val);
.................... }
.................... 
.................... ldiv_t ldiv(signed long numer, signed long denom)
.................... {
....................    ldiv_t val;
.................... 
....................    val.quot = numer / denom;
....................    val.rem = numer - (denom * val.quot);
....................    return (val);
.................... }
.................... 
.................... #if defined(__PCD__)
.................... float32 atoe(char * s)
.................... {
....................    float32 pow10 = 1.0;
....................    float32 result = 0.0;
....................    unsigned int8 sign = 0;
....................    unsigned int8 expsign = 0;
....................    char c;
....................    unsigned int8 ptr = 0;
....................    unsigned int8 i;
....................    float32 exp = 1.0;
....................    unsigned int8 expcnt = 0;
.................... 
....................    c = s[ptr++];
.................... 
....................    if ((c>='0' && c<='9') || c=='+' || c=='-' || c=='.' || c=='E' || c=='e') {
....................       if(c == '-') {
....................          sign = 1;
....................          c = s[ptr++];
....................       }
....................       if(c == '+')
....................          c = s[ptr++];
.................... 
....................       while((c >= '0' && c <= '9')) {
....................          result = 10*result + c - '0';
....................          c = s[ptr++];
....................       }
.................... 
....................       if (c == '.') {
....................          c = s[ptr++];
....................          while((c >= '0' && c <= '9')) {
....................              pow10 = pow10*10;
....................              result += (c - '0')/pow10;
....................              c = s[ptr++];
....................          }
....................       }
.................... 
....................       // Handling the exponent
....................       if (c=='e' || c=='E') {
....................          c = s[ptr++];
.................... 
....................          if(c == '-') {
....................             expsign = 1;
....................             c = s[ptr++];
....................          }
....................          if(c == '+')
....................             c = s[ptr++];
.................... 
....................          while((c >= '0' && c <= '9')) {
....................             expcnt = 10*expcnt + c - '0';
....................             c = s[ptr++];
....................          }
.................... 
....................          for(i=0;i<expcnt;i++)
....................             exp*=10;
.................... 
....................          if(expsign==1)
....................             result/=exp;
....................          else
....................             result*=exp;
....................       }
....................    }
.................... 
....................    if (sign == 1)
....................       result = -1*result;
....................    return(result);
.................... }
.................... #endif
.................... 
.................... #if !defined(__PCD__)
.................... float atoe(char * s)
.................... {
....................    float pow10 = 1.0;
....................    float result = 0.0;
....................    unsigned int8 sign = 0;
....................    unsigned int8 expsign = 0;
....................    char c;
....................    unsigned int8 ptr = 0;
....................    unsigned int8 i;
....................    float exp = 1.0;
....................    unsigned int8 expcnt = 0;
.................... 
....................    c = s[ptr++];
.................... 
....................    if ((c>='0' && c<='9') || c=='+' || c=='-' || c=='.' || c=='E' || c=='e') {
....................       if(c == '-') {
....................          sign = 1;
....................          c = s[ptr++];
....................       }
....................       if(c == '+')
....................          c = s[ptr++];
.................... 
....................       while((c >= '0' && c <= '9')) {
....................          result = 10*result + c - '0';
....................          c = s[ptr++];
....................       }
.................... 
....................       if (c == '.') {
....................          c = s[ptr++];
....................          while((c >= '0' && c <= '9')) {
....................              pow10 = pow10*10;
....................              result += (c - '0')/pow10;
....................              c = s[ptr++];
....................          }
....................       }
.................... 
....................       // Handling the exponent
....................       if (c=='e' || c=='E') {
....................          c = s[ptr++];
.................... 
....................          if(c == '-') {
....................             expsign = 1;
....................             c = s[ptr++];
....................          }
....................          if(c == '+')
....................             c = s[ptr++];
.................... 
....................          while((c >= '0' && c <= '9')) {
....................             expcnt = 10*expcnt + c - '0';
....................             c = s[ptr++];
....................          }
.................... 
....................          for(i=0;i<expcnt;i++)
....................             exp*=10;
.................... 
....................          if(expsign==1)
....................             result/=exp;
....................          else
....................             result*=exp;
....................       }
....................    }
.................... 
....................    if (sign == 1)
....................       result = -1*result;
....................    return(result);
.................... }
.................... #endif
.................... 
.................... signed int atoi(char *s)
.................... {
....................    signed int result;
....................    unsigned int sign, base, index;
....................    char c;
.................... 
....................    index = 0;
....................    sign = 0;
....................    base = 10;
....................    result = 0;
.................... 
....................    if (!s)
....................       return 0;
....................    // Omit all preceeding alpha characters
....................    c = s[index++];
.................... 
....................    // increase index if either positive or negative sign is detected
....................    if (c == '-')
....................    {
....................       sign = 1;         // Set the sign to negative
....................       c = s[index++];
....................    }
....................    else if (c == '+')
....................    {
....................       c = s[index++];
....................    }
.................... 
....................    if (c >= '0' && c <= '9')
....................    {
.................... 
....................       // Check for hexa number
....................       if (c == '0' && (s[index] == 'x' || s[index] == 'X'))
....................       {
....................          base = 16;
....................          index++;
....................          c = s[index++];
....................       }
.................... 
....................       // The number is a decimal number
....................       if (base == 10)
....................       {
....................          while (c >= '0' && c <= '9')
....................          {
....................             result = 10*result + (c - '0');
....................             c = s[index++];
....................          }
....................       }
....................       else if (base == 16)    // The number is a hexa number
....................       {
....................          c = toupper(c);
....................          while ( (c >= '0' && c <= '9') || (c >= 'A' && c<='F'))
....................          {
....................             if (c >= '0' && c <= '9')
....................                result = (result << 4) + (c - '0');
....................             else
....................                result = (result << 4) + (c - 'A' + 10);
.................... 
....................             c = s[index++];
....................             c = toupper(c);
....................          }
....................       }
....................    }
.................... 
....................    if (sign == 1 && base == 10)
....................        result = -result;
.................... 
....................    return(result);
.................... }
.................... 
.................... signed long atol(char *s)
.................... {
....................    signed long result;
....................    unsigned int sign, base, index;
....................    char c;
.................... 
....................    index = 0;
....................    sign = 0;
....................    base = 10;
....................    result = 0;
.................... 
....................    if (!s)
....................       return 0;
....................    c = s[index++];
.................... 
....................    // increase index if either positive or negative sign is detected
....................    if (c == '-')
....................    {
....................       sign = 1;         // Set the sign to negative
....................       c = s[index++];
....................    }
....................    else if (c == '+')
....................    {
....................       c = s[index++];
....................    }
.................... 
....................    if (c >= '0' && c <= '9')
....................    {
....................       if (c == '0' && (s[index] == 'x' || s[index] == 'X'))
....................       {
....................          base = 16;
....................          index++;
....................          c = s[index++];
....................       }
.................... 
....................       // The number is a decimal number
....................       if (base == 10)
....................       {
....................          while (c >= '0' && c <= '9')
....................          {
....................             result = 10*result + (c - '0');
....................             c = s[index++];
....................          }
....................       }
....................       else if (base == 16)    // The number is a hexa number
....................       {
....................          c = toupper(c);
....................          while ( (c >= '0' && c <= '9') || (c >= 'A' && c <='F'))
....................          {
....................             if (c >= '0' && c <= '9')
....................                result = (result << 4) + (c - '0');
....................             else
....................                result = (result << 4) + (c - 'A' + 10);
.................... 
....................             c = s[index++];c = toupper(c);
....................          }
....................       }
....................    }
.................... 
....................    if (base == 10 && sign == 1)
....................       result = -result;
.................... 
....................    return(result);
.................... }
.................... 
.................... /* A fast routine to multiply by 10
....................  */
.................... signed int32 mult_with10(int32 num)
.................... {
....................    return ( (num << 1) + (num << 3) );
.................... }
.................... 
.................... #if sizeof(long)==2
.................... signed int32 atoi32(char *s)
.................... {
....................    signed int32 result;
....................    int8 sign, base, index;
....................    char c;
.................... 
....................    index = 0;
....................    sign = 0;
....................    base = 10;
....................    result = 0;
.................... 
....................    if (!s)
....................       return 0;
....................    c = s[index++];
.................... 
....................    // increase index if either positive or negative sign is detected
....................    if (c == '-')
....................    {
....................       sign = 1;         // Set the sign to negative
....................       c = s[index++];
....................    }
....................    else if (c == '+')
....................    {
....................       c = s[index++];
....................    }
.................... 
....................    if (c >= '0' && c <= '9')
....................    {
....................       if (c == '0' && (s[index] == 'x' || s[index] == 'X'))
....................       {
....................          base = 16;
....................          index++;
....................          c = s[index++];
....................       }
.................... 
....................       // The number is a decimal number
....................       if (base == 10)
....................       {
....................          while (c >= '0' && c <= '9') {
....................             result = (result << 1) + (result << 3);  // result *= 10;
....................             result += (c - '0');
....................             c = s[index++];
....................          }
....................       }
....................       else if (base == 16)    // The number is a hexa number
....................       {
....................          c = toupper(c);
....................          while ((c >= '0' && c <= '9') || (c >= 'A' && c <='F'))
....................          {
....................             if (c >= '0' && c <= '9')
....................                result = (result << 4) + (c - '0');
....................             else
....................                result = (result << 4) + (c - 'A' + 10);
.................... 
....................             c = s[index++];c = toupper(c);
....................          }
....................       }
....................    }
.................... 
....................    if (base == 10 && sign == 1)
....................       result = -result;
.................... 
....................    return(result);
.................... }
.................... #endif
.................... 
.................... #if defined(__PCD__)
.................... 
.................... signed int48 atoi48(char *s)
.................... {
....................    signed int48 result;
....................    int8 sign, base, index;
....................    char c;
.................... 
....................    index = 0;
....................    sign = 0;
....................    base = 10;
....................    result = 0;
.................... 
....................    if (!s)
....................       return 0;
....................    c = s[index++];
.................... 
....................    // increase index if either positive or negative sign is detected
....................    if (c == '-')
....................    {
....................       sign = 1;         // Set the sign to negative
....................       c = s[index++];
....................    }
....................    else if (c == '+')
....................    {
....................       c = s[index++];
....................    }
.................... 
....................    if (c >= '0' && c <= '9')
....................    {
....................       if (c == '0' && (s[index] == 'x' || s[index] == 'X'))
....................       {
....................          base = 16;
....................          index++;
....................          c = s[index++];
....................       }
.................... 
....................       // The number is a decimal number
....................       if (base == 10)
....................       {
....................          while (c >= '0' && c <= '9') {
....................             result = (result << 1) + (result << 3);  // result *= 10;
....................             result += (c - '0');
....................             c = s[index++];
....................          }
....................       }
....................       else if (base == 16)    // The number is a hexa number
....................       {
....................          c = toupper(c);
....................          while ((c >= '0' && c <= '9') || (c >= 'A' && c <='F'))
....................          {
....................             if (c >= '0' && c <= '9')
....................                result = (result << 4) + (c - '0');
....................             else
....................                result = (result << 4) + (c - 'A' + 10);
.................... 
....................             c = s[index++];c = toupper(c);
....................          }
....................       }
....................    }
.................... 
....................    if (base == 10 && sign == 1)
....................       result = -result;
.................... 
....................    return(result);
.................... }
.................... 
.................... signed int64 atoi64(char *s)
.................... {
....................    signed int64 result;
....................    int8 sign, base, index;
....................    char c;
.................... 
....................    index = 0;
....................    sign = 0;
....................    base = 10;
....................    result = 0;
.................... 
....................    if (!s)
....................       return 0;
....................    c = s[index++];
.................... 
....................    // increase index if either positive or negative sign is detected
....................    if (c == '-')
....................    {
....................       sign = 1;         // Set the sign to negative
....................       c = s[index++];
....................    }
....................    else if (c == '+')
....................    {
....................       c = s[index++];
....................    }
.................... 
....................    if (c >= '0' && c <= '9')
....................    {
....................       if (c == '0' && (s[index] == 'x' || s[index] == 'X'))
....................       {
....................          base = 16;
....................          index++;
....................          c = s[index++];
....................       }
.................... 
....................       // The number is a decimal number
....................       if (base == 10)
....................       {
....................          while (c >= '0' && c <= '9') {
....................             result = (result << 1) + (result << 3);  // result *= 10;
....................             result += (c - '0');
....................             c = s[index++];
....................          }
....................       }
....................       else if (base == 16)    // The number is a hexa number
....................       {
....................          c = toupper(c);
....................          while ((c >= '0' && c <= '9') || (c >= 'A' && c <='F'))
....................          {
....................             if (c >= '0' && c <= '9')
....................                result = (result << 4) + (c - '0');
....................             else
....................                result = (result << 4) + (c - 'A' + 10);
.................... 
....................             c = s[index++];c = toupper(c);
....................          }
....................       }
....................    }
.................... 
....................    if (base == 10 && sign == 1)
....................       result = -result;
.................... 
....................    return(result);
.................... }
.................... #endif
.................... 
.................... char * itoa(signed int32 num, unsigned int base, char * s)
.................... {
....................      unsigned int32 temp=1;
....................      unsigned int8 i,sign=0,cnt=0;
....................      char c;
.................... 
....................      if(num<0) {
....................          sign=1;        // Check for negative number
....................          num*=-1;
....................      }
.................... 
....................      while(temp>0) {
....................          temp=(num/base);
....................          s[cnt]=(num%base)+'0';    // Conversion
.................... 
....................          if(s[cnt]>0x39)
....................             s[cnt]+=0x7;
.................... 
....................          cnt++;
....................          num=temp;
....................      }
.................... 
....................      if(sign==1) {
....................          s[cnt]=0x2D;      // Negative sign
....................          cnt++;
....................      }
.................... 
....................      for(i = 0;i<(int8)(cnt/2);i++) {
.................... 
....................          c=s[i];
....................          s[i]=s[cnt-i-1];        // Reverse the number
....................          s[cnt-i-1]=c;
....................      }
....................      s[cnt]='\0';     // End the string
....................      return s;
.................... }
.................... 
.................... #if defined(__PCD__)
.................... 
.................... char * itoa(signed int48 num, unsigned int base, char * s)
.................... {
....................      unsigned int48 temp=1;
....................      unsigned int8 i,sign=0,cnt=0;
....................      char c;
.................... 
....................      if(num<0) {
....................          sign=1;        // Check for negative number
....................          num*=-1;
....................      }
.................... 
....................      while(temp>0) {
....................          temp=(num/base);
....................          s[cnt]=(num%base)+'0';    // Conversion
.................... 
....................          if(s[cnt]>0x39)
....................             s[cnt]+=0x7;
.................... 
....................          cnt++;
....................          num=temp;
....................      }
.................... 
....................      if(sign==1) {
....................          s[cnt]=0x2D;      // Negative sign
....................          cnt++;
....................      }
.................... 
....................      for(i = 0;i<(int8)(cnt/2);i++) {
.................... 
....................          c=s[i];
....................          s[i]=s[cnt-i-1];        // Reverse the number
....................          s[cnt-i-1]=c;
....................      }
....................      s[cnt]='\0';     // End the string
....................      return s;
.................... }
.................... 
.................... char * itoa(signed int64 num, unsigned int base, char * s)
.................... {
....................      unsigned int64 temp=1;
....................      unsigned int8 i,sign=0,cnt=0;
....................      char c;
....................      
....................      if(num<0) {
....................          sign=1;        // Check for negative number
....................          num*=-1;        
....................      }
.................... 
....................      while(temp>0) {
....................          temp=(num/base);
....................          s[cnt]=(num%base)+'0';    // Conversion
.................... 
....................          if(s[cnt]>0x39)
....................             s[cnt]+=0x7;
....................             
....................          cnt++;
....................          num=temp;
....................      }
.................... 
....................      if(sign==1) {
....................          s[cnt]=0x2D;      // Negative sign
....................          cnt++;
....................      }
.................... 
....................      for(i = 0;i<(int8)(cnt/2);i++) {
.................... 
....................          c=s[i];
....................          s[i]=s[cnt-i-1];        // Reverse the number
....................          s[cnt-i-1]=c;
....................      }
....................      s[cnt]='\0';     // End the string
....................      return s;
.................... }
.................... 
.................... #endif
.................... 
.................... float strtof(char *s, char **endptr)
*
0735E:  MOVLB  7
07360:  CLRF   x68
07362:  CLRF   x67
07364:  CLRF   x66
07366:  MOVLW  7F
07368:  MOVWF  x65
0736A:  CLRF   x6C
0736C:  CLRF   x6B
0736E:  CLRF   x6A
07370:  CLRF   x69
07372:  BSF    x6D.0
07374:  BCF    x6D.1
07376:  BCF    x6D.2
07378:  CLRF   x6F
.................... {
....................    float pow10 = 1.0;
....................    float result = 0.0;
....................    int1 skip = 1, sign = 0, point = 0;
....................    char c;
....................    unsigned int8 ptr = 0;
.................... 
....................    if (!s)
0737A:  MOVF   x61,W
0737C:  IORWF  x62,W
0737E:  BNZ   738A
....................       return 0;
07380:  CLRF   00
07382:  CLRF   01
07384:  CLRF   02
07386:  CLRF   03
07388:  BRA    75B4
.................... 
....................    for(c=s[ptr++]; c!=0; c=s[ptr++])
0738A:  MOVF   x6F,W
0738C:  INCF   x6F,F
0738E:  ADDWF  x61,W
07390:  MOVWF  FE9
07392:  MOVLW  00
07394:  ADDWFC x62,W
07396:  MOVWF  FEA
07398:  MOVFF  FEF,76E
0739C:  MOVF   x6E,F
0739E:  BTFSC  FD8.2
073A0:  BRA    7538
....................    {
....................       if (skip && !isspace(c))
073A2:  BTFSS  x6D.0
073A4:  BRA    73C4
073A6:  MOVF   x6E,W
073A8:  SUBLW  20
073AA:  BZ    73C4
....................       {
....................          skip = 0;
073AC:  BCF    x6D.0
....................          if (c == '+')
073AE:  MOVF   x6E,W
073B0:  SUBLW  2B
073B2:  BNZ   73BA
....................          {
....................             sign = 0;
073B4:  BCF    x6D.1
....................             continue;
073B6:  BRA    7520
....................          }            
073B8:  BRA    73C4
....................          else if (c == '-')
073BA:  MOVF   x6E,W
073BC:  SUBLW  2D
073BE:  BNZ   73C4
....................          {
....................             sign = 1;
073C0:  BSF    x6D.1
....................             continue;
073C2:  BRA    7520
....................          }
....................       }
....................       if (!skip && (c == '.') && !point)
073C4:  BTFSC  x6D.0
073C6:  BRA    73D6
073C8:  MOVF   x6E,W
073CA:  SUBLW  2E
073CC:  BNZ   73D6
073CE:  BTFSC  x6D.2
073D0:  BRA    73D6
....................          point = 1;
073D2:  BSF    x6D.2
073D4:  BRA    7520
....................       else if (!skip && isdigit(c))
073D6:  BTFSC  x6D.0
073D8:  BRA    751A
073DA:  MOVF   x6E,W
073DC:  SUBLW  2F
073DE:  BTFSC  FD8.0
073E0:  BRA    751A
073E2:  MOVF   x6E,W
073E4:  SUBLW  39
073E6:  BTFSS  FD8.0
073E8:  BRA    751A
....................       {
....................          c -= '0';
073EA:  MOVLW  30
073EC:  SUBWF  x6E,F
....................          if (point)
073EE:  BTFSS  x6D.2
073F0:  BRA    74A0
....................          {
....................             pow10 = pow10 * 10.0;
073F2:  MOVFF  768,7A6
073F6:  MOVFF  767,7A5
073FA:  MOVFF  766,7A4
073FE:  MOVFF  765,7A3
07402:  CLRF   xAA
07404:  CLRF   xA9
07406:  MOVLW  20
07408:  MOVWF  xA8
0740A:  MOVLW  82
0740C:  MOVWF  xA7
0740E:  MOVLB  0
07410:  CALL   11FA
07414:  MOVFF  03,768
07418:  MOVFF  02,767
0741C:  MOVFF  01,766
07420:  MOVFF  00,765
....................             result += (float)c / pow10;   
07424:  MOVLB  7
07426:  CLRF   xA8
07428:  MOVFF  76E,7A7
0742C:  MOVLB  0
0742E:  CALL   2E74
07432:  MOVFF  03,773
07436:  MOVFF  02,772
0743A:  MOVFF  01,771
0743E:  MOVFF  00,770
07442:  MOVFF  03,79F
07446:  MOVFF  02,79E
0744A:  MOVFF  01,79D
0744E:  MOVFF  00,79C
07452:  MOVFF  768,7A3
07456:  MOVFF  767,7A2
0745A:  MOVFF  766,7A1
0745E:  MOVFF  765,7A0
07462:  CALL   24EA
07466:  BCF    FD8.1
07468:  MOVFF  76C,7AA
0746C:  MOVFF  76B,7A9
07470:  MOVFF  76A,7A8
07474:  MOVFF  769,7A7
07478:  MOVFF  03,7AE
0747C:  MOVFF  02,7AD
07480:  MOVFF  01,7AC
07484:  MOVFF  00,7AB
07488:  CALL   0EC0
0748C:  MOVFF  03,76C
07490:  MOVFF  02,76B
07494:  MOVFF  01,76A
07498:  MOVFF  00,769
....................          }
0749C:  BRA    7516
0749E:  MOVLB  7
....................          else
....................          {
....................             result = 10.0 * result + (float)c;
074A0:  CLRF   xA6
074A2:  CLRF   xA5
074A4:  MOVLW  20
074A6:  MOVWF  xA4
074A8:  MOVLW  82
074AA:  MOVWF  xA3
074AC:  MOVFF  76C,7AA
074B0:  MOVFF  76B,7A9
074B4:  MOVFF  76A,7A8
074B8:  MOVFF  769,7A7
074BC:  MOVLB  0
074BE:  CALL   11FA
074C2:  MOVFF  03,773
074C6:  MOVFF  02,772
074CA:  MOVFF  01,771
074CE:  MOVFF  00,770
074D2:  MOVLB  7
074D4:  CLRF   xA8
074D6:  MOVFF  76E,7A7
074DA:  MOVLB  0
074DC:  CALL   2E74
074E0:  BCF    FD8.1
074E2:  MOVFF  773,7AA
074E6:  MOVFF  772,7A9
074EA:  MOVFF  771,7A8
074EE:  MOVFF  770,7A7
074F2:  MOVFF  03,7AE
074F6:  MOVFF  02,7AD
074FA:  MOVFF  01,7AC
074FE:  MOVFF  00,7AB
07502:  CALL   0EC0
07506:  MOVFF  03,76C
0750A:  MOVFF  02,76B
0750E:  MOVFF  01,76A
07512:  MOVFF  00,769
....................          }
....................       }
07516:  BRA    7522
07518:  MOVLB  7
....................       else if (!skip)
0751A:  BTFSC  x6D.0
0751C:  BRA    7520
....................          break;
0751E:  BRA    7538
07520:  MOVLB  0
07522:  MOVLB  7
07524:  MOVF   x6F,W
07526:  INCF   x6F,F
07528:  ADDWF  x61,W
0752A:  MOVWF  FE9
0752C:  MOVLW  00
0752E:  ADDWFC x62,W
07530:  MOVWF  FEA
07532:  MOVFF  FEF,76E
07536:  BRA    739C
....................    }
.................... 
....................    if (sign)
07538:  BTFSS  x6D.1
0753A:  BRA    7570
....................       result = -1*result;
0753C:  CLRF   xA6
0753E:  CLRF   xA5
07540:  MOVLW  80
07542:  MOVWF  xA4
07544:  MOVLW  7F
07546:  MOVWF  xA3
07548:  MOVFF  76C,7AA
0754C:  MOVFF  76B,7A9
07550:  MOVFF  76A,7A8
07554:  MOVFF  769,7A7
07558:  MOVLB  0
0755A:  CALL   11FA
0755E:  MOVFF  03,76C
07562:  MOVFF  02,76B
07566:  MOVFF  01,76A
0756A:  MOVFF  00,769
0756E:  MOVLB  7
....................       
....................    if(endptr)
07570:  MOVF   x63,W
07572:  IORWF  x64,W
07574:  BZ    75A4
....................    {
....................       if (ptr) {
07576:  MOVF   x6F,F
07578:  BZ    7592
....................          ptr--;
0757A:  DECF   x6F,F
....................        #IF LONG_POINTERS 
....................          *((int16 *)endptr)= s+ptr; 
0757C:  MOVFF  764,FEA
07580:  MOVFF  763,FE9
07584:  MOVF   x6F,W
07586:  ADDWF  x61,W
07588:  MOVWF  FEF
0758A:  MOVLW  00
0758C:  ADDWFC x62,W
0758E:  MOVWF  FEC
....................        #ELSE
....................          *((char *)endptr)=s+ptr;
....................        #ENDIF
....................       }
07590:  BRA    75A4
....................       else
....................       {
....................       #IF LONG_POINTERS
....................       *((int16 *)endptr)= s; 
07592:  MOVFF  764,FEA
07596:  MOVFF  763,FE9
0759A:  MOVFF  762,FEC
0759E:  MOVF   FED,F
075A0:  MOVFF  761,FEF
....................       #ELSE
....................       *((char *)endptr)=s;
....................       #ENDIF
....................       }
....................    }
.................... 
....................    return(result);
075A4:  MOVFF  769,00
075A8:  MOVFF  76A,01
075AC:  MOVFF  76B,02
075B0:  MOVFF  76C,03
075B4:  MOVLB  0
075B6:  RETURN 0
.................... }
.................... 
.................... #if defined(__PCD__)
.................... float48 strtof48(char *s, char **endptr)
.................... {
....................    float48 pow10 = 1.0;
....................    float48 result = 0.0;
....................    int1 skip = 1, sign = 0, point = 0;
....................    char c;
....................    unsigned int8 ptr = 0;
.................... 
....................    if (!s)
....................       return 0;
.................... 
....................    for(c=s[ptr++]; c!=0; c=s[ptr++])
....................    {
....................       if (skip && !isspace(c))
....................       {
....................          skip = 0;
....................          if (c == '+')
....................          {
....................             sign = 0;
....................             continue;
....................          }            
....................          else if (c == '-')
....................          {
....................             sign = 1;
....................             continue;
....................          }
....................       }
....................       if (!skip && (c == '.') && !point)
....................          point = 1;
....................       else if (!skip && isdigit(c))
....................       {
....................          c -= '0';
....................          if (point)
....................          {
....................             pow10 = pow10 * 10.0;
....................             result += (float48)c / pow10;   
....................          }
....................          else
....................          {
....................             result = 10.0 * result + (float48)c;
....................          }
....................       }
....................       else if (!skip)
....................          break;
....................    }
.................... 
....................    if (sign)
....................       result = -1*result;
....................       
....................    if(endptr)
....................    {
....................       if (ptr) {
....................          ptr--;
....................        #IF LONG_POINTERS 
....................          *((int16 *)endptr)= s+ptr; 
....................        #ELSE
....................          *((char *)endptr)=s+ptr;
....................        #ENDIF
....................       }
....................       else
....................       {
....................       #IF LONG_POINTERS
....................       *((int16 *)endptr)= s; 
....................       #ELSE
....................       *((char *)endptr)=s;
....................       #ENDIF
....................       }
....................    }
.................... 
....................    return(result);
.................... }
.................... 
.................... float64 strtod(char *s, char **endptr)
.................... {
....................    float64 pow10 = 1.0;
....................    float64 result = 0.0;
....................    int1 skip = 1, sign = 0, point = 0;
....................    char c;
....................    unsigned int8 ptr = 0;
.................... 
....................    if (!s)
....................       return 0;
.................... 
....................    for(c=s[ptr++]; c!=0; c=s[ptr++])
....................    {
....................       if (skip && !isspace(c))
....................       {
....................          skip = 0;
....................          if (c == '+')
....................          {
....................             sign = 0;
....................             continue;
....................          }            
....................          else if (c == '-')
....................          {
....................             sign = 1;
....................             continue;
....................          }
....................       }
....................       if (!skip && (c == '.') && !point)
....................          point = 1;
....................       else if (!skip && isdigit(c))
....................       {
....................          c -= '0';
....................          if (point)
....................          {
....................             pow10 = pow10 * 10.0;
....................             result += (float64)c / pow10;   
....................          }
....................          else
....................          {
....................             result = 10.0 * result + (float64)c;
....................          }
....................       }
....................       else if (!skip)
....................          break;
....................    }
.................... 
....................    if (sign)
....................       result = -1*result;
....................       
....................    if(endptr)
....................    {
....................       if (ptr) {
....................          ptr--;
....................        #IF LONG_POINTERS 
....................          *((int16 *)endptr)= s+ptr; 
....................        #ELSE
....................          *((char *)endptr)=s+ptr;
....................        #ENDIF
....................       }
....................       else
....................       {
....................       #IF LONG_POINTERS
....................       *((int16 *)endptr)= s; 
....................       #ELSE
....................       *((char *)endptr)=s;
....................       #ENDIF
....................       }
....................    }
.................... 
....................    return(result);
.................... }
.................... #endif
.................... 
.................... #ifndef __PCB__
.................... unsigned long strtoul(char *s, char *endptr, signed int base)
*
0605E:  MOVLB  7
06060:  CLRF   x95
06062:  CLRF   x94
.................... {
....................    char *sc,*s1,*sd;
....................    unsigned long x=0;
....................    char sign;
....................    char digits[]="0123456789abcdefghijklmnopqstuvwxyz";
06064:  MOVLW  30
06066:  MOVWF  x97
06068:  MOVLW  31
0606A:  MOVWF  x98
0606C:  MOVLW  32
0606E:  MOVWF  x99
06070:  MOVLW  33
06072:  MOVWF  x9A
06074:  MOVLW  34
06076:  MOVWF  x9B
06078:  MOVLW  35
0607A:  MOVWF  x9C
0607C:  MOVLW  36
0607E:  MOVWF  x9D
06080:  MOVLW  37
06082:  MOVWF  x9E
06084:  MOVLW  38
06086:  MOVWF  x9F
06088:  MOVLW  39
0608A:  MOVWF  xA0
0608C:  MOVLW  61
0608E:  MOVWF  xA1
06090:  MOVLW  62
06092:  MOVWF  xA2
06094:  MOVLW  63
06096:  MOVWF  xA3
06098:  MOVLW  64
0609A:  MOVWF  xA4
0609C:  MOVLW  65
0609E:  MOVWF  xA5
060A0:  MOVLW  66
060A2:  MOVWF  xA6
060A4:  MOVLW  67
060A6:  MOVWF  xA7
060A8:  MOVLW  68
060AA:  MOVWF  xA8
060AC:  MOVLW  69
060AE:  MOVWF  xA9
060B0:  MOVLW  6A
060B2:  MOVWF  xAA
060B4:  MOVLW  6B
060B6:  MOVWF  xAB
060B8:  MOVLW  6C
060BA:  MOVWF  xAC
060BC:  MOVLW  6D
060BE:  MOVWF  xAD
060C0:  MOVLW  6E
060C2:  MOVWF  xAE
060C4:  MOVLW  6F
060C6:  MOVWF  xAF
060C8:  MOVLW  70
060CA:  MOVWF  xB0
060CC:  MOVLW  71
060CE:  MOVWF  xB1
060D0:  MOVLW  73
060D2:  MOVWF  xB2
060D4:  MOVLW  74
060D6:  MOVWF  xB3
060D8:  MOVLW  75
060DA:  MOVWF  xB4
060DC:  MOVLW  76
060DE:  MOVWF  xB5
060E0:  MOVLW  77
060E2:  MOVWF  xB6
060E4:  MOVLW  78
060E6:  MOVWF  xB7
060E8:  MOVLW  79
060EA:  MOVWF  xB8
060EC:  MOVLW  7A
060EE:  MOVWF  xB9
060F0:  CLRF   xBA
....................    for(sc=s;isspace(*sc);++sc);
060F2:  MOVFF  78A,78F
060F6:  MOVFF  789,78E
060FA:  MOVFF  78F,FEA
060FE:  MOVFF  78E,FE9
06102:  MOVF   FEF,W
06104:  SUBLW  20
06106:  BNZ   6110
06108:  INCF   x8E,F
0610A:  BTFSC  FD8.2
0610C:  INCF   x8F,F
0610E:  BRA    60FA
....................    sign=*sc=='-'||*sc=='+'?*sc++:'+';
06110:  MOVFF  78F,03
06114:  MOVFF  78E,FE9
06118:  MOVFF  03,FEA
0611C:  MOVF   FEF,W
0611E:  SUBLW  2D
06120:  BZ    6130
06122:  MOVFF  78F,FEA
06126:  MOVFF  78E,FE9
0612A:  MOVF   FEF,W
0612C:  SUBLW  2B
0612E:  BNZ   6142
06130:  MOVFF  78F,FEA
06134:  MOVF   x8E,W
06136:  INCF   x8E,F
06138:  BTFSC  FD8.2
0613A:  INCF   x8F,F
0613C:  MOVWF  FE9
0613E:  MOVF   FEF,W
06140:  BRA    6144
06142:  MOVLW  2B
06144:  MOVWF  x96
....................    if(sign=='-' || base <0 || base ==1|| base >36) // invalid base
06146:  MOVF   x96,W
06148:  SUBLW  2D
0614A:  BZ    6160
0614C:  BTFSC  x8D.7
0614E:  BRA    6160
06150:  DECFSZ x8D,W
06152:  BRA    6156
06154:  BRA    6160
06156:  BTFSC  x8D.7
06158:  BRA    6164
0615A:  MOVF   x8D,W
0615C:  SUBLW  24
0615E:  BC    6164
....................    goto StrtoulGO;
06160:  BRA    636C
06162:  BRA    625C
.................... 
....................    else if (base)
06164:  MOVF   x8D,F
06166:  BZ    61F4
....................    {
....................       if(base==16 && *sc =='0'&&(sc[1]=='x' || sc[1]=='X'))
06168:  MOVF   x8D,W
0616A:  SUBLW  10
0616C:  BNZ   61A8
0616E:  MOVFF  78F,FEA
06172:  MOVFF  78E,FE9
06176:  MOVF   FEF,W
06178:  SUBLW  30
0617A:  BNZ   61A8
0617C:  MOVLW  01
0617E:  ADDWF  x8E,W
06180:  MOVWF  FE9
06182:  MOVLW  00
06184:  ADDWFC x8F,W
06186:  MOVWF  FEA
06188:  MOVF   FEF,W
0618A:  SUBLW  78
0618C:  BZ    61A0
0618E:  MOVLW  01
06190:  ADDWF  x8E,W
06192:  MOVWF  FE9
06194:  MOVLW  00
06196:  ADDWFC x8F,W
06198:  MOVWF  FEA
0619A:  MOVF   FEF,W
0619C:  SUBLW  58
0619E:  BNZ   61A8
....................          sc+=2;
061A0:  MOVLW  02
061A2:  ADDWF  x8E,F
061A4:  MOVLW  00
061A6:  ADDWFC x8F,F
....................       if(base==8 && *sc =='0')
061A8:  MOVF   x8D,W
061AA:  SUBLW  08
061AC:  BNZ   61C4
061AE:  MOVFF  78F,FEA
061B2:  MOVFF  78E,FE9
061B6:  MOVF   FEF,W
061B8:  SUBLW  30
061BA:  BNZ   61C4
....................          sc+=1;
061BC:  MOVLW  01
061BE:  ADDWF  x8E,F
061C0:  MOVLW  00
061C2:  ADDWFC x8F,F
....................       if(base==2 && *sc =='0'&&sc[1]=='b')
061C4:  MOVF   x8D,W
061C6:  SUBLW  02
061C8:  BNZ   61F2
061CA:  MOVFF  78F,FEA
061CE:  MOVFF  78E,FE9
061D2:  MOVF   FEF,W
061D4:  SUBLW  30
061D6:  BNZ   61F2
061D8:  MOVLW  01
061DA:  ADDWF  x8E,W
061DC:  MOVWF  FE9
061DE:  MOVLW  00
061E0:  ADDWFC x8F,W
061E2:  MOVWF  FEA
061E4:  MOVF   FEF,W
061E6:  SUBLW  62
061E8:  BNZ   61F2
....................          sc+=2;
061EA:  MOVLW  02
061EC:  ADDWF  x8E,F
061EE:  MOVLW  00
061F0:  ADDWFC x8F,F
.................... 
....................    }
061F2:  BRA    625C
....................    else if(*sc!='0') // base is 0, find base
061F4:  MOVFF  78F,FEA
061F8:  MOVFF  78E,FE9
061FC:  MOVF   FEF,W
061FE:  SUBLW  30
06200:  BZ    6208
....................       base=10;
06202:  MOVLW  0A
06204:  MOVWF  x8D
06206:  BRA    625C
....................    else if (sc[1]=='x' || sc[1]=='X')
06208:  MOVLW  01
0620A:  ADDWF  x8E,W
0620C:  MOVWF  FE9
0620E:  MOVLW  00
06210:  ADDWFC x8F,W
06212:  MOVWF  FEA
06214:  MOVF   FEF,W
06216:  SUBLW  78
06218:  BZ    622C
0621A:  MOVLW  01
0621C:  ADDWF  x8E,W
0621E:  MOVWF  FE9
06220:  MOVLW  00
06222:  ADDWFC x8F,W
06224:  MOVWF  FEA
06226:  MOVF   FEF,W
06228:  SUBLW  58
0622A:  BNZ   623A
....................       base =16,sc+=2;
0622C:  MOVLW  10
0622E:  MOVWF  x8D
06230:  MOVLW  02
06232:  ADDWF  x8E,F
06234:  MOVLW  00
06236:  ADDWFC x8F,F
06238:  BRA    625C
....................    else if(sc[1]=='b')
0623A:  MOVLW  01
0623C:  ADDWF  x8E,W
0623E:  MOVWF  FE9
06240:  MOVLW  00
06242:  ADDWFC x8F,W
06244:  MOVWF  FEA
06246:  MOVF   FEF,W
06248:  SUBLW  62
0624A:  BNZ   6258
....................       base=2,sc+=2;
0624C:  MOVLW  02
0624E:  MOVWF  x8D
06250:  ADDWF  x8E,F
06252:  MOVLW  00
06254:  ADDWFC x8F,F
06256:  BRA    625C
....................    else
....................       base=8;
06258:  MOVLW  08
0625A:  MOVWF  x8D
....................    for (s1=sc;*sc=='0';++sc);// skip leading zeroes
0625C:  MOVFF  78F,791
06260:  MOVFF  78E,790
06264:  MOVFF  78F,FEA
06268:  MOVFF  78E,FE9
0626C:  MOVF   FEF,W
0626E:  SUBLW  30
06270:  BNZ   627A
06272:  INCF   x8E,F
06274:  BTFSC  FD8.2
06276:  INCF   x8F,F
06278:  BRA    6264
....................    sd=memchr(digits,tolower(*sc),base);
0627A:  MOVFF  78F,03
0627E:  MOVFF  78E,FE9
06282:  MOVFF  03,FEA
06286:  MOVFF  FEF,7BB
0628A:  MOVF   xBB,W
0628C:  SUBLW  40
0628E:  BC    629C
06290:  MOVF   xBB,W
06292:  SUBLW  5A
06294:  BNC   629C
06296:  MOVF   xBB,W
06298:  IORLW  20
0629A:  BRA    629E
0629C:  MOVF   xBB,W
0629E:  MOVWF  xBB
062A0:  MOVLW  07
062A2:  MOVWF  xBD
062A4:  MOVLW  97
062A6:  MOVWF  xBC
062A8:  MOVFF  7BB,7BE
062AC:  CLRF   xC0
062AE:  MOVFF  78D,7BF
062B2:  BTFSC  xBF.7
062B4:  DECF   xC0,F
062B6:  MOVLB  0
062B8:  RCALL  5FBE
062BA:  MOVFF  02,793
062BE:  MOVFF  01,792
....................    for(; sd!=0; )
062C2:  MOVLB  7
062C4:  MOVF   x92,F
062C6:  BNZ   62CC
062C8:  MOVF   x93,F
062CA:  BZ    6360
....................    {
....................       x=x*base+(int16)(sd-digits);
062CC:  CLRF   03
062CE:  MOVF   x8D,W
062D0:  MOVWF  00
062D2:  BTFSC  FE8.7
062D4:  DECF   03,F
062D6:  MOVWF  xBB
062D8:  MOVFF  03,7BC
062DC:  MOVFF  795,7BE
062E0:  MOVFF  794,7BD
062E4:  MOVFF  03,7C0
062E8:  MOVWF  xBF
062EA:  MOVLB  0
062EC:  BRA    6008
062EE:  MOVFF  01,7BB
062F2:  MOVLW  97
062F4:  MOVLB  7
062F6:  SUBWF  x92,W
062F8:  MOVWF  00
062FA:  MOVLW  07
062FC:  SUBWFB x93,W
062FE:  MOVWF  03
06300:  MOVF   00,W
06302:  ADDWF  01,W
06304:  MOVWF  01
06306:  MOVF   02,W
06308:  ADDWFC 03,F
0630A:  MOVFF  01,794
0630E:  MOVFF  03,795
....................       ++sc;
06312:  INCF   x8E,F
06314:  BTFSC  FD8.2
06316:  INCF   x8F,F
....................       sd=memchr(digits,tolower(*sc),base);
06318:  MOVFF  78F,FEA
0631C:  MOVFF  78E,FE9
06320:  MOVFF  FEF,7BB
06324:  MOVF   xBB,W
06326:  SUBLW  40
06328:  BC    6336
0632A:  MOVF   xBB,W
0632C:  SUBLW  5A
0632E:  BNC   6336
06330:  MOVF   xBB,W
06332:  IORLW  20
06334:  BRA    6338
06336:  MOVF   xBB,W
06338:  MOVWF  xBB
0633A:  MOVLW  07
0633C:  MOVWF  xBD
0633E:  MOVLW  97
06340:  MOVWF  xBC
06342:  MOVFF  7BB,7BE
06346:  CLRF   xC0
06348:  MOVFF  78D,7BF
0634C:  BTFSC  xBF.7
0634E:  DECF   xC0,F
06350:  MOVLB  0
06352:  RCALL  5FBE
06354:  MOVFF  02,793
06358:  MOVFF  01,792
0635C:  BRA    62C2
0635E:  MOVLB  7
....................    }
....................    if(s1==sc)
06360:  MOVF   x8E,W
06362:  SUBWF  x90,W
06364:  BNZ   638E
06366:  MOVF   x8F,W
06368:  SUBWF  x91,W
0636A:  BNZ   638E
....................    {
....................    StrtoulGO:
....................       if (endptr)
0636C:  MOVLB  7
0636E:  MOVF   x8B,W
06370:  IORWF  x8C,W
06372:  BZ    6386
....................       {
....................          #IF LONG_POINTERS
....................          *((int16 *)endptr)= s; 
06374:  MOVFF  78C,FEA
06378:  MOVFF  78B,FE9
0637C:  MOVFF  78A,FEC
06380:  MOVF   FED,F
06382:  MOVFF  789,FEF
....................          #ELSE
....................          *((char *)endptr)=s;
....................          #ENDIF
....................          }
....................    return 0;
06386:  MOVLW  00
06388:  MOVWF  01
0638A:  MOVWF  02
0638C:  BRA    63AE
....................    }
....................    if (endptr)
0638E:  MOVF   x8B,W
06390:  IORWF  x8C,W
06392:  BZ    63A6
....................    {
....................          #IF LONG_POINTERS
....................          *((int16 *)endptr)= sc; 
06394:  MOVFF  78C,FEA
06398:  MOVFF  78B,FE9
0639C:  MOVFF  78F,FEC
063A0:  MOVF   FED,F
063A2:  MOVFF  78E,FEF
....................          #ELSE
....................          *((char *)endptr)=sc; 
....................          #ENDIF
....................    }
....................    return x;
063A6:  MOVFF  794,01
063AA:  MOVFF  795,02
063AE:  MOVLB  0
063B0:  RETURN 0
.................... }
.................... 
.................... 
.................... signed long strtol(char *s,char *endptr, signed int base)
.................... {
....................    char *sc,*s1,*sd;
....................    signed long x=0;
....................    char sign;
....................    char digits[]="0123456789abcdefghijklmnopqstuvwxyz";
....................    for(sc=s;isspace(*sc);++sc);
....................    sign=*sc=='-'||*sc=='+'?*sc++:'+';
....................    if (base <0 || base ==1|| base >36) // invalid base
....................    goto StrtolGO;
....................    else if (base)
....................    {
....................       if(base==16 && *sc =='0'&&(sc[1]=='x' || sc[1]=='X'))
....................          sc+=2;
....................       if(base==8 && *sc =='0')
....................          sc+=1;
....................       if(base==2 && *sc =='0'&&sc[1]=='b')
....................          sc+=2;
.................... 
....................    }
....................    else if(*sc!='0') // base is 0, find base
....................       base=10;
....................    else if (sc[1]=='x' || sc[1]=='X')
....................       base =16,sc+=2;
....................    else if(sc[1]=='b')
....................       base=2,sc+=2;
....................    else
....................       base=8;
....................    for (s1=sc;*sc=='0';++sc);// skip leading zeroes
.................... 
....................    sd=memchr(digits,tolower(*sc),base);
....................    for(;sd!=0;)
....................    {
....................       x=x*base+(int16)(sd-digits);
....................       ++sc;
....................       sd=memchr(digits,tolower(*sc),base);
....................    }
....................    if(s1==sc)
....................    {
....................    StrtolGO:
....................       if (endptr)
....................       {
....................          #IF LONG_POINTERS
....................          *((int16 *)endptr)= s; 
....................          #ELSE
....................          *((char *)endptr)=s;
....................          #ENDIF
....................       }
....................    return 0;
....................    }
....................    if(sign=='-')
....................       x  =-x;
....................    if (endptr)
....................    {
....................         #IF LONG_POINTERS
....................          *((int16 *)endptr)= sc; 
....................         #ELSE
....................         *((char *)endptr)=sc;
....................         #ENDIF
....................    }
....................    return x;
.................... }
.................... #endif
.................... 
.................... signed int8 system(char *string)
.................... {
....................    return 0;
.................... }
.................... 
.................... size_t mblen(char *s,size_t n)
.................... {
....................    return strlen(s);
.................... }
.................... 
.................... int8 mbtowc(wchar_t *pwc,char *s,size_t n)
.................... {
....................    *pwc=*s;
....................    return 1;
.................... }
.................... 
.................... int8 wctomb(char *s,wchar_t wchar)
.................... {
....................    *s=wchar;
....................    return 1;
.................... }
.................... 
.................... size_t mbstowcs(wchar_t *pwcs,char *s,size_t n)
.................... {
....................    strncpy((char *)pwcs,s,n);
....................    return strlen((char *)pwcs);
.................... }
.................... 
.................... size_t wcstombs(char *s,wchar_t *pwcs,size_t n)
.................... {
....................    strncpy(s,(char *)pwcs,n);
....................    return strlen(s);
.................... }
.................... 
.................... //---------------------------------------------------------------------------
.................... // The random number implementation
.................... //---------------------------------------------------------------------------
.................... 
.................... unsigned int32 _Randseed;
.................... 
.................... unsigned int16 rand(void)
.................... {
....................    _Randseed = _Randseed * 1103515245 + 12345;
....................    return ((unsigned int16)(_Randseed >> 16) % RAND_MAX);
.................... }
.................... 
.................... void srand(unsigned int32 seed)
.................... {
....................    _Randseed = seed;
.................... }
.................... 
.................... //---------------------------------------------------------------------------
.................... // Searching and sorting utilities implementation
.................... //---------------------------------------------------------------------------
.................... 
.................... #if !defined(__PCD__)
.................... typedef signed int8 (*_Cmpfun)(char * p1,char * p2); 
.................... #else 
.................... typedef signed int16 (*_Cmpfun)(char * p1,char * p2); 
.................... #endif
.................... 
.................... 
.................... 
.................... void qsort(char * qdata, unsigned int qitems, unsigned int qsize, _Cmpfun cmp) {
....................    unsigned int m,j,i,l;
....................    int1 done;
....................    unsigned int8 t[16];
.................... 
....................    m = qitems/2;
....................    while( m > 0 ) {
....................      for(j=0; j<(qitems-m); ++j) {
....................         i = j;
....................         do
....................         {
....................            done=1;
....................            l = i+m;
....................            if( (*cmp)(qdata+i*qsize, qdata+l*qsize) > 0 ) {
....................               memcpy(t, qdata+i*qsize, qsize);
....................               memcpy(qdata+i*qsize, qdata+l*qsize, qsize);
....................               memcpy(qdata+l*qsize, t, qsize);
....................               if(m <= i)
....................                 i -= m;
....................                 done = 0;
....................            }
....................         } while(!done);
....................      }
....................      m = m/2;
....................    }
.................... }
.................... 
.................... 
.................... char *bsearch(char *key, char *base, size_t num, size_t width,_Cmpfun cmp)
.................... {
....................    char *p, *q;
....................    size_t n;
....................    size_t pivot;
....................    signed int val;
.................... 
....................    p = base;
....................    n = num;
.................... 
....................    while (n > 0)
....................    {
....................       pivot = n >> 1;
....................       q = p + width * pivot;
.................... 
....................       val = (*cmp)(key, q);
.................... 
....................       if (val < 0)
....................          n = pivot;
....................       else if (val == 0)
....................          return ((char *)q);
....................       else {
....................          p = q + width;
....................          n -= pivot + 1;
....................       }
....................    }
.................... 
....................    return NULL;      // There's no match
.................... }
.................... 
.................... 
.................... #endif
.................... 
.................... 
.................... typedef enum channelMap {chX, chY}; // Piezo channels
.................... typedef enum channelMode {MANUAL, MAGSNS}; // Voltage or Magnetic Sensor Control
.................... 
.................... /*****************************************************************************/
.................... /* CAT24C04 EEProm --- page size = 16 bytes, Write when LSB=0 Read when LSB=1*/
.................... /*****************************************************************************/
.................... #ifdef use_ext_eeprom
.................... #define EE_Slave_Addr 0xA0
.................... #define writeProtectPin EE_WP
.................... #define pageSize 16
.................... // EEProm is on 12C bus 1
.................... #use i2c(master, fast, sda=PIN_C4, scl=PIN_C3, FORCE_HW, STREAM=EEPROM)
.................... #endif
.................... 
.................... /*****************************************************************************/
.................... /*****************************************************************************/
.................... /* FUNCTIONS PROTOTYPES START HERE                                           */
.................... /*****************************************************************************/
.................... /*****************************************************************************/
.................... #ifdef use_ext_eeprom
.................... void ee_send_start(unsigned int16 address, BOOLEAN read);
.................... #endif
.................... void ee_save_reg(unsigned int8 *reg, unsigned int16 eeLocation, unsigned int8 length);
.................... void ee_load_reg(unsigned int8 *reg, unsigned int16 eeLocation, unsigned int8 length);
.................... void params_save_to_ee(void);
.................... void params_load_from_ee(void);
.................... void params_init(void);
.................... void params_invalidate(void);
.................... 
.................... /*****************************************************************************/
.................... /*****************************************************************************/
.................... /* PARAMETERS START HERE. All Params should have an EEPROM address that is   */
.................... /* at the start of an EERPOM page.                                           */ 
.................... /*****************************************************************************/
.................... /*****************************************************************************/
.................... 
.................... /*****************************************************************************/
.................... /* PID Parameters                                                            */
.................... /*****************************************************************************/
.................... #define pid_params_ee_addr 0
.................... #define pid_params_length 128  // length in bytes
.................... struct pidParams
.................... {
....................     float kP;      // proportional gain
....................     float kI;      // integral gain
....................     float kD;      // derivative gain
....................     float SP;      // set point-- desired output
....................     float PV;      // process variable-- measured output
....................     float PVold;   // oldPV value  
....................     float CV;      // control variable-- output -- 0 to 100%
....................     float I;       // integral value
....................     float maxSP;   // Max setpoint in microns
....................     float minSP;   // Min setpoint in microns
.................... }PID[2] = {
....................    //  P     I     D
....................     {0.01,   0.3,  0.1, 0,0,0,0,0,0,0}, 
....................     {0.01,   0.3,  0.1, 0,0,0,0,0,0,0}
....................     };
.................... 
.................... /*****************************************************************************/
.................... /* Output Channel Map                                                        */
.................... /*****************************************************************************/
.................... #define channel_map_ee_addr 128
.................... #define channel_map_length 2  // length in bytes
.................... channelMap chMap[2] = {chX, chY};
.................... 
.................... // @FLAG
.................... #define op_upper_bound 63  // CRYO
.................... #define op_lower_bound -63 // CRYO
.................... 
.................... // #define op_upper_bound 63  // AMBIENT 
.................... // #define op_lower_bound -12 // AMBIENT
.................... 
.................... //!#define op_upper_bound 100  // FULL 
.................... //!#define op_lower_bound -100 // FULL
.................... 
.................... 
.................... /*****************************************************************************/
.................... /* Input Channel Mode                                                        */
.................... /*****************************************************************************/
.................... #define channel_mode_ee_addr 144
.................... #define channel_mode_length 2  // length in bytes
.................... channelMode chMode[2] = {MANUAL, MANUAL};
.................... 
.................... /*****************************************************************************/
.................... /* ADC Calibration Constants                                                 */
.................... /*****************************************************************************/
.................... #define adc_cal_params_ee_addr 160
.................... #define adc_cal_params_length 32  // length in bytes
.................... struct adcCalParms
.................... {
....................    float sinOS;
....................    float cosOS;
....................    float sinGain;
....................    float cosGain;
.................... } adcCal[2] = {
....................                 {0,0,1,1},
....................                 {0,0,1,1}
....................               };
.................... 
.................... /*****************************************************************************/
.................... /* Sensor Calibration Constants                                              */
.................... /*****************************************************************************/
.................... #define sensor_cal_params_ee_addr 192
.................... #define sensor_cal_params_length 48  // length in bytes
.................... struct sensorCalParams
.................... {
....................    float c0;
....................    float c1;
....................    float c2;
....................    float c3;
....................    float c4;
....................    float c5;
.................... } sensorCal[2] = {
....................                     {0,1,0,0,0,0},
....................                     {0,1,0,0,0,0}
....................                  };
.................... 
.................... // fifth order polynomial constants
.................... 
.................... /*****************************************************************************/
.................... /* Monitor Calibration Constants                                             */
.................... /*****************************************************************************/
.................... #define mon_cal_params_ee_addr 240
.................... #define mon_cal_params_length 56  // length in bytes
.................... struct monCalParams
.................... {
....................    float vN15[2];  // offset and gain
....................    float v200[2];
....................    float v5V6[2];
....................    float v5VA[2];
....................    float v3V6X[2];
....................    float v3V3A[2];
....................    float v3V3D[2];
....................    
.................... }monCal = {
....................    {0, -0.02245509}, 
....................    {0,   0.2127659}, 
....................    {0, 0.008432515}, 
....................    {0, 0.008173486}, 
....................    {0, 0.009655914}, 
....................    {0, 0.007094828}, 
....................    {0, 0.007081720}
.................... };
.................... 
.................... /*****************************************************************************/
.................... /* PARAMS Valid                                                              */
.................... /*****************************************************************************/
.................... #define invalidate 0xFF
.................... #define isValid 0xAA
.................... #define params_valid_ee_addr 320
.................... #define params_valid_length 1  // length in bytes
.................... char paramsValid = isValid;
.................... // if data returns isValid from EEPROM then EEPROM has valid data
.................... 
.................... /*****************************************************************************/
.................... /*****************************************************************************/
.................... /* VOLATILE PARAMETERS                                                       */
.................... /*****************************************************************************/
.................... /*****************************************************************************/
.................... struct mv
.................... {
....................    float vN15; // internal voltages
....................    float v200;
....................    float v5V6;
....................    float v5VA;
....................    float v3V6X;
....................    float v3V3A;
....................    float v3V3D;
.................... }monitorVals = {0,0,0,0,0,0,0};
.................... 
.................... struct adcV
.................... {
....................    float sinRaw;           // adc raw count data
....................    float cosRaw;           // adc raw count data
....................    float sinCounts;        // calibrated counts
....................    float cosCounts;        // calibrated counts
....................    float sinLast;          // previous sin data
....................    float cosLast;          // previous cos data
....................    float p0;               // mid-pole position in microns
....................    signed int8  npoles;    // number of poles passed
....................    float pReal;            // real position in microns
....................    float pHome;            // Home position in microns
....................    BOOLEAN homeFlag;       // Flag to trigger the homing routine
.................... }adcVals[2] = 
.................... {
....................    {0,0,0,0,0,0,0,0,0,0,FALSE},
....................    {0,0,0,0,0,0,0,0,0,0,FALSE}
.................... };
.................... 
.................... BOOLEAN adcFilter = FALSE;
.................... 
.................... struct dacV
.................... {
....................     BOOLEAN invV;
....................     unsigned int16 ipVal;
....................     float opPcnt;
....................    
.................... }dacVals[2] = 
.................... {
....................     {FALSE,0,0},
....................     {FALSE,0,0}
.................... };
.................... 
.................... // used with timeouts
.................... unsigned int32 timeoutReg0 = 0; //All timers are defined in milliseconds, 
.................... unsigned int32 timeoutReg1 = 0; //with a resolution of 10ms
.................... unsigned int32 timeoutReg2 = 0;
.................... unsigned int16 intTimeoutReg = 0; // interrupting use for more precise timing
.................... /*****************************************************************************/
.................... /*****************************************************************************/
.................... /* FUNCTIONS START HERE                                                      */
.................... /*****************************************************************************/
.................... /*****************************************************************************/
.................... 
.................... /*****************************************************************************/
.................... /* ee_send_start --- sends the start messsage to the eeprom and set the addr */
.................... /*****************************************************************************/
.................... #ifdef use_ext_eeprom
.................... void ee_send_start(unsigned int16 address, BOOLEAN read = TRUE)
.................... {
....................    unsigned int8 romAddr = (unsigned int8)(address & 0x00FF);
....................    unsigned int8 slaveAddr = EE_Slave_Addr;
....................    #ifdef writeProtectPin
....................    output_low(writeProtectPin); // for write operations, clr WP pin
....................    #endif
....................    if (address > 0xFF) // if address > 8 bits
....................    { //add upper address bits (LSB of slave reserved are R/!W) 
....................       slaveAddr |= (unsigned int8)((address >> 7) & 0x000E) ;   
....................    }
....................    i2c_start(EEPROM);   // send start pulse on bus
....................    delay_ms(1);
....................    i2c_write(EEPROM, slaveAddr); // send slave address with R/!W clr (WRITE)
....................    i2c_write(EEPROM, romAddr); // rom address
....................    if (read) 
....................    {
....................       slaveAddr |= 0x01; // set the read bit
....................       delay_ms(1);
....................       i2c_start(EEPROM);
....................       delay_ms(1);
....................       i2c_write (EEPROM, slaveAddr); // send slave with R!W set (READ)
....................       #ifdef writeProtectPin
....................       output_high(writeProtectPin); // for read operations, set WP pin
....................       #endif
....................    }
.................... }
.................... #endif
.................... /*****************************************************************************/
.................... /* SAVE REGISTER TO EEPROM                                                   */
.................... /* note all registers are saved at a page boundary for simplicity            */
.................... /*****************************************************************************/
.................... void ee_save_reg(unsigned int8 *reg, unsigned int16 eeLocation, unsigned int8 length)
.................... #ifdef use_ext_eeprom
*
00540:  MOVLB  7
00542:  CLRF   x5E
.................... {
....................    int pageCnt = length/pageSize;
....................    int lastPageLength = length%pageSize;
....................    
....................    int i = 0; // number of pages to write
....................    int j = 0; // number of characters to write on last page
....................    
....................    for ( i = 0; i < pageCnt ; i++)  // pages to writes
....................    {
....................       ee_send_start(eeLocation, FALSE); // start the right
....................       for (j = 0; j < pageSize ; j++) // write 16 bytes (one page)
....................       {
....................          i2c_write(EEPROM, *(reg + j + (i * pageSize)));
....................          delay_ms(1);
....................       }
....................       i2c_stop();
....................       delay_ms(5);
....................       eeLocation += pageSize;
....................    }   
....................    if (lastPageLength > 0)
....................    {
....................       ee_send_start(eeLocation, FALSE);
....................       for (j = 0; j < lastPageLength; j++)
....................       {
....................          i2c_write(EEPROM, *(reg + j + (i * pageSize)));
....................          delay_ms(1);
....................       }
....................    }   
....................    i2c_stop(EEPROM);
....................    delay_ms(3);
....................    #ifdef writeProtectPin
....................    output_high(writeProtectPin); // for read operations, set WP pin
....................    #endif  
.................... }
.................... #else
.................... {
....................    int i = 0;
....................    for (i = 0; i < length; i++)
00544:  CLRF   x5E
00546:  MOVF   x5D,W
00548:  SUBWF  x5E,W
0054A:  BC    05A2
....................    {
....................       write_eeprom(eeLocation+i, *(reg + i));
0054C:  MOVF   x5E,W
0054E:  ADDWF  x5B,W
00550:  MOVWF  x5F
00552:  MOVLW  00
00554:  ADDWFC x5C,W
00556:  MOVWF  x60
00558:  MOVF   x5E,W
0055A:  ADDWF  x59,W
0055C:  MOVWF  01
0055E:  MOVLW  00
00560:  ADDWFC x5A,W
00562:  MOVWF  03
00564:  MOVF   01,W
00566:  MOVWF  FE9
00568:  MOVFF  03,FEA
0056C:  MOVFF  FEF,761
00570:  BSF    F7F.7
00572:  MOVF   FF2,W
00574:  MOVWF  00
00576:  BCF    FF2.7
00578:  MOVFF  760,F7A
0057C:  MOVFF  75F,F79
00580:  MOVLW  31
00582:  MOVWF  F7B
00584:  MOVFF  761,F7C
00588:  MOVLB  F
0058A:  MOVLW  55
0058C:  MOVWF  F81
0058E:  MOVLW  AA
00590:  MOVWF  F81
00592:  BSF    F80.4
00594:  BTFSC  F80.4
00596:  BRA    0594
00598:  MOVF   00,W
0059A:  IORWF  FF2,F
0059C:  MOVLB  7
0059E:  INCF   x5E,F
005A0:  BRA    0546
....................    }
005A2:  MOVLB  0
005A4:  RETURN 0
.................... }
.................... #endif
.................... 
.................... /*****************************************************************************/
.................... /* READ REGISTER FROM EEPROM                                                 */
.................... /*****************************************************************************/
.................... void ee_load_reg(unsigned int8 *reg, unsigned int16 eeLocation, unsigned int8 length)
.................... #ifdef use_ext_eeprom
*
004C4:  MOVLB  7
004C6:  CLRF   x52
.................... {
....................    ee_send_start(eeLocation, TRUE);
....................    for (int i = 0; i < length; i++)
....................    {
....................       unsigned int8 data = i2c_read(EEPROM,1); // acknoledge after each byte
....................       *(reg + i) = data;
....................    }
....................    i2c_read(EEPROM,0); // dummy read without acknowlege
....................    delay_ms(1);
....................    i2c_stop(EEPROM); // end page read, must preceed stop
....................    delay_ms(1);
.................... }
.................... #else
.................... {
....................    int i = 0;
....................    for (i = 0; i < length; i++)
004C8:  CLRF   x52
004CA:  MOVF   x51,W
004CC:  SUBWF  x52,W
004CE:  BC    0512
....................    {
....................       *(reg + i) = read_eeprom(eeLocation+i);
004D0:  MOVF   x52,W
004D2:  ADDWF  x4D,W
004D4:  MOVWF  01
004D6:  MOVLW  00
004D8:  ADDWFC x4E,W
004DA:  MOVWF  03
004DC:  MOVF   01,W
004DE:  MOVWF  FE9
004E0:  MOVFF  03,FEA
004E4:  MOVF   x52,W
004E6:  ADDWF  x4F,W
004E8:  MOVWF  x55
004EA:  MOVLW  00
004EC:  ADDWFC x50,W
004EE:  MOVWF  x56
004F0:  BSF    F7F.7
004F2:  MOVFF  FF2,757
004F6:  BCF    FF2.7
004F8:  MOVFF  756,F7A
004FC:  MOVFF  755,F79
00500:  MOVLW  31
00502:  MOVWF  F7B
00504:  BSF    F80.0
00506:  MOVF   F7C,W
00508:  BTFSC  x57.7
0050A:  BSF    FF2.7
0050C:  MOVWF  FEF
0050E:  INCF   x52,F
00510:  BRA    04CA
....................    }
00512:  MOVLB  0
00514:  RETURN 0
.................... }
.................... #endif
.................... 
.................... /*****************************************************************************/
.................... /* SAVE TO ALL PARAMS EEPROM                                                 */
.................... /*****************************************************************************/
.................... void params_save_to_ee()
.................... {
....................    ee_save_reg(&PID, pid_params_ee_addr, pid_params_length);
*
005A6:  MOVLB  7
005A8:  CLRF   x5A
005AA:  MOVLW  35
005AC:  MOVWF  x59
005AE:  CLRF   x5C
005B0:  CLRF   x5B
005B2:  MOVLW  80
005B4:  MOVWF  x5D
005B6:  MOVLB  0
005B8:  RCALL  0540
....................    delay_ms(1);
005BA:  MOVLW  01
005BC:  MOVLB  7
005BE:  MOVWF  x5C
005C0:  MOVLB  0
005C2:  RCALL  0516
....................    ee_save_reg(&chMap, channel_map_ee_addr, channel_map_length);
005C4:  MOVLB  7
005C6:  CLRF   x5A
005C8:  MOVLW  85
005CA:  MOVWF  x59
005CC:  CLRF   x5C
005CE:  MOVLW  80
005D0:  MOVWF  x5B
005D2:  MOVLW  02
005D4:  MOVWF  x5D
005D6:  MOVLB  0
005D8:  RCALL  0540
....................    delay_ms(1);
005DA:  MOVLW  01
005DC:  MOVLB  7
005DE:  MOVWF  x5C
005E0:  MOVLB  0
005E2:  RCALL  0516
....................    ee_save_reg(&chMode, channel_mode_ee_addr, channel_mode_length);
005E4:  MOVLB  7
005E6:  CLRF   x5A
005E8:  MOVLW  86
005EA:  MOVWF  x59
005EC:  CLRF   x5C
005EE:  MOVLW  90
005F0:  MOVWF  x5B
005F2:  MOVLW  02
005F4:  MOVWF  x5D
005F6:  MOVLB  0
005F8:  RCALL  0540
....................    delay_ms(1);
005FA:  MOVLW  01
005FC:  MOVLB  7
005FE:  MOVWF  x5C
00600:  MOVLB  0
00602:  RCALL  0516
....................    ee_save_reg(&adcCal, adc_cal_params_ee_addr, adc_cal_params_length);
00604:  MOVLB  7
00606:  CLRF   x5A
00608:  MOVLW  87
0060A:  MOVWF  x59
0060C:  CLRF   x5C
0060E:  MOVLW  A0
00610:  MOVWF  x5B
00612:  MOVLW  20
00614:  MOVWF  x5D
00616:  MOVLB  0
00618:  RCALL  0540
....................    delay_ms(1);
0061A:  MOVLW  01
0061C:  MOVLB  7
0061E:  MOVWF  x5C
00620:  MOVLB  0
00622:  RCALL  0516
....................    ee_save_reg(&sensorCal, sensor_cal_params_ee_addr, sensor_cal_params_length);
00624:  MOVLB  7
00626:  CLRF   x5A
00628:  MOVLW  A7
0062A:  MOVWF  x59
0062C:  CLRF   x5C
0062E:  MOVLW  C0
00630:  MOVWF  x5B
00632:  MOVLW  30
00634:  MOVWF  x5D
00636:  MOVLB  0
00638:  RCALL  0540
....................    delay_ms(1);
0063A:  MOVLW  01
0063C:  MOVLB  7
0063E:  MOVWF  x5C
00640:  MOVLB  0
00642:  RCALL  0516
....................    ee_save_reg(&monCal, mon_cal_params_ee_addr, mon_cal_params_length);
00644:  MOVLB  7
00646:  CLRF   x5A
00648:  MOVLW  D7
0064A:  MOVWF  x59
0064C:  CLRF   x5C
0064E:  MOVLW  F0
00650:  MOVWF  x5B
00652:  MOVLW  38
00654:  MOVWF  x5D
00656:  MOVLB  0
00658:  RCALL  0540
....................    delay_ms(1);
0065A:  MOVLW  01
0065C:  MOVLB  7
0065E:  MOVWF  x5C
00660:  MOVLB  0
00662:  RCALL  0516
....................    ee_save_reg(&paramsValid, params_valid_ee_addr, params_valid_length);
00664:  MOVLW  01
00666:  MOVLB  7
00668:  MOVWF  x5A
0066A:  MOVLW  0F
0066C:  MOVWF  x59
0066E:  MOVLW  01
00670:  MOVWF  x5C
00672:  MOVLW  40
00674:  MOVWF  x5B
00676:  MOVLW  01
00678:  MOVWF  x5D
0067A:  MOVLB  0
0067C:  RCALL  0540
....................    delay_ms(1);
0067E:  MOVLW  01
00680:  MOVLB  7
00682:  MOVWF  x5C
00684:  MOVLB  0
00686:  RCALL  0516
00688:  RETURN 0
.................... }
.................... /*****************************************************************************/
.................... /* LOAD ALL PARAMS FROM EEPROM                                               */
.................... /*****************************************************************************/
.................... void params_load_from_ee()
.................... {
....................    ee_load_reg(&PID, pid_params_ee_addr, pid_params_length);
0068A:  MOVLB  7
0068C:  CLRF   x4E
0068E:  MOVLW  35
00690:  MOVWF  x4D
00692:  CLRF   x50
00694:  CLRF   x4F
00696:  MOVLW  80
00698:  MOVWF  x51
0069A:  MOVLB  0
0069C:  RCALL  04C4
....................    ee_load_reg(&chMap, channel_map_ee_addr, channel_map_length);
0069E:  MOVLB  7
006A0:  CLRF   x4E
006A2:  MOVLW  85
006A4:  MOVWF  x4D
006A6:  CLRF   x50
006A8:  MOVLW  80
006AA:  MOVWF  x4F
006AC:  MOVLW  02
006AE:  MOVWF  x51
006B0:  MOVLB  0
006B2:  RCALL  04C4
....................    ee_load_reg(&chMode, channel_mode_ee_addr, channel_mode_length);
006B4:  MOVLB  7
006B6:  CLRF   x4E
006B8:  MOVLW  86
006BA:  MOVWF  x4D
006BC:  CLRF   x50
006BE:  MOVLW  90
006C0:  MOVWF  x4F
006C2:  MOVLW  02
006C4:  MOVWF  x51
006C6:  MOVLB  0
006C8:  RCALL  04C4
....................    ee_load_reg(&adcCal, adc_cal_params_ee_addr, adc_cal_params_length);
006CA:  MOVLB  7
006CC:  CLRF   x4E
006CE:  MOVLW  87
006D0:  MOVWF  x4D
006D2:  CLRF   x50
006D4:  MOVLW  A0
006D6:  MOVWF  x4F
006D8:  MOVLW  20
006DA:  MOVWF  x51
006DC:  MOVLB  0
006DE:  RCALL  04C4
....................    ee_load_reg(&sensorCal, sensor_cal_params_ee_addr, sensor_cal_params_length);
006E0:  MOVLB  7
006E2:  CLRF   x4E
006E4:  MOVLW  A7
006E6:  MOVWF  x4D
006E8:  CLRF   x50
006EA:  MOVLW  C0
006EC:  MOVWF  x4F
006EE:  MOVLW  30
006F0:  MOVWF  x51
006F2:  MOVLB  0
006F4:  RCALL  04C4
....................    ee_load_reg(&monCal, mon_cal_params_ee_addr, mon_cal_params_length);
006F6:  MOVLB  7
006F8:  CLRF   x4E
006FA:  MOVLW  D7
006FC:  MOVWF  x4D
006FE:  CLRF   x50
00700:  MOVLW  F0
00702:  MOVWF  x4F
00704:  MOVLW  38
00706:  MOVWF  x51
00708:  MOVLB  0
0070A:  RCALL  04C4
....................    ee_load_reg(&paramsValid, params_valid_ee_addr, params_valid_length);
0070C:  MOVLW  01
0070E:  MOVLB  7
00710:  MOVWF  x4E
00712:  MOVLW  0F
00714:  MOVWF  x4D
00716:  MOVLW  01
00718:  MOVWF  x50
0071A:  MOVLW  40
0071C:  MOVWF  x4F
0071E:  MOVLW  01
00720:  MOVWF  x51
00722:  MOVLB  0
00724:  RCALL  04C4
00726:  GOTO   0766 (RETURN)
.................... }
.................... 
.................... /*****************************************************************************/
.................... /* INITIALIZE PARAMS -- Include in main... Run on boot                       */
.................... /*****************************************************************************/
.................... void params_init()
.................... {
....................    ee_load_reg(&paramsValid, params_valid_ee_addr, params_valid_length);
0072A:  MOVLW  01
0072C:  MOVLB  7
0072E:  MOVWF  x4E
00730:  MOVLW  0F
00732:  MOVWF  x4D
00734:  MOVLW  01
00736:  MOVWF  x50
00738:  MOVLW  40
0073A:  MOVWF  x4F
0073C:  MOVLW  01
0073E:  MOVWF  x51
00740:  MOVLB  0
00742:  RCALL  04C4
....................    delay_ms(1);
00744:  MOVLW  01
00746:  MOVLB  7
00748:  MOVWF  x5C
0074A:  MOVLB  0
0074C:  RCALL  0516
....................    if (paramsValid != isValid)
0074E:  MOVLB  1
00750:  MOVF   x0F,W
00752:  SUBLW  AA
00754:  BZ    0762
....................    {
....................       paramsValid = isValid;
00756:  MOVLW  AA
00758:  MOVWF  x0F
....................       params_save_to_ee(); // saves the base parameters on first boot
0075A:  MOVLB  0
0075C:  RCALL  05A6
....................    }
0075E:  BRA    0766
00760:  MOVLB  1
....................    else
....................    {
....................       params_load_from_ee();
00762:  MOVLB  0
00764:  BRA    068A
....................    }
00766:  GOTO   B828 (RETURN)
.................... }
.................... 
.................... /*****************************************************************************/
.................... /* INVALIDATE PARAMS -- Restarting will load defauts                         */
.................... /*****************************************************************************/
.................... void params_invalidate()
.................... {
....................    paramsValid = invalidate;
....................    ee_save_reg(&paramsValid, params_valid_ee_addr, params_valid_length);
.................... }
.................... 
.................... #endif
.................... 
.................... #include <monitor.h>
.................... #ifndef monitor
.................... #define monitor
.................... #include <io.h>
.................... #ifndef IO
.................... #define IO
.................... 
.................... #use FIXED_IO( A_outputs=PIN_A5,PIN_A4 )
.................... #use FIXED_IO( B_outputs=PIN_B7,PIN_B6,PIN_B5,PIN_B4,PIN_B3,PIN_B1,PIN_B0 )
.................... #use FIXED_IO( C_outputs=PIN_C6,PIN_C5,PIN_C3,PIN_C2 )
.................... #use FIXED_IO( D_outputs=PIN_D7,PIN_D6,PIN_D5 )
.................... #use FIXED_IO( E_outputs=PIN_E2,PIN_E1,PIN_E0 )
.................... 
.................... #define A0           PIN_A0
.................... #define A1           PIN_A1
.................... #define A2           PIN_A2
.................... #define A3           PIN_A3
.................... #define _CS_ACC1     PIN_A4
.................... #define _CS_ACC0     PIN_A5
.................... #define MON_N15V     PIN_A6
.................... 
.................... #define _CS_YCOS     PIN_B0
.................... #define SCLK_B       PIN_B1
.................... #define MISO_B       PIN_B2
.................... #define MOSI_B       PIN_B3
.................... #define INV_HVX      PIN_B4
.................... #define INV_HVY      PIN_B5
.................... 
.................... #define MON_200V     PIN_C0
.................... #define MON_3V6X     PIN_C1
.................... #define MOSI_A       PIN_C2
.................... #define SCLK_A       PIN_C3
.................... #define MISO_A       PIN_C4
.................... #define TX_ENABLE    PIN_C5
.................... #define TX_PIN       PIN_C6
.................... #define RX_PIN       PIN_C7
.................... 
.................... #define MON_5V6      PIN_D0
.................... #define MON_5VA      PIN_D1
.................... #define MON_3V3D     PIN_D2
.................... #define MON_3V3A     PIN_D3
.................... #define RS485_FLT    PIN_D4
.................... #define _CS_XSIN     PIN_D5
.................... #define _CS_XCOS     PIN_D6
.................... #define _CS_YSIN     PIN_D7
.................... 
.................... #define EN_EXC       PIN_E0
.................... #define _SYNC_Y      PIN_E1
.................... #define _SYNC_X      PIN_E2
.................... 
.................... #pin_select U1TX = PIN_C6
.................... #pin_select U1RX = PIN_C7
.................... 
.................... // initialization states
.................... #define portA_reset 0x00
.................... #define portB_reset 0x00
.................... #define portC_reset 0x00
.................... #define portD_reset 0x00
.................... #define portE_reset 0x00
.................... 
.................... #define portA_pullups 0xFF
.................... #define portB_pullups 0x00
.................... #define portC_pullups 0x00
.................... #define portD_pullups 0xFF
.................... #define portE_pullups 0x00
.................... 
.................... /*****************************************************************************/
.................... /* INITIALIZE IO                                                             */
.................... /*****************************************************************************/
.................... void IO_init()
.................... {
....................    output_a(portA_reset);
....................    output_b(portB_reset);
....................    output_c(portC_reset);
....................    output_d(portD_reset);
....................    output_e(portE_reset);
....................    
....................    port_a_pullups(portA_pullups);
....................    port_b_pullups(portB_pullups);
....................    port_c_pullups(portC_pullups);
....................    port_d_pullups(portD_pullups);
....................    port_e_pullups(portE_pullups);
....................    
....................    set_analog_pins(MON_N15V, MON_200V, MON_5V6, MON_5VA, MON_3V6X, MON_3V3A, MON_3V3D);
.................... }
.................... 
.................... #endif
.................... 
.................... #include <parameters.h>
.................... #ifndef parameters
.................... #define parameters
.................... 
.................... //#define use_ext_eeprom
.................... 
.................... /*****************************************************************************/
.................... /*****************************************************************************/
.................... /* PARAMETERS                                                                */
.................... /* Global parameters used by all routines                                    */
.................... /* These defaults are defined below. On first boot, they will be stored in   */
.................... /* EEProm. On subsequent boots, they will be reloaded from EEProm. Any       */
.................... /* configuation changes will be changed in EEprom, hence will be restored on */
.................... /* subsequent boot. All params start at page boundaries!!                    */
.................... /*****************************************************************************/
.................... /*****************************************************************************/
.................... #include <stddef.h>
.................... #include <stdlib.h>
.................... 
.................... typedef enum channelMap {chX, chY}; // Piezo channels
.................... typedef enum channelMode {MANUAL, MAGSNS}; // Voltage or Magnetic Sensor Control
.................... 
.................... /*****************************************************************************/
.................... /* CAT24C04 EEProm --- page size = 16 bytes, Write when LSB=0 Read when LSB=1*/
.................... /*****************************************************************************/
.................... #ifdef use_ext_eeprom
.................... #define EE_Slave_Addr 0xA0
.................... #define writeProtectPin EE_WP
.................... #define pageSize 16
.................... // EEProm is on 12C bus 1
.................... #use i2c(master, fast, sda=PIN_C4, scl=PIN_C3, FORCE_HW, STREAM=EEPROM)
.................... #endif
.................... 
.................... /*****************************************************************************/
.................... /*****************************************************************************/
.................... /* FUNCTIONS PROTOTYPES START HERE                                           */
.................... /*****************************************************************************/
.................... /*****************************************************************************/
.................... #ifdef use_ext_eeprom
.................... void ee_send_start(unsigned int16 address, BOOLEAN read);
.................... #endif
.................... void ee_save_reg(unsigned int8 *reg, unsigned int16 eeLocation, unsigned int8 length);
.................... void ee_load_reg(unsigned int8 *reg, unsigned int16 eeLocation, unsigned int8 length);
.................... void params_save_to_ee(void);
.................... void params_load_from_ee(void);
.................... void params_init(void);
.................... void params_invalidate(void);
.................... 
.................... /*****************************************************************************/
.................... /*****************************************************************************/
.................... /* PARAMETERS START HERE. All Params should have an EEPROM address that is   */
.................... /* at the start of an EERPOM page.                                           */ 
.................... /*****************************************************************************/
.................... /*****************************************************************************/
.................... 
.................... /*****************************************************************************/
.................... /* PID Parameters                                                            */
.................... /*****************************************************************************/
.................... #define pid_params_ee_addr 0
.................... #define pid_params_length 128  // length in bytes
.................... struct pidParams
.................... {
....................     float kP;      // proportional gain
....................     float kI;      // integral gain
....................     float kD;      // derivative gain
....................     float SP;      // set point-- desired output
....................     float PV;      // process variable-- measured output
....................     float PVold;   // oldPV value  
....................     float CV;      // control variable-- output -- 0 to 100%
....................     float I;       // integral value
....................     float maxSP;   // Max setpoint in microns
....................     float minSP;   // Min setpoint in microns
.................... }PID[2] = {
....................    //  P     I     D
....................     {0.01,   0.3,  0.1, 0,0,0,0,0,0,0}, 
....................     {0.01,   0.3,  0.1, 0,0,0,0,0,0,0}
....................     };
.................... 
.................... /*****************************************************************************/
.................... /* Output Channel Map                                                        */
.................... /*****************************************************************************/
.................... #define channel_map_ee_addr 128
.................... #define channel_map_length 2  // length in bytes
.................... channelMap chMap[2] = {chX, chY};
.................... 
.................... // @FLAG
.................... #define op_upper_bound 63  // CRYO
.................... #define op_lower_bound -63 // CRYO
.................... 
.................... // #define op_upper_bound 63  // AMBIENT 
.................... // #define op_lower_bound -12 // AMBIENT
.................... 
.................... //!#define op_upper_bound 100  // FULL 
.................... //!#define op_lower_bound -100 // FULL
.................... 
.................... 
.................... /*****************************************************************************/
.................... /* Input Channel Mode                                                        */
.................... /*****************************************************************************/
.................... #define channel_mode_ee_addr 144
.................... #define channel_mode_length 2  // length in bytes
.................... channelMode chMode[2] = {MANUAL, MANUAL};
.................... 
.................... /*****************************************************************************/
.................... /* ADC Calibration Constants                                                 */
.................... /*****************************************************************************/
.................... #define adc_cal_params_ee_addr 160
.................... #define adc_cal_params_length 32  // length in bytes
.................... struct adcCalParms
.................... {
....................    float sinOS;
....................    float cosOS;
....................    float sinGain;
....................    float cosGain;
.................... } adcCal[2] = {
....................                 {0,0,1,1},
....................                 {0,0,1,1}
....................               };
.................... 
.................... /*****************************************************************************/
.................... /* Sensor Calibration Constants                                              */
.................... /*****************************************************************************/
.................... #define sensor_cal_params_ee_addr 192
.................... #define sensor_cal_params_length 48  // length in bytes
.................... struct sensorCalParams
.................... {
....................    float c0;
....................    float c1;
....................    float c2;
....................    float c3;
....................    float c4;
....................    float c5;
.................... } sensorCal[2] = {
....................                     {0,1,0,0,0,0},
....................                     {0,1,0,0,0,0}
....................                  };
.................... 
.................... // fifth order polynomial constants
.................... 
.................... /*****************************************************************************/
.................... /* Monitor Calibration Constants                                             */
.................... /*****************************************************************************/
.................... #define mon_cal_params_ee_addr 240
.................... #define mon_cal_params_length 56  // length in bytes
.................... struct monCalParams
.................... {
....................    float vN15[2];  // offset and gain
....................    float v200[2];
....................    float v5V6[2];
....................    float v5VA[2];
....................    float v3V6X[2];
....................    float v3V3A[2];
....................    float v3V3D[2];
....................    
.................... }monCal = {
....................    {0, -0.02245509}, 
....................    {0,   0.2127659}, 
....................    {0, 0.008432515}, 
....................    {0, 0.008173486}, 
....................    {0, 0.009655914}, 
....................    {0, 0.007094828}, 
....................    {0, 0.007081720}
.................... };
.................... 
.................... /*****************************************************************************/
.................... /* PARAMS Valid                                                              */
.................... /*****************************************************************************/
.................... #define invalidate 0xFF
.................... #define isValid 0xAA
.................... #define params_valid_ee_addr 320
.................... #define params_valid_length 1  // length in bytes
.................... char paramsValid = isValid;
.................... // if data returns isValid from EEPROM then EEPROM has valid data
.................... 
.................... /*****************************************************************************/
.................... /*****************************************************************************/
.................... /* VOLATILE PARAMETERS                                                       */
.................... /*****************************************************************************/
.................... /*****************************************************************************/
.................... struct mv
.................... {
....................    float vN15; // internal voltages
....................    float v200;
....................    float v5V6;
....................    float v5VA;
....................    float v3V6X;
....................    float v3V3A;
....................    float v3V3D;
.................... }monitorVals = {0,0,0,0,0,0,0};
.................... 
.................... struct adcV
.................... {
....................    float sinRaw;           // adc raw count data
....................    float cosRaw;           // adc raw count data
....................    float sinCounts;        // calibrated counts
....................    float cosCounts;        // calibrated counts
....................    float sinLast;          // previous sin data
....................    float cosLast;          // previous cos data
....................    float p0;               // mid-pole position in microns
....................    signed int8  npoles;    // number of poles passed
....................    float pReal;            // real position in microns
....................    float pHome;            // Home position in microns
....................    BOOLEAN homeFlag;       // Flag to trigger the homing routine
.................... }adcVals[2] = 
.................... {
....................    {0,0,0,0,0,0,0,0,0,0,FALSE},
....................    {0,0,0,0,0,0,0,0,0,0,FALSE}
.................... };
.................... 
.................... BOOLEAN adcFilter = FALSE;
.................... 
.................... struct dacV
.................... {
....................     BOOLEAN invV;
....................     unsigned int16 ipVal;
....................     float opPcnt;
....................    
.................... }dacVals[2] = 
.................... {
....................     {FALSE,0,0},
....................     {FALSE,0,0}
.................... };
.................... 
.................... // used with timeouts
.................... unsigned int32 timeoutReg0 = 0; //All timers are defined in milliseconds, 
.................... unsigned int32 timeoutReg1 = 0; //with a resolution of 10ms
.................... unsigned int32 timeoutReg2 = 0;
.................... unsigned int16 intTimeoutReg = 0; // interrupting use for more precise timing
.................... /*****************************************************************************/
.................... /*****************************************************************************/
.................... /* FUNCTIONS START HERE                                                      */
.................... /*****************************************************************************/
.................... /*****************************************************************************/
.................... 
.................... /*****************************************************************************/
.................... /* ee_send_start --- sends the start messsage to the eeprom and set the addr */
.................... /*****************************************************************************/
.................... #ifdef use_ext_eeprom
.................... void ee_send_start(unsigned int16 address, BOOLEAN read = TRUE)
.................... {
....................    unsigned int8 romAddr = (unsigned int8)(address & 0x00FF);
....................    unsigned int8 slaveAddr = EE_Slave_Addr;
....................    #ifdef writeProtectPin
....................    output_low(writeProtectPin); // for write operations, clr WP pin
....................    #endif
....................    if (address > 0xFF) // if address > 8 bits
....................    { //add upper address bits (LSB of slave reserved are R/!W) 
....................       slaveAddr |= (unsigned int8)((address >> 7) & 0x000E) ;   
....................    }
....................    i2c_start(EEPROM);   // send start pulse on bus
....................    delay_ms(1);
....................    i2c_write(EEPROM, slaveAddr); // send slave address with R/!W clr (WRITE)
....................    i2c_write(EEPROM, romAddr); // rom address
....................    if (read) 
....................    {
....................       slaveAddr |= 0x01; // set the read bit
....................       delay_ms(1);
....................       i2c_start(EEPROM);
....................       delay_ms(1);
....................       i2c_write (EEPROM, slaveAddr); // send slave with R!W set (READ)
....................       #ifdef writeProtectPin
....................       output_high(writeProtectPin); // for read operations, set WP pin
....................       #endif
....................    }
.................... }
.................... #endif
.................... /*****************************************************************************/
.................... /* SAVE REGISTER TO EEPROM                                                   */
.................... /* note all registers are saved at a page boundary for simplicity            */
.................... /*****************************************************************************/
.................... void ee_save_reg(unsigned int8 *reg, unsigned int16 eeLocation, unsigned int8 length)
.................... #ifdef use_ext_eeprom
.................... {
....................    int pageCnt = length/pageSize;
....................    int lastPageLength = length%pageSize;
....................    
....................    int i = 0; // number of pages to write
....................    int j = 0; // number of characters to write on last page
....................    
....................    for ( i = 0; i < pageCnt ; i++)  // pages to writes
....................    {
....................       ee_send_start(eeLocation, FALSE); // start the right
....................       for (j = 0; j < pageSize ; j++) // write 16 bytes (one page)
....................       {
....................          i2c_write(EEPROM, *(reg + j + (i * pageSize)));
....................          delay_ms(1);
....................       }
....................       i2c_stop();
....................       delay_ms(5);
....................       eeLocation += pageSize;
....................    }   
....................    if (lastPageLength > 0)
....................    {
....................       ee_send_start(eeLocation, FALSE);
....................       for (j = 0; j < lastPageLength; j++)
....................       {
....................          i2c_write(EEPROM, *(reg + j + (i * pageSize)));
....................          delay_ms(1);
....................       }
....................    }   
....................    i2c_stop(EEPROM);
....................    delay_ms(3);
....................    #ifdef writeProtectPin
....................    output_high(writeProtectPin); // for read operations, set WP pin
....................    #endif  
.................... }
.................... #else
.................... {
....................    int i = 0;
....................    for (i = 0; i < length; i++)
....................    {
....................       write_eeprom(eeLocation+i, *(reg + i));
....................    }
.................... }
.................... #endif
.................... 
.................... /*****************************************************************************/
.................... /* READ REGISTER FROM EEPROM                                                 */
.................... /*****************************************************************************/
.................... void ee_load_reg(unsigned int8 *reg, unsigned int16 eeLocation, unsigned int8 length)
.................... #ifdef use_ext_eeprom
.................... {
....................    ee_send_start(eeLocation, TRUE);
....................    for (int i = 0; i < length; i++)
....................    {
....................       unsigned int8 data = i2c_read(EEPROM,1); // acknoledge after each byte
....................       *(reg + i) = data;
....................    }
....................    i2c_read(EEPROM,0); // dummy read without acknowlege
....................    delay_ms(1);
....................    i2c_stop(EEPROM); // end page read, must preceed stop
....................    delay_ms(1);
.................... }
.................... #else
.................... {
....................    int i = 0;
....................    for (i = 0; i < length; i++)
....................    {
....................       *(reg + i) = read_eeprom(eeLocation+i);
....................    }
.................... }
.................... #endif
.................... 
.................... /*****************************************************************************/
.................... /* SAVE TO ALL PARAMS EEPROM                                                 */
.................... /*****************************************************************************/
.................... void params_save_to_ee()
.................... {
....................    ee_save_reg(&PID, pid_params_ee_addr, pid_params_length);
....................    delay_ms(1);
....................    ee_save_reg(&chMap, channel_map_ee_addr, channel_map_length);
....................    delay_ms(1);
....................    ee_save_reg(&chMode, channel_mode_ee_addr, channel_mode_length);
....................    delay_ms(1);
....................    ee_save_reg(&adcCal, adc_cal_params_ee_addr, adc_cal_params_length);
....................    delay_ms(1);
....................    ee_save_reg(&sensorCal, sensor_cal_params_ee_addr, sensor_cal_params_length);
....................    delay_ms(1);
....................    ee_save_reg(&monCal, mon_cal_params_ee_addr, mon_cal_params_length);
....................    delay_ms(1);
....................    ee_save_reg(&paramsValid, params_valid_ee_addr, params_valid_length);
....................    delay_ms(1);
.................... }
.................... /*****************************************************************************/
.................... /* LOAD ALL PARAMS FROM EEPROM                                               */
.................... /*****************************************************************************/
.................... void params_load_from_ee()
.................... {
....................    ee_load_reg(&PID, pid_params_ee_addr, pid_params_length);
....................    ee_load_reg(&chMap, channel_map_ee_addr, channel_map_length);
....................    ee_load_reg(&chMode, channel_mode_ee_addr, channel_mode_length);
....................    ee_load_reg(&adcCal, adc_cal_params_ee_addr, adc_cal_params_length);
....................    ee_load_reg(&sensorCal, sensor_cal_params_ee_addr, sensor_cal_params_length);
....................    ee_load_reg(&monCal, mon_cal_params_ee_addr, mon_cal_params_length);
....................    ee_load_reg(&paramsValid, params_valid_ee_addr, params_valid_length);
.................... }
.................... 
.................... /*****************************************************************************/
.................... /* INITIALIZE PARAMS -- Include in main... Run on boot                       */
.................... /*****************************************************************************/
.................... void params_init()
.................... {
....................    ee_load_reg(&paramsValid, params_valid_ee_addr, params_valid_length);
....................    delay_ms(1);
....................    if (paramsValid != isValid)
....................    {
....................       paramsValid = isValid;
....................       params_save_to_ee(); // saves the base parameters on first boot
....................    }
....................    else
....................    {
....................       params_load_from_ee();
....................    }
.................... }
.................... 
.................... /*****************************************************************************/
.................... /* INVALIDATE PARAMS -- Restarting will load defauts                         */
.................... /*****************************************************************************/
.................... void params_invalidate()
.................... {
....................    paramsValid = invalidate;
....................    ee_save_reg(&paramsValid, params_valid_ee_addr, params_valid_length);
.................... }
.................... 
.................... #endif
.................... 
.................... #include <ADS1220.h>
.................... #ifndef ADS1220
.................... #define ADS1220
.................... 
.................... /*****************************************************************************/
.................... /* SET UP PORTS FOR USE WITH DRIVER                                          */
.................... /*****************************************************************************/
.................... #define _CS0  PIN_D5 // chip select pins 
.................... #define _CS1  PIN_D6
.................... #define _CS2  PIN_D7
.................... #define _CS3  PIN_B0
.................... 
.................... #pin_select SCK2=PIN_B1
.................... #pin_select SDI2=PIN_B2
.................... #pin_select SDO2=PIN_B3
.................... #use spi(MASTER, SPI2, BAUD=4096000, MODE=1, STREAM=SPI_mon)
.................... //!setup_spi2(SPI_MASTER | SPI_SCK_IDLE_LOW | SPI_XMIT_H_TO_L | SPI_CLK_DIV_64);
.................... 
.................... /*****************************************************************************/
.................... 
.................... /*****************************************************************************/
.................... /* REGISTER DEFINITIONS                                                      */
.................... /*****************************************************************************/
.................... typedef enum {reg0 = 0x00,reg1 = 0x04 ,reg2 = 0x08, reg3 = 0x0C}adsReg;
.................... 
.................... //REGISTER 0 OPTIONS
.................... 
.................... #define IPp0n1 0x00
.................... #define IPp0n2 0x10
.................... #define IPp0n3 0x20
.................... #define IPp1n2 0x30
.................... #define IPp1n3 0x40
.................... #define IPp2n3 0x50
.................... #define IPp1n0 0x60
.................... #define IPp3n2 0x70
.................... #define IPp0nVss 0x80
.................... #define IPp1nVss 0x90
.................... #define IPp2nVss 0xA0
.................... #define IPp3nVss 0xB0
.................... #define IPVrpVrn 0xC0
.................... #define IPVddVss 0xD0
.................... #define IPhalfRail 0xE0
.................... 
.................... #define g1 0x00
.................... #define g2 0x02
.................... #define g4 0x04
.................... #define g8 0x06
.................... #define g16 0x08
.................... #define g32 0x0A
.................... #define g64 0x0C
.................... #define g128 0x0E
.................... 
.................... #define PGAenabled 0x00
.................... #define PGAbypass 0x01
.................... 
.................... //REGISTER 1 OPTIONS
.................... 
.................... #define DRn20 0x00
.................... #define DRn45 0x20
.................... #define DRn90 0x40
.................... #define DRn175 0x60
.................... #define DRn330 0x80
.................... #define DRn600 0xA0
.................... #define DRn1000 0xC0
.................... 
.................... #define MDnormal 0x00
.................... #define MDduty 0x80
.................... #define MDturbo 0x10
.................... 
.................... #define CMsingle 0x00
.................... #define CMcont 0x40
.................... 
.................... #define TSdisable 0x00
.................... #define TSenable 0x20
.................... 
.................... #define BCSoff 0x00
.................... #define BCSon 0x01
.................... 
.................... //REGISTER 2 OPTIONS
.................... 
.................... #define REFinternal 0x00
.................... #define REFp0n0 0x40
.................... #define REFp1n1 0x80
.................... #define REFVddVss 0xC0
.................... 
.................... #define FIRoff 0x00
.................... #define FIR5060 0x10
.................... #define FIR50 0x20
.................... #define FIR60 0x30
.................... 
.................... #define PSWopen 0x00
.................... #define PSWstart 0x08
.................... 
.................... #define Ioff 0x00
.................... #define Iu10 0x01
.................... #define Iu50 0x02
.................... #define Iu100 0x03
.................... #define Iu250 0x04
.................... #define Iu500 0x05
.................... #define Iu1000 0x06
.................... #define Iu1500 0x07  
.................... 
.................... //REGISTER 3 OPTIONS
.................... 
.................... #define I1disabled 0x00
.................... #define I1a0p1 0x20
.................... #define I1a1 0x40
.................... #define I1a2 0x60
.................... #define I1a3n1 0x80
.................... #define I1p0 0xA0
.................... #define I1n0 0xC0
.................... 
.................... #define I2disabled 0x00
.................... #define I2a0p1 0x04
.................... #define I2a1 0x08
.................... #define I2a2 0x0A
.................... #define I2a3n1 0x10
.................... #define I2p0 0x14
.................... #define I2n0 0x18
.................... 
.................... #define drdyPin 0x00
.................... #define doutPin 0x20
.................... 
.................... // REGISTER CONGIGURATIONS FOR THIS APP
.................... #define reg0config IPp1n2|g1|PGAenabled //0x30
.................... #define reg1config DRn20|MDturbo|CMsingle|TSDisable|BCSoff //0x10
.................... #define reg2config REFp1n1|FIRoff|PSWopen|Ioff //0x80
.................... #define reg3config I1disabled|I2disabled|drdyPin //0x00
.................... 
.................... //COMMANDS
.................... #define ADSreset 0x06
.................... #define ADSstart 0x08
.................... #define ADSpowerDn 0x02
.................... #define ADSreadData 0x10
.................... #define ADSreadReg 0x20
.................... #define ADSwriteReg 0x40
.................... 
.................... /*****************************************************************************/
.................... /*****************************************************************************/
.................... /* FUNCTIONS START HERE                                                      */
.................... /*****************************************************************************/
.................... /*****************************************************************************/
.................... 
.................... /*****************************************************************************/
.................... /* DESELECT ALL ADCs                                                         */
.................... /*****************************************************************************/
.................... void ads_deselect_all()
.................... {   
....................    output_high(_CS0); // deselect all chip select pins
*
001E6:  MOVLW  1F
001E8:  MOVWF  F8A
001EA:  BSF    F85.5
....................    output_high(_CS1);
001EC:  MOVWF  F8A
001EE:  BSF    F85.6
....................    output_high(_CS2);
001F0:  MOVWF  F8A
001F2:  BSF    F85.7
....................    output_high(_CS3); 
001F4:  MOVLW  04
001F6:  MOVWF  F88
001F8:  BSF    F83.0
....................    delay_us(10);
001FA:  MOVLW  35
001FC:  MOVWF  00
001FE:  DECFSZ 00,F
00200:  BRA    01FE
00202:  RETURN 0
.................... }
.................... 
.................... /*****************************************************************************/
.................... /* SELECT DESIRED ADC                                                        */
.................... /*****************************************************************************/
.................... void ads_select_ch(int8 ch)
.................... {
....................    ads_deselect_all();
*
0076A:  RCALL  01E6
....................    switch(ch)
0076C:  MOVLB  7
0076E:  MOVF   x68,W
00770:  ADDLW  FC
00772:  BC    07A6
00774:  ADDLW  04
00776:  MOVLB  0
00778:  GOTO   07B2
....................    {
....................       case 0:
....................          output_low(_CS0);
0077C:  MOVLW  1F
0077E:  MOVWF  F8A
00780:  BCF    F85.5
....................       break; 
00782:  MOVLB  7
00784:  BRA    07A6
....................       case 1:
....................          output_low(_CS1);
00786:  MOVLW  1F
00788:  MOVWF  F8A
0078A:  BCF    F85.6
....................       break;   
0078C:  MOVLB  7
0078E:  BRA    07A6
....................       case 2:
....................          output_low(_CS2);
00790:  MOVLW  1F
00792:  MOVWF  F8A
00794:  BCF    F85.7
....................       break;
00796:  MOVLB  7
00798:  BRA    07A6
....................       case 3:
....................          output_low(_CS3);
0079A:  MOVLW  04
0079C:  MOVWF  F88
0079E:  BCF    F83.0
....................       break;              
007A0:  MOVLB  7
007A2:  BRA    07A6
007A4:  MOVLB  7
....................    }
....................    delay_us(10);
007A6:  MOVLW  35
007A8:  MOVWF  00
007AA:  DECFSZ 00,F
007AC:  BRA    07AA
007AE:  MOVLB  0
007B0:  RETURN 0
.................... }
.................... 
.................... /*****************************************************************************/
.................... /* SELECT ADC BLOCK (2 ADCs/BLOCK)                                           */
.................... /*****************************************************************************/
.................... void ads_select_block(int8 block)
.................... {
....................    ads_deselect_all();
*
00204:  RCALL  01E6
....................    switch(block)
00206:  MOVLB  7
00208:  MOVF   xC8,W
0020A:  XORLW  00
0020C:  MOVLB  0
0020E:  BZ    0216
00210:  XORLW  01
00212:  BZ    0222
00214:  BRA    022E
....................    {
....................       case 0:
....................          output_low(_CS0);
00216:  MOVLW  1F
00218:  MOVWF  F8A
0021A:  BCF    F85.5
....................          output_low(_CS1);
0021C:  MOVWF  F8A
0021E:  BCF    F85.6
....................       break; 
00220:  BRA    022E
....................       case 1:         
....................          output_low(_CS2);
00222:  MOVLW  1F
00224:  MOVWF  F8A
00226:  BCF    F85.7
....................          output_low(_CS3);
00228:  MOVLW  04
0022A:  MOVWF  F88
0022C:  BCF    F83.0
....................       break;         
....................    }
....................    delay_us(10);
0022E:  MOVLW  35
00230:  MOVWF  00
00232:  DECFSZ 00,F
00234:  BRA    0232
00236:  GOTO   0240 (RETURN)
.................... }
.................... 
.................... /*****************************************************************************/
.................... /* SELECT ALL ADCs                                                           */
.................... /*****************************************************************************/
.................... void ads_select_all()
.................... {
....................    output_low(_CS0);
*
0089E:  MOVLW  1F
008A0:  MOVWF  F8A
008A2:  BCF    F85.5
....................    output_low(_CS1);
008A4:  MOVWF  F8A
008A6:  BCF    F85.6
....................    output_low(_CS2);
008A8:  MOVWF  F8A
008AA:  BCF    F85.7
....................    output_low(_CS3);
008AC:  MOVLW  04
008AE:  MOVWF  F88
008B0:  BCF    F83.0
....................    delay_us(10);
008B2:  MOVLW  35
008B4:  MOVWF  00
008B6:  DECFSZ 00,F
008B8:  BRA    08B6
008BA:  GOTO   08C0 (RETURN)
.................... }
.................... 
.................... /*****************************************************************************/
.................... /* WRITE THE COMMAND BYTE TO AN ADC                                          */
.................... /*****************************************************************************/
.................... void ads_write_command(int8 ch, unsigned int8 command)
.................... {
....................    ads_select_ch(ch);
*
007D4:  MOVFF  75C,768
007D8:  RCALL  076A
....................    spi_write2(command);
007DA:  MOVLB  E
007DC:  MOVF   x8D,W
007DE:  MOVFF  75D,E8D
007E2:  RRCF   x90,W
007E4:  BNC   07E2
007E6:  MOVLB  0
007E8:  RETURN 0
.................... }
.................... 
.................... /*****************************************************************************/
.................... /* WRITE THE COMMAND BYTE TO A BLOCK OF ADCs                                 */
.................... /*****************************************************************************/
.................... void ads_write_command_block(int8 block, unsigned int8 command)
.................... {
....................    ads_select_block(block);
*
0023A:  MOVFF  7C6,7C8
0023E:  BRA    0204
....................    spi_write2(command);
00240:  MOVLB  E
00242:  MOVF   x8D,W
00244:  MOVFF  7C7,E8D
00248:  RRCF   x90,W
0024A:  BNC   0248
0024C:  MOVLB  0
0024E:  GOTO   0260 (RETURN)
.................... }
.................... 
.................... /*****************************************************************************/
.................... /* WRITE THE COMMAND BYTE TO ALL ADCs                                        */
.................... /*****************************************************************************/
.................... void ads_write_command_all(unsigned int8 command)
.................... {
....................    ads_select_all();
*
008BE:  BRA    089E
....................    spi_write2(command);
008C0:  MOVLB  E
008C2:  MOVF   x8D,W
008C4:  MOVFF  753,E8D
008C8:  RRCF   x90,W
008CA:  BNC   08C8
008CC:  MOVLB  0
008CE:  GOTO   08DC (RETURN)
.................... }
.................... 
.................... /*****************************************************************************/
.................... /* PREPARE TO READ FROM AN ADC                                               */
.................... /*****************************************************************************/
.................... void ads_read_command(int8 ch, unsigned int8 command)
.................... {
....................    ads_select_ch(ch);
*
008EA:  MOVFF  766,768
008EE:  RCALL  076A
....................    spi_read2(command);
008F0:  MOVLB  E
008F2:  MOVF   x8D,W
008F4:  MOVFF  767,E8D
008F8:  RRCF   x90,W
008FA:  BNC   08F8
008FC:  MOVLB  0
008FE:  GOTO   0910 (RETURN)
.................... }
.................... 
.................... /*****************************************************************************/
.................... /* WRITE TO THE CONFIGURATION REGISTERS                                      */
.................... /*****************************************************************************/
.................... void ads_write_reg(int8 ch, adsReg regID, int8 data)
*
0080E:  MOVLB  7
00810:  MOVF   x59,W
00812:  IORLW  40
00814:  MOVWF  x5B
.................... {
....................    unsigned int8 command = ADSwriteReg | regID | 0; // 0 is numbytes to write-1
....................    ads_write_command(ch, command);
00816:  MOVFF  758,75C
0081A:  MOVFF  75B,75D
0081E:  MOVLB  0
00820:  RCALL  07D4
....................    spi_write2(data);
00822:  MOVLB  E
00824:  MOVF   x8D,W
00826:  MOVFF  75A,E8D
0082A:  RRCF   x90,W
0082C:  BNC   082A
....................    ads_deselect_all();
0082E:  MOVLB  0
00830:  RCALL  01E6
00832:  RETURN 0
.................... }
.................... 
.................... /*****************************************************************************/
.................... /* READ FROM THE CONFIGURATION REGISTERS                                     */
.................... /*****************************************************************************/
.................... unsigned int8 ads_read_reg(int8 ch, adsReg regID)
.................... {
....................    unsigned int8 command = ADSreadReg | regID | 0;
....................    ads_read_command(ch, command);
....................    unsigned int8 data = spi_read2(0);
....................    ads_deselect_all();
....................    return data;
.................... }
.................... 
.................... 
.................... /*****************************************************************************/
.................... /* START BLOCK CONVERSION                                                    */
.................... /*****************************************************************************/
.................... void ads_start_conv_block(int8 block)
.................... {
....................    ads_write_command_block(block, ADSstart);
*
00252:  MOVFF  7C5,7C6
00256:  MOVLW  08
00258:  MOVLB  7
0025A:  MOVWF  xC7
0025C:  MOVLB  0
0025E:  BRA    023A
....................    delay_us(10);
00260:  MOVLW  35
00262:  MOVWF  00
00264:  DECFSZ 00,F
00266:  BRA    0264
....................    ads_deselect_all();
00268:  RCALL  01E6
0026A:  GOTO   02D6 (RETURN)
.................... }
.................... 
.................... /*****************************************************************************/
.................... /* START ALL CONVERSION                                                      */
.................... /*****************************************************************************/
.................... void ads_start_conv_all()
.................... {
....................    ads_write_command_all(ADSstart);
*
008D2:  MOVLW  08
008D4:  MOVLB  7
008D6:  MOVWF  x53
008D8:  MOVLB  0
008DA:  BRA    08BE
....................    delay_us(10);
008DC:  MOVLW  35
008DE:  MOVWF  00
008E0:  DECFSZ 00,F
008E2:  BRA    08E0
....................    ads_deselect_all();
008E4:  RCALL  01E6
008E6:  GOTO   0A70 (RETURN)
.................... }
.................... 
.................... /*****************************************************************************/
.................... /* READ THE MOST RECENT CONVERSION                                           */
.................... /*****************************************************************************/
.................... signed int32 ads_read_data(int8 ch)
.................... {
....................    union Data
....................    {
....................       unsigned int8 dBytes[4];
....................       signed int32 dWord;
....................    }data;
....................    
....................    ads_read_command(ch, ADSreadData);
*
00902:  MOVFF  761,766
00906:  MOVLW  10
00908:  MOVLB  7
0090A:  MOVWF  x67
0090C:  MOVLB  0
0090E:  BRA    08EA
....................    data.dBytes[3] = 0;
00910:  MOVLB  7
00912:  CLRF   x65
....................    data.dBytes[2] = spi_read2(0);
00914:  MOVLB  E
00916:  MOVF   x8D,W
00918:  CLRF   x8D
0091A:  RRCF   x90,W
0091C:  BNC   091A
0091E:  MOVFF  E8D,764
....................    data.dBytes[1] = spi_read2(0);
00922:  MOVF   x8D,W
00924:  CLRF   x8D
00926:  RRCF   x90,W
00928:  BNC   0926
0092A:  MOVFF  E8D,763
....................    data.dBytes[0] = spi_read2(0);
0092E:  MOVF   x8D,W
00930:  CLRF   x8D
00932:  RRCF   x90,W
00934:  BNC   0932
00936:  MOVFF  E8D,762
....................    ads_deselect_all();
0093A:  MOVLB  0
0093C:  RCALL  01E6
....................    
....................    //convert 24-bit 2's complement to 32-bit 2's complement
....................    if (0x80 & data.dBytes[2]) data.dBytes[3] |= 0xFF;
0093E:  MOVLB  7
00940:  MOVF   x64,W
00942:  ANDLW  80
00944:  BZ    094A
00946:  MOVLW  FF
00948:  IORWF  x65,F
....................    
....................    return data.dWord;
0094A:  MOVFF  762,00
0094E:  MOVFF  763,01
00952:  MOVFF  764,02
00956:  MOVFF  765,03
0095A:  MOVLB  0
0095C:  RETURN 0
.................... }
.................... 
.................... /*****************************************************************************/
.................... /* INITIALIZE A CHANNEL                                                      */
.................... /*****************************************************************************/
.................... 
.................... void ADS1220init(int8 ch, rc0=reg0config, rc1=reg1config, rc2=reg2config, rc3=reg3config)
.................... {
....................    ads_write_command(ch, ADSreset);   //reset the device
*
00834:  MOVFF  753,75C
00838:  MOVLW  06
0083A:  MOVLB  7
0083C:  MOVWF  x5D
0083E:  MOVLB  0
00840:  RCALL  07D4
....................    delay_us(300);                    
00842:  MOVLW  02
00844:  MOVLB  7
00846:  MOVWF  x58
00848:  MOVLW  96
0084A:  MOVWF  x59
0084C:  MOVLB  0
0084E:  RCALL  07EA
00850:  MOVLB  7
00852:  DECFSZ x58,F
00854:  BRA    0848
....................    ads_write_reg(ch, reg0, rc0);   //send default configurations
00856:  MOVFF  753,758
0085A:  CLRF   x59
0085C:  MOVFF  754,75A
00860:  MOVLB  0
00862:  RCALL  080E
....................    ads_write_reg(ch, reg1, rc1);
00864:  MOVFF  753,758
00868:  MOVLW  04
0086A:  MOVLB  7
0086C:  MOVWF  x59
0086E:  MOVFF  755,75A
00872:  MOVLB  0
00874:  RCALL  080E
....................    ads_write_reg(ch, reg2, rc2);
00876:  MOVFF  753,758
0087A:  MOVLW  08
0087C:  MOVLB  7
0087E:  MOVWF  x59
00880:  MOVFF  756,75A
00884:  MOVLB  0
00886:  RCALL  080E
....................    ads_write_reg(ch, reg3, rc3);  
00888:  MOVFF  753,758
0088C:  MOVLW  0C
0088E:  MOVLB  7
00890:  MOVWF  x59
00892:  MOVFF  757,75A
00896:  MOVLB  0
00898:  RCALL  080E
0089A:  GOTO   0A4A (RETURN)
.................... }
.................... #endif 
.................... 
.................... #include <math.h>
.................... ////////////////////////////////////////////////////////////////////////////
.................... ////        (C) Copyright 1996,2011 Custom Computer Services            ////
.................... //// This source code may only be used by licensed users of the CCS C   ////
.................... //// compiler.  This source code may only be distributed to other       ////
.................... //// licensed users of the CCS C compiler.  No other use, reproduction  ////
.................... //// or distribution is permitted without written permission.           ////
.................... //// Derivative programs created using this software in object code     ////
.................... //// form are not restricted in any way.                                ////
.................... ////////////////////////////////////////////////////////////////////////////
.................... ////                                                                    ////
.................... //// History:                                                           ////
.................... ////  * 9/20/2001 :  Improvments are made to sin/cos code.              ////
.................... ////                 The code now is small, much faster,                ////
.................... ////                 and more accurate.                                 ////
.................... ////  * 2/21/2007 :  Compiler handles & operator differently and does   ////
.................... ////                 not return generic (int8 *) so type cast is done   ////
.................... ////  * 6/19/2010 :  Divisions by constants converted to multiplication ////
.................... ////                 by its inverse to improve computation speed        ////
.................... ////  * 1/21/2011 :  Constants used for double precision math updated   ////
.................... ////                 Updated routines include 64 bit versions of cos,   ////
.................... ////                 asin,atan,exp,log and dependant functions          ////
.................... ////  * 1/31/2011 :  Optimized current 32-bit float routines for cos    ////
.................... ////                 and log function                                   ////
.................... ////  * 6/13/2011 :  Fixed PCD overload CEIL_FLOOR functions for values ////
.................... ////                 greater then 10000000 and less then -10000000      ////
.................... ////                                                                    ////
.................... ////////////////////////////////////////////////////////////////////////////
.................... 
.................... #ifndef MATH_H
.................... #define MATH_H
.................... 
.................... #ifdef PI
.................... #undef  PI
.................... #endif
.................... #define PI     3.1415926535897932
.................... 
.................... 
.................... #define SQRT2  1.4142135623730950
.................... 
.................... //float const ps[4] = {5.9304945, 21.125224, 8.9403076, 0.29730279};
.................... //float const qs[4] = {1.0000000, 15.035723, 17.764134, 2.4934718};
.................... 
.................... ///////////////////////////// Round Functions //////////////////////////////
.................... 
.................... float32 CEIL_FLOOR(float32 x, unsigned int8 n)
.................... {
....................    float32 y, res;
....................    unsigned int16 l;
....................    int1 s;
.................... 
....................    s = 0;
*
02EAA:  MOVLB  7
02EAC:  BCF    xA2.0
....................    y = x;
02EAE:  MOVFF  796,79B
02EB2:  MOVFF  795,79A
02EB6:  MOVFF  794,799
02EBA:  MOVFF  793,798
.................... 
....................    if (x < 0)
02EBE:  MOVFF  796,7A6
02EC2:  MOVFF  795,7A5
02EC6:  MOVFF  794,7A4
02ECA:  MOVFF  793,7A3
02ECE:  CLRF   xAA
02ED0:  CLRF   xA9
02ED2:  CLRF   xA8
02ED4:  CLRF   xA7
02ED6:  MOVLB  0
02ED8:  CALL   0E46
02EDC:  BNC   2EEA
....................    {
....................       s = 1;
02EDE:  MOVLB  7
02EE0:  BSF    xA2.0
....................       y = -y;
02EE2:  MOVF   x99,W
02EE4:  XORLW  80
02EE6:  MOVWF  x99
02EE8:  MOVLB  0
....................    }
.................... 
....................    if (y <= 32768.0)
02EEA:  MOVFF  79B,7A6
02EEE:  MOVFF  79A,7A5
02EF2:  MOVFF  799,7A4
02EF6:  MOVFF  798,7A3
02EFA:  MOVLB  7
02EFC:  CLRF   xAA
02EFE:  CLRF   xA9
02F00:  CLRF   xA8
02F02:  MOVLW  8E
02F04:  MOVWF  xA7
02F06:  MOVLB  0
02F08:  CALL   0E46
02F0C:  BC    2F10
02F0E:  BNZ   2F40
....................       res = (float32)(unsigned int16)y;
02F10:  MOVFF  79B,7A6
02F14:  MOVFF  79A,7A5
02F18:  MOVFF  799,7A4
02F1C:  MOVFF  798,7A3
02F20:  CALL   12F0
02F24:  MOVFF  02,7A8
02F28:  MOVFF  01,7A7
02F2C:  RCALL  2E74
02F2E:  MOVFF  03,79F
02F32:  MOVFF  02,79E
02F36:  MOVFF  01,79D
02F3A:  MOVFF  00,79C
02F3E:  BRA    30E0
.................... 
....................  else if (y < 10000000.0)
02F40:  MOVFF  79B,7A6
02F44:  MOVFF  79A,7A5
02F48:  MOVFF  799,7A4
02F4C:  MOVFF  798,7A3
02F50:  MOVLW  80
02F52:  MOVLB  7
02F54:  MOVWF  xAA
02F56:  MOVLW  96
02F58:  MOVWF  xA9
02F5A:  MOVLW  18
02F5C:  MOVWF  xA8
02F5E:  MOVLW  96
02F60:  MOVWF  xA7
02F62:  MOVLB  0
02F64:  CALL   0E46
02F68:  BTFSS  FD8.0
02F6A:  BRA    30D0
....................    { 
....................       l = (unsigned int16)(y*0.000030517578125);
02F6C:  MOVFF  79B,7A6
02F70:  MOVFF  79A,7A5
02F74:  MOVFF  799,7A4
02F78:  MOVFF  798,7A3
02F7C:  MOVLB  7
02F7E:  CLRF   xAA
02F80:  CLRF   xA9
02F82:  CLRF   xA8
02F84:  MOVLW  70
02F86:  MOVWF  xA7
02F88:  MOVLB  0
02F8A:  CALL   11FA
02F8E:  MOVFF  03,7A6
02F92:  MOVFF  02,7A5
02F96:  MOVFF  01,7A4
02F9A:  MOVFF  00,7A3
02F9E:  CALL   12F0
02FA2:  MOVFF  02,7A1
02FA6:  MOVFF  01,7A0
....................       y = 32768.0*(y*0.000030517578125 - (float32)l);
02FAA:  MOVFF  79B,7A6
02FAE:  MOVFF  79A,7A5
02FB2:  MOVFF  799,7A4
02FB6:  MOVFF  798,7A3
02FBA:  MOVLB  7
02FBC:  CLRF   xAA
02FBE:  CLRF   xA9
02FC0:  CLRF   xA8
02FC2:  MOVLW  70
02FC4:  MOVWF  xA7
02FC6:  MOVLB  0
02FC8:  CALL   11FA
02FCC:  MOVFF  03,7A6
02FD0:  MOVFF  02,7A5
02FD4:  MOVFF  01,7A4
02FD8:  MOVFF  00,7A3
02FDC:  MOVFF  7A1,7A8
02FE0:  MOVFF  7A0,7A7
02FE4:  RCALL  2E74
02FE6:  BSF    FD8.1
02FE8:  MOVFF  7A6,7AA
02FEC:  MOVFF  7A5,7A9
02FF0:  MOVFF  7A4,7A8
02FF4:  MOVFF  7A3,7A7
02FF8:  MOVFF  03,7AE
02FFC:  MOVFF  02,7AD
03000:  MOVFF  01,7AC
03004:  MOVFF  00,7AB
03008:  CALL   0EC0
0300C:  MOVLB  7
0300E:  CLRF   xA6
03010:  CLRF   xA5
03012:  CLRF   xA4
03014:  MOVLW  8E
03016:  MOVWF  xA3
03018:  MOVFF  03,7AA
0301C:  MOVFF  02,7A9
03020:  MOVFF  01,7A8
03024:  MOVFF  00,7A7
03028:  MOVLB  0
0302A:  CALL   11FA
0302E:  MOVFF  03,79B
03032:  MOVFF  02,79A
03036:  MOVFF  01,799
0303A:  MOVFF  00,798
....................       res = 32768.0*(float32)l;
0303E:  MOVFF  7A1,7A8
03042:  MOVFF  7A0,7A7
03046:  RCALL  2E74
03048:  MOVLB  7
0304A:  CLRF   xA6
0304C:  CLRF   xA5
0304E:  CLRF   xA4
03050:  MOVLW  8E
03052:  MOVWF  xA3
03054:  MOVFF  03,7AA
03058:  MOVFF  02,7A9
0305C:  MOVFF  01,7A8
03060:  MOVFF  00,7A7
03064:  MOVLB  0
03066:  CALL   11FA
0306A:  MOVFF  03,79F
0306E:  MOVFF  02,79E
03072:  MOVFF  01,79D
03076:  MOVFF  00,79C
....................       res += (float32)(unsigned int16)y;
0307A:  MOVFF  79B,7A6
0307E:  MOVFF  79A,7A5
03082:  MOVFF  799,7A4
03086:  MOVFF  798,7A3
0308A:  CALL   12F0
0308E:  MOVFF  02,7A8
03092:  MOVFF  01,7A7
03096:  RCALL  2E74
03098:  BCF    FD8.1
0309A:  MOVFF  79F,7AA
0309E:  MOVFF  79E,7A9
030A2:  MOVFF  79D,7A8
030A6:  MOVFF  79C,7A7
030AA:  MOVFF  03,7AE
030AE:  MOVFF  02,7AD
030B2:  MOVFF  01,7AC
030B6:  MOVFF  00,7AB
030BA:  CALL   0EC0
030BE:  MOVFF  03,79F
030C2:  MOVFF  02,79E
030C6:  MOVFF  01,79D
030CA:  MOVFF  00,79C
....................    }
030CE:  BRA    30E0
.................... 
....................  else
....................   res = y;
030D0:  MOVFF  79B,79F
030D4:  MOVFF  79A,79E
030D8:  MOVFF  799,79D
030DC:  MOVFF  798,79C
.................... 
....................  y = y - (float32)(unsigned int16)y;
030E0:  MOVFF  79B,7A6
030E4:  MOVFF  79A,7A5
030E8:  MOVFF  799,7A4
030EC:  MOVFF  798,7A3
030F0:  CALL   12F0
030F4:  MOVFF  02,7A8
030F8:  MOVFF  01,7A7
030FC:  RCALL  2E74
030FE:  BSF    FD8.1
03100:  MOVFF  79B,7AA
03104:  MOVFF  79A,7A9
03108:  MOVFF  799,7A8
0310C:  MOVFF  798,7A7
03110:  MOVFF  03,7AE
03114:  MOVFF  02,7AD
03118:  MOVFF  01,7AC
0311C:  MOVFF  00,7AB
03120:  CALL   0EC0
03124:  MOVFF  03,79B
03128:  MOVFF  02,79A
0312C:  MOVFF  01,799
03130:  MOVFF  00,798
.................... 
....................  if (s)
03134:  MOVLB  7
03136:  BTFSS  xA2.0
03138:  BRA    3140
....................   res = -res;
0313A:  MOVF   x9D,W
0313C:  XORLW  80
0313E:  MOVWF  x9D
.................... 
....................  if (y != 0)
03140:  MOVFF  79B,7A6
03144:  MOVFF  79A,7A5
03148:  MOVFF  799,7A4
0314C:  MOVFF  798,7A3
03150:  CLRF   xAA
03152:  CLRF   xA9
03154:  CLRF   xA8
03156:  CLRF   xA7
03158:  MOVLB  0
0315A:  CALL   0E46
0315E:  BZ    31D8
....................  {
....................   if (s == 1 && n == 0)
03160:  MOVLB  7
03162:  BTFSS  xA2.0
03164:  BRA    319E
03166:  MOVF   x97,F
03168:  BNZ   319E
....................    res -= 1.0;
0316A:  BSF    FD8.1
0316C:  MOVFF  79F,7AA
03170:  MOVFF  79E,7A9
03174:  MOVFF  79D,7A8
03178:  MOVFF  79C,7A7
0317C:  CLRF   xAE
0317E:  CLRF   xAD
03180:  CLRF   xAC
03182:  MOVLW  7F
03184:  MOVWF  xAB
03186:  MOVLB  0
03188:  CALL   0EC0
0318C:  MOVFF  03,79F
03190:  MOVFF  02,79E
03194:  MOVFF  01,79D
03198:  MOVFF  00,79C
0319C:  MOVLB  7
.................... 
....................   if (s == 0 && n == 1)
0319E:  BTFSC  xA2.0
031A0:  BRA    31DA
031A2:  DECFSZ x97,W
031A4:  BRA    31DA
....................    res += 1.0;
031A6:  BCF    FD8.1
031A8:  MOVFF  79F,7AA
031AC:  MOVFF  79E,7A9
031B0:  MOVFF  79D,7A8
031B4:  MOVFF  79C,7A7
031B8:  CLRF   xAE
031BA:  CLRF   xAD
031BC:  CLRF   xAC
031BE:  MOVLW  7F
031C0:  MOVWF  xAB
031C2:  MOVLB  0
031C4:  CALL   0EC0
031C8:  MOVFF  03,79F
031CC:  MOVFF  02,79E
031D0:  MOVFF  01,79D
031D4:  MOVFF  00,79C
031D8:  MOVLB  7
....................  }
....................  if (x == 0)
031DA:  MOVFF  796,7A6
031DE:  MOVFF  795,7A5
031E2:  MOVFF  794,7A4
031E6:  MOVFF  793,7A3
031EA:  CLRF   xAA
031EC:  CLRF   xA9
031EE:  CLRF   xA8
031F0:  CLRF   xA7
031F2:  MOVLB  0
031F4:  CALL   0E46
031F8:  BNZ   3206
....................     res = 0;
031FA:  MOVLB  7
031FC:  CLRF   x9F
031FE:  CLRF   x9E
03200:  CLRF   x9D
03202:  CLRF   x9C
03204:  MOVLB  0
.................... 
....................  return (res);
03206:  MOVFF  79C,00
0320A:  MOVFF  79D,01
0320E:  MOVFF  79E,02
03212:  MOVFF  79F,03
03216:  RETURN 0
.................... }
.................... 
.................... // Overloaded Functions to take care for new Data types in PCD
.................... // Overloaded function CEIL_FLOOR() for data type - Float48
.................... #if defined(__PCD__)
.................... float48 CEIL_FLOOR(float48 x, unsigned int8 n)
.................... {
....................    float48 y, res;
....................    unsigned int32 l;
....................    int1 s;
.................... 
....................    s = 0;
....................    y = x;
.................... 
....................    if (x < 0)
....................    {
....................       s = 1;
....................       y = -y;
....................    }
.................... 
....................    if (y <= 32768.0)
....................       res = (float48)(unsigned int16)y;
.................... 
....................    else if (y < 549755813888.0)
....................    {
....................       l = (unsigned int32)(y*0.000030517578125);
....................       y = 32768.0*(y*0.000030517578125 - (float48)l);
....................       res = 32768.0*(float48)l;
....................       res += (float48)(unsigned int16)y;
....................    }
....................    else
....................    {  
....................       res = y;
....................       y = 0.0;
....................    }
....................    
....................    if(y != 0)
....................       y = y - (float48)(unsigned int16)y;
.................... 
....................    if (s)
....................       res = -res;
.................... 
....................    if (y != 0)
....................    {
....................       if (s == 1 && n == 0)
....................          res -= 1.0;
.................... 
....................       if (s == 0 && n == 1)
....................          res += 1.0;
....................    }
....................    if (x == 0)
....................       res = 0;
.................... 
....................    return (res);
.................... }
.................... 
.................... 
.................... // Overloaded function CEIL_FLOOR() for data type - Float64
.................... float64 CEIL_FLOOR(float64 x, unsigned int8 n)
.................... {
....................    float64 y, res;
....................    int64 l;
....................    int1 s;
.................... 
....................    s = 0;
....................    y = x;
.................... 
....................    if (x < 0)
....................    {
....................       s = 1;
....................       y = -y;
....................    }
.................... 
....................    if (y <= 32768.0)
....................       res = (float64)(unsigned int16)y;
....................    else if (y < 4503599627370496.0)
....................    {
....................       l = (int64)(y*0.000030517578125);
....................       y = 32768.0*(y*0.000030517578125 - (float64)l);
....................       res = 32768.0*(float64)l;
....................       res += (float64)(unsigned int16)y;
....................    }
....................    else
....................    {
....................       res = y;
....................       y = 0.0;
....................    }
....................    
....................    if(y != 0)
....................       y = y - (float64)(unsigned int16)y;
.................... 
....................    if (s)
....................       res = -res;
.................... 
....................    if (y != 0)
....................    {
....................       if (s == 1 && n == 0)
....................          res -= 1.0;
.................... 
....................       if (s == 0 && n == 1)
....................          res += 1.0;
....................    }
....................    
....................    if (x == 0)
....................       res = 0;
.................... 
....................    return (res);
.................... }
.................... #endif
.................... 
.................... ////////////////////////////////////////////////////////////////////////////
.................... //   float floor(float x)
.................... ////////////////////////////////////////////////////////////////////////////
.................... // Description : rounds down the number x.
.................... // Date : N/A
.................... //
.................... float32 floor(float32 x)
.................... {
....................    return CEIL_FLOOR(x,0);
*
03236:  MOVFF  792,796
0323A:  MOVFF  791,795
0323E:  MOVFF  790,794
03242:  MOVFF  78F,793
03246:  MOVLB  7
03248:  CLRF   x97
0324A:  MOVLB  0
0324C:  RCALL  2EAA
0324E:  GOTO   335A (RETURN)
.................... }
.................... // Following 2 functions are overloaded functions of floor() for PCD
.................... // Overloaded function floor() for data type - Float48
.................... #if defined(__PCD__)
.................... float48 floor(float48 x)
.................... {
....................    return CEIL_FLOOR(x, 0);
.................... }
.................... 
.................... // Overloaded function floor() for data type - Float64
.................... float64 floor(float64 x)
.................... {
....................    return CEIL_FLOOR(x, 0);
.................... }
.................... #endif
.................... 
.................... 
.................... ////////////////////////////////////////////////////////////////////////////
.................... //   float ceil(float x)
.................... ////////////////////////////////////////////////////////////////////////////
.................... // Description : rounds up the number x.
.................... // Date : N/A
.................... //
.................... float32 ceil(float32 x)
.................... {
....................    return CEIL_FLOOR(x, 1);
*
03218:  MOVFF  792,796
0321C:  MOVFF  791,795
03220:  MOVFF  790,794
03224:  MOVFF  78F,793
03228:  MOVLW  01
0322A:  MOVLB  7
0322C:  MOVWF  x97
0322E:  MOVLB  0
03230:  RCALL  2EAA
03232:  GOTO   3312 (RETURN)
.................... }
.................... // Following 2 functions are overloaded functions of ceil() for PCD
.................... // Overloaded function ceil() for data type - Float48
.................... #if defined(__PCD__)
.................... float48 ceil(float48 x)
.................... {
....................    return CEIL_FLOOR(x, 1);
.................... }
.................... 
.................... // Overloaded function ceil() for data type - Float64
.................... float64 ceil(float64 x)
.................... {
....................    return CEIL_FLOOR(x, 1);
.................... }
.................... #endif
.................... 
....................  ////////////////////////////////////////////////////////////////////////////
.................... //   float fabs(float x)
.................... ////////////////////////////////////////////////////////////////////////////
.................... // Description : Computes the absolute value of floating point number x
.................... // Returns : returns the absolute value of x
.................... // Date : N/A
.................... //
.................... #define fabs abs
.................... 
.................... ////////////////////////////////////////////////////////////////////////////
.................... //   float fmod(float x)
.................... ////////////////////////////////////////////////////////////////////////////
.................... // Description : Computes the floating point remainder of x/y
.................... // Returns : returns the value of x= i*y, for some integer i such that, if y
.................... // is non zero, the result has the same isgn of x na dmagnitude less than the
.................... // magnitude of y. If y is zero then a domain error occurs.
.................... // Date : N/A
.................... //
.................... 
.................... float fmod(float32 x,float32 y)
.................... {
....................    float32 i;
....................    if (y!=0.0)
*
03252:  MOVFF  786,7A6
03256:  MOVFF  785,7A5
0325A:  MOVFF  784,7A4
0325E:  MOVFF  783,7A3
03262:  MOVLB  7
03264:  CLRF   xAA
03266:  CLRF   xA9
03268:  CLRF   xA8
0326A:  CLRF   xA7
0326C:  MOVLB  0
0326E:  CALL   0E46
03272:  BTFSC  FD8.2
03274:  BRA    33B6
....................    {
....................       i=(x/y < 0.0)? ceil(x/y): floor(x/y);
03276:  MOVFF  782,79F
0327A:  MOVFF  781,79E
0327E:  MOVFF  780,79D
03282:  MOVFF  77F,79C
03286:  MOVFF  786,7A3
0328A:  MOVFF  785,7A2
0328E:  MOVFF  784,7A1
03292:  MOVFF  783,7A0
03296:  CALL   24EA
0329A:  MOVFF  03,78E
0329E:  MOVFF  02,78D
032A2:  MOVFF  01,78C
032A6:  MOVFF  00,78B
032AA:  MOVFF  03,7A6
032AE:  MOVFF  02,7A5
032B2:  MOVFF  01,7A4
032B6:  MOVFF  00,7A3
032BA:  MOVLB  7
032BC:  CLRF   xAA
032BE:  CLRF   xA9
032C0:  CLRF   xA8
032C2:  CLRF   xA7
032C4:  MOVLB  0
032C6:  CALL   0E46
032CA:  BNC   3314
032CC:  MOVFF  782,79F
032D0:  MOVFF  781,79E
032D4:  MOVFF  780,79D
032D8:  MOVFF  77F,79C
032DC:  MOVFF  786,7A3
032E0:  MOVFF  785,7A2
032E4:  MOVFF  784,7A1
032E8:  MOVFF  783,7A0
032EC:  CALL   24EA
032F0:  MOVFF  03,78E
032F4:  MOVFF  02,78D
032F8:  MOVFF  01,78C
032FC:  MOVFF  00,78B
03300:  MOVFF  03,792
03304:  MOVFF  02,791
03308:  MOVFF  01,790
0330C:  MOVFF  00,78F
03310:  BRA    3218
03312:  BRA    335A
03314:  MOVFF  782,79F
03318:  MOVFF  781,79E
0331C:  MOVFF  780,79D
03320:  MOVFF  77F,79C
03324:  MOVFF  786,7A3
03328:  MOVFF  785,7A2
0332C:  MOVFF  784,7A1
03330:  MOVFF  783,7A0
03334:  CALL   24EA
03338:  MOVFF  03,78E
0333C:  MOVFF  02,78D
03340:  MOVFF  01,78C
03344:  MOVFF  00,78B
03348:  MOVFF  03,792
0334C:  MOVFF  02,791
03350:  MOVFF  01,790
03354:  MOVFF  00,78F
03358:  BRA    3236
0335A:  MOVFF  03,78A
0335E:  MOVFF  02,789
03362:  MOVFF  01,788
03366:  MOVFF  00,787
....................       return(x-(i*y));
0336A:  MOVFF  78A,7A6
0336E:  MOVFF  789,7A5
03372:  MOVFF  788,7A4
03376:  MOVFF  787,7A3
0337A:  MOVFF  786,7AA
0337E:  MOVFF  785,7A9
03382:  MOVFF  784,7A8
03386:  MOVFF  783,7A7
0338A:  CALL   11FA
0338E:  BSF    FD8.1
03390:  MOVFF  782,7AA
03394:  MOVFF  781,7A9
03398:  MOVFF  780,7A8
0339C:  MOVFF  77F,7A7
033A0:  MOVFF  03,7AE
033A4:  MOVFF  02,7AD
033A8:  MOVFF  01,7AC
033AC:  MOVFF  00,7AB
033B0:  CALL   0EC0
033B4:  BRA    33B6
....................    }
....................    else
....................    {
....................    #ifdef _ERRNO
....................    {
....................       errno=EDOM;
....................    }
....................    #endif
....................    }
033B6:  RETURN 0
.................... }
.................... //Overloaded function for fmod() for PCD
.................... // Overloaded function fmod() for data type - Float48
.................... #if defined(__PCD__)
.................... float48 fmod(float48 x,float48 y)
.................... {
....................    float48 i;
....................    if (y!=0.0)
....................    {
....................       i=(x/y < 0.0)? ceil(x/y): floor(x/y);
....................       return(x-(i*y));
....................    }
....................    else
....................    {
....................    #ifdef _ERRNO
....................    {
....................       errno=EDOM;
....................    }
....................    #endif
....................    }
.................... }
.................... // Overloaded function fmod() for data type - Float64
.................... float64 fmod(float64 x,float64 y)
.................... {
....................    float64 i;
....................    if (y!=0.0)
....................    {
....................       i=(x/y < 0.0)? ceil(x/y): floor(x/y);
....................       return(x-(i*y));
....................    }
....................    else
....................    {
....................    #ifdef _ERRNO
....................    {
....................       errno=EDOM;
....................    }
....................    #endif
....................    }
.................... }
.................... #endif
.................... //////////////////// Exponential and logarithmic functions ////////////////////
.................... ////////////////////////////////////////////////////////////////////////////
.................... //   float exp(float x)
.................... ////////////////////////////////////////////////////////////////////////////
.................... // Description : returns the value (e^x)
.................... // Date : N/A
.................... //
.................... #define LN2 0.6931471805599453
.................... #define LN2_INV 1.4426950408889634073
.................... 
.................... float const pe[6] = {0.000207455774, 0.00127100575, 0.00965065093,
....................                      0.0554965651,  0.240227138,  0.693147172};
.................... 
.................... 
.................... float32 exp(float32 x)
.................... {
....................    float32 y, res, r;
....................    #if defined(__PCD__)
....................    int8 data1;
....................    #endif
....................    signed int8 n;
....................    int1 s;
....................    #ifdef _ERRNO
....................    if(x > 88.722838)
....................    {
....................       errno=ERANGE;
....................       return(0);
....................    }
....................    #endif
....................    n = (signed int16)(x*LN2_INV);
*
0374C:  MOVFF  786,7A6
03750:  MOVFF  785,7A5
03754:  MOVFF  784,7A4
03758:  MOVFF  783,7A3
0375C:  MOVLW  3B
0375E:  MOVLB  7
03760:  MOVWF  xAA
03762:  MOVLW  AA
03764:  MOVWF  xA9
03766:  MOVLW  38
03768:  MOVWF  xA8
0376A:  MOVLW  7F
0376C:  MOVWF  xA7
0376E:  MOVLB  0
03770:  CALL   11FA
03774:  MOVFF  03,7A6
03778:  MOVFF  02,7A5
0377C:  MOVFF  01,7A4
03780:  MOVFF  00,7A3
03784:  CALL   12F0
03788:  MOVFF  01,793
....................    s = 0;
0378C:  MOVLB  7
0378E:  BCF    x94.0
....................    y = x;
03790:  MOVFF  786,78A
03794:  MOVFF  785,789
03798:  MOVFF  784,788
0379C:  MOVFF  783,787
.................... 
....................    if (x < 0)
037A0:  MOVFF  786,7A6
037A4:  MOVFF  785,7A5
037A8:  MOVFF  784,7A4
037AC:  MOVFF  783,7A3
037B0:  CLRF   xAA
037B2:  CLRF   xA9
037B4:  CLRF   xA8
037B6:  CLRF   xA7
037B8:  MOVLB  0
037BA:  CALL   0E46
037BE:  BNC   37CE
....................    {
....................       s = 1;
037C0:  MOVLB  7
037C2:  BSF    x94.0
....................       n = -n;
037C4:  NEGF   x93
....................       y = -y;
037C6:  MOVF   x88,W
037C8:  XORLW  80
037CA:  MOVWF  x88
037CC:  MOVLB  0
....................    }
.................... 
....................    res = 0.0;
037CE:  MOVLB  7
037D0:  CLRF   x8E
037D2:  CLRF   x8D
037D4:  CLRF   x8C
037D6:  CLRF   x8B
.................... #if !defined(__PCD__)
....................    *((unsigned int8 *)(&res)) = n + 0x7F;
037D8:  MOVLW  07
037DA:  MOVWF  x96
037DC:  MOVLW  8B
037DE:  MOVFF  796,FEA
037E2:  MOVWF  FE9
037E4:  MOVLW  7F
037E6:  ADDWF  x93,W
037E8:  MOVWF  FEF
.................... #endif
.................... 
.................... #if defined(__PCD__)  // Takes care of IEEE format for PCD
....................    data1 = n+0x7F;
....................    if(bit_test(data1,0))
....................    bit_set(*(((unsigned int8 *)(&res)+2)),7);
....................    rotate_right(&data1,1);
....................    bit_clear(data1,7);
....................    *(((unsigned int8 *)(&res)+3)) = data1;
.................... #endif
.................... 
....................    y = y*LN2_INV - (float32)n;
037EA:  MOVFF  78A,7A6
037EE:  MOVFF  789,7A5
037F2:  MOVFF  788,7A4
037F6:  MOVFF  787,7A3
037FA:  MOVLW  3B
037FC:  MOVWF  xAA
037FE:  MOVLW  AA
03800:  MOVWF  xA9
03802:  MOVLW  38
03804:  MOVWF  xA8
03806:  MOVLW  7F
03808:  MOVWF  xA7
0380A:  MOVLB  0
0380C:  CALL   11FA
03810:  MOVFF  03,798
03814:  MOVFF  02,797
03818:  MOVFF  01,796
0381C:  MOVFF  00,795
03820:  MOVLB  7
03822:  CLRF   x9A
03824:  MOVFF  793,799
03828:  BTFSC  x99.7
0382A:  DECF   x9A,F
0382C:  MOVLB  0
0382E:  CALL   2E24
03832:  BSF    FD8.1
03834:  MOVFF  798,7AA
03838:  MOVFF  797,7A9
0383C:  MOVFF  796,7A8
03840:  MOVFF  795,7A7
03844:  MOVFF  03,7AE
03848:  MOVFF  02,7AD
0384C:  MOVFF  01,7AC
03850:  MOVFF  00,7AB
03854:  CALL   0EC0
03858:  MOVFF  03,78A
0385C:  MOVFF  02,789
03860:  MOVFF  01,788
03864:  MOVFF  00,787
.................... 
....................    r = pe[0]*y + pe[1];
03868:  MOVLW  7C
0386A:  MOVLB  7
0386C:  MOVWF  xA6
0386E:  MOVLW  88
03870:  MOVWF  xA5
03872:  MOVLW  59
03874:  MOVWF  xA4
03876:  MOVLW  72
03878:  MOVWF  xA3
0387A:  MOVFF  78A,7AA
0387E:  MOVFF  789,7A9
03882:  MOVFF  788,7A8
03886:  MOVFF  787,7A7
0388A:  MOVLB  0
0388C:  CALL   11FA
03890:  MOVFF  03,798
03894:  MOVFF  02,797
03898:  MOVFF  01,796
0389C:  MOVFF  00,795
038A0:  BCF    FD8.1
038A2:  MOVFF  03,7AA
038A6:  MOVFF  02,7A9
038AA:  MOVFF  01,7A8
038AE:  MOVFF  00,7A7
038B2:  MOVLW  E0
038B4:  MOVLB  7
038B6:  MOVWF  xAE
038B8:  MOVLW  97
038BA:  MOVWF  xAD
038BC:  MOVLW  26
038BE:  MOVWF  xAC
038C0:  MOVLW  75
038C2:  MOVWF  xAB
038C4:  MOVLB  0
038C6:  CALL   0EC0
038CA:  MOVFF  03,792
038CE:  MOVFF  02,791
038D2:  MOVFF  01,790
038D6:  MOVFF  00,78F
....................    r = r*y + pe[2];
038DA:  MOVFF  792,7A6
038DE:  MOVFF  791,7A5
038E2:  MOVFF  790,7A4
038E6:  MOVFF  78F,7A3
038EA:  MOVFF  78A,7AA
038EE:  MOVFF  789,7A9
038F2:  MOVFF  788,7A8
038F6:  MOVFF  787,7A7
038FA:  CALL   11FA
038FE:  MOVFF  03,798
03902:  MOVFF  02,797
03906:  MOVFF  01,796
0390A:  MOVFF  00,795
0390E:  BCF    FD8.1
03910:  MOVFF  03,7AA
03914:  MOVFF  02,7A9
03918:  MOVFF  01,7A8
0391C:  MOVFF  00,7A7
03920:  MOVLW  C4
03922:  MOVLB  7
03924:  MOVWF  xAE
03926:  MOVLW  1D
03928:  MOVWF  xAD
0392A:  MOVLW  1E
0392C:  MOVWF  xAC
0392E:  MOVLW  78
03930:  MOVWF  xAB
03932:  MOVLB  0
03934:  CALL   0EC0
03938:  MOVFF  03,792
0393C:  MOVFF  02,791
03940:  MOVFF  01,790
03944:  MOVFF  00,78F
....................    r = r*y + pe[3];
03948:  MOVFF  792,7A6
0394C:  MOVFF  791,7A5
03950:  MOVFF  790,7A4
03954:  MOVFF  78F,7A3
03958:  MOVFF  78A,7AA
0395C:  MOVFF  789,7A9
03960:  MOVFF  788,7A8
03964:  MOVFF  787,7A7
03968:  CALL   11FA
0396C:  MOVFF  03,798
03970:  MOVFF  02,797
03974:  MOVFF  01,796
03978:  MOVFF  00,795
0397C:  BCF    FD8.1
0397E:  MOVFF  03,7AA
03982:  MOVFF  02,7A9
03986:  MOVFF  01,7A8
0398A:  MOVFF  00,7A7
0398E:  MOVLW  5E
03990:  MOVLB  7
03992:  MOVWF  xAE
03994:  MOVLW  50
03996:  MOVWF  xAD
03998:  MOVLW  63
0399A:  MOVWF  xAC
0399C:  MOVLW  7A
0399E:  MOVWF  xAB
039A0:  MOVLB  0
039A2:  CALL   0EC0
039A6:  MOVFF  03,792
039AA:  MOVFF  02,791
039AE:  MOVFF  01,790
039B2:  MOVFF  00,78F
....................    r = r*y + pe[4];
039B6:  MOVFF  792,7A6
039BA:  MOVFF  791,7A5
039BE:  MOVFF  790,7A4
039C2:  MOVFF  78F,7A3
039C6:  MOVFF  78A,7AA
039CA:  MOVFF  789,7A9
039CE:  MOVFF  788,7A8
039D2:  MOVFF  787,7A7
039D6:  CALL   11FA
039DA:  MOVFF  03,798
039DE:  MOVFF  02,797
039E2:  MOVFF  01,796
039E6:  MOVFF  00,795
039EA:  BCF    FD8.1
039EC:  MOVFF  03,7AA
039F0:  MOVFF  02,7A9
039F4:  MOVFF  01,7A8
039F8:  MOVFF  00,7A7
039FC:  MOVLW  1A
039FE:  MOVLB  7
03A00:  MOVWF  xAE
03A02:  MOVLW  FE
03A04:  MOVWF  xAD
03A06:  MOVLW  75
03A08:  MOVWF  xAC
03A0A:  MOVLW  7C
03A0C:  MOVWF  xAB
03A0E:  MOVLB  0
03A10:  CALL   0EC0
03A14:  MOVFF  03,792
03A18:  MOVFF  02,791
03A1C:  MOVFF  01,790
03A20:  MOVFF  00,78F
....................    r = r*y + pe[5];
03A24:  MOVFF  792,7A6
03A28:  MOVFF  791,7A5
03A2C:  MOVFF  790,7A4
03A30:  MOVFF  78F,7A3
03A34:  MOVFF  78A,7AA
03A38:  MOVFF  789,7A9
03A3C:  MOVFF  788,7A8
03A40:  MOVFF  787,7A7
03A44:  CALL   11FA
03A48:  MOVFF  03,798
03A4C:  MOVFF  02,797
03A50:  MOVFF  01,796
03A54:  MOVFF  00,795
03A58:  BCF    FD8.1
03A5A:  MOVFF  03,7AA
03A5E:  MOVFF  02,7A9
03A62:  MOVFF  01,7A8
03A66:  MOVFF  00,7A7
03A6A:  MOVLW  18
03A6C:  MOVLB  7
03A6E:  MOVWF  xAE
03A70:  MOVLW  72
03A72:  MOVWF  xAD
03A74:  MOVLW  31
03A76:  MOVWF  xAC
03A78:  MOVLW  7E
03A7A:  MOVWF  xAB
03A7C:  MOVLB  0
03A7E:  CALL   0EC0
03A82:  MOVFF  03,792
03A86:  MOVFF  02,791
03A8A:  MOVFF  01,790
03A8E:  MOVFF  00,78F
.................... 
....................    res = res*(1.0 + y*r);
03A92:  MOVFF  78A,7A6
03A96:  MOVFF  789,7A5
03A9A:  MOVFF  788,7A4
03A9E:  MOVFF  787,7A3
03AA2:  MOVFF  792,7AA
03AA6:  MOVFF  791,7A9
03AAA:  MOVFF  790,7A8
03AAE:  MOVFF  78F,7A7
03AB2:  CALL   11FA
03AB6:  BCF    FD8.1
03AB8:  MOVLB  7
03ABA:  CLRF   xAA
03ABC:  CLRF   xA9
03ABE:  CLRF   xA8
03AC0:  MOVLW  7F
03AC2:  MOVWF  xA7
03AC4:  MOVFF  03,7AE
03AC8:  MOVFF  02,7AD
03ACC:  MOVFF  01,7AC
03AD0:  MOVFF  00,7AB
03AD4:  MOVLB  0
03AD6:  CALL   0EC0
03ADA:  MOVFF  78E,7A6
03ADE:  MOVFF  78D,7A5
03AE2:  MOVFF  78C,7A4
03AE6:  MOVFF  78B,7A3
03AEA:  MOVFF  03,7AA
03AEE:  MOVFF  02,7A9
03AF2:  MOVFF  01,7A8
03AF6:  MOVFF  00,7A7
03AFA:  CALL   11FA
03AFE:  MOVFF  03,78E
03B02:  MOVFF  02,78D
03B06:  MOVFF  01,78C
03B0A:  MOVFF  00,78B
.................... 
....................    if (s)
03B0E:  MOVLB  7
03B10:  BTFSS  x94.0
03B12:  BRA    3B46
....................       res = 1.0/res;
03B14:  CLRF   x9F
03B16:  CLRF   x9E
03B18:  CLRF   x9D
03B1A:  MOVLW  7F
03B1C:  MOVWF  x9C
03B1E:  MOVFF  78E,7A3
03B22:  MOVFF  78D,7A2
03B26:  MOVFF  78C,7A1
03B2A:  MOVFF  78B,7A0
03B2E:  MOVLB  0
03B30:  CALL   24EA
03B34:  MOVFF  03,78E
03B38:  MOVFF  02,78D
03B3C:  MOVFF  01,78C
03B40:  MOVFF  00,78B
03B44:  MOVLB  7
....................    return(res);
03B46:  MOVFF  78B,00
03B4A:  MOVFF  78C,01
03B4E:  MOVFF  78D,02
03B52:  MOVFF  78E,03
03B56:  MOVLB  0
03B58:  RETURN 0
.................... }
.................... 
.................... 
.................... //Overloaded function for exp() for PCD
.................... // Overloaded function exp() for data type - Float48
.................... #if defined(__PCD__)
.................... float48 exp(float48 x)
.................... {
....................    float48 y, res, r;
....................    int8 data1;
....................    signed int8 n;
....................    int1 s;
....................    #ifdef _ERRNO
....................    if(x > 88.722838)
....................    {
....................       errno=ERANGE;
....................       return(0);
....................    }
....................    #endif
....................    n = (signed int16)(x*LN2_INV);
....................    s = 0;
....................    y = x;
.................... 
....................    if (x < 0)
....................    {
....................       s = 1;
....................       n = -n;
....................       y = -y;
....................    }
.................... 
....................    res = 0.0;
.................... 
....................    data1 = n+0x7F;
....................    if(bit_test(data1,0))
....................    bit_set(*(((unsigned int8 *)(&res)+4)),7);
....................    rotate_right(&data1,1);
....................    bit_clear(data1,7);
....................    *(((unsigned int8 *)(&res)+5)) = data1;
.................... 
....................    y = y*LN2_INV - (float48)n;
.................... 
....................    r = pe[0]*y + pe[1];
....................    r = r*y + pe[2];
....................    r = r*y + pe[3];
....................    r = r*y + pe[4];
....................    r = r*y + pe[5];
.................... 
....................    res = res*(1.0 + y*r);
.................... 
....................    if (s)
....................       res = 1.0/res;
....................    return(res);
.................... }
.................... 
.................... // Overloaded function exp() for data type - Float64
.................... float64 const pe_64[12] ={9.30741400474913e-011,-4.28655416283316e-011,
....................                           8.71486547014137e-009,9.84458531538385e-008,
....................                           1.32588296983536e-006,1.52489283823016e-005,
....................                           0.000154037598423921,0.00133335487036216,
....................                           0.00961812936407326,0.0555041086222122,
....................                           0.240226506962827,0.693147180559823};
.................... 
.................... float64 exp(float64 x)
.................... {
....................    float64 y, res, r;
....................    unsigned int16 data1, data2;
....................    unsigned int16 *p;
....................    signed int16 n;
....................    int1 s;
....................    #ifdef _ERRNO
....................    if(x > 709.7827128)
....................    {
....................       errno=ERANGE;
....................       return(0);
....................    }
....................    #endif
....................    y = x*LN2_INV;
....................    n = (signed int16)y;
....................    s = 0;
....................    y = x;
.................... 
....................    if (x < 0)
....................    {
....................       s = 1;
....................       n = -n;
....................       y = -y;
....................    }
.................... 
....................    res = 0.0;
.................... 
.................... #if !defined(__PCD__)
....................    *((unsigned int16 *)(&res)) = n + 0x7F;
.................... #endif
....................    p= (((unsigned int16 *)(&res))+3);
....................    data1 = *p;
....................    data2 = *p;   
....................    data1 = n + 0x3FF;
....................    data1 = data1 <<4;
....................    if(bit_test(data2,15))
....................    bit_set(data1,15);
....................    data2 = data2 & 0x000F;
....................    data1 ^= data2;
.................... 
....................    *(((unsigned int16 *)(&res)+3)) = data1;
.................... 
.................... 
....................    y = y*LN2_INV - (float64)n;
.................... 
....................    r = pe_64[0]*y + pe_64[1];
....................    r = r*y + pe_64[2];
....................    r = r*y + pe_64[3];
....................    r = r*y + pe_64[4];
....................    r = r*y + pe_64[5];
....................    r = r*y + pe_64[6];
....................    r = r*y + pe_64[7];
....................    r = r*y + pe_64[8];
....................    r = r*y + pe_64[9];
....................    r = r*y + pe_64[10];
....................    r = r*y + pe_64[11];
....................    
....................    res = res*(1.0 + y*r);
.................... 
....................    if (s)
....................       res = 1.0/res;
....................    return(res);
.................... }
.................... #ENDIF
.................... 
.................... 
.................... /************************************************************/
.................... 
.................... float32 const pl[4] = {-1.080310025160955, 1.999999947089217};
.................... float32 const ql[4] = {0.091284365719509, -0.873491916557671};
.................... 
.................... ////////////////////////////////////////////////////////////////////////////
.................... //   float log(float x)
.................... ////////////////////////////////////////////////////////////////////////////
.................... // Description : returns the the natural log of x
.................... // Date : N/A
.................... //
.................... float32 log(float32 x)
.................... {
....................    float32 y, res, r, y2;
....................    #if defined(__PCD__)
....................    unsigned int8  data1,data2;
....................    #endif
....................    signed int8 n;
....................    #ifdef _ERRNO
....................    if(x <0)
....................    {
....................       errno=EDOM;
....................    }
....................    if(x ==0)
....................    {
....................       errno=ERANGE;
....................       return(0);
....................    }
....................    #endif
....................    y = x;
*
033B8:  MOVFF  786,78A
033BC:  MOVFF  785,789
033C0:  MOVFF  784,788
033C4:  MOVFF  783,787
.................... 
....................    if (y != 1.0)
033C8:  MOVFF  78A,7A6
033CC:  MOVFF  789,7A5
033D0:  MOVFF  788,7A4
033D4:  MOVFF  787,7A3
033D8:  MOVLB  7
033DA:  CLRF   xAA
033DC:  CLRF   xA9
033DE:  CLRF   xA8
033E0:  MOVLW  7F
033E2:  MOVWF  xA7
033E4:  MOVLB  0
033E6:  CALL   0E46
033EA:  BTFSC  FD8.2
033EC:  BRA    372E
....................    {
.................... #if !defined(__PCD__)
....................     *((unsigned int8 *)(&y)) = 0x7E; 
033EE:  MOVLW  07
033F0:  MOVLB  7
033F2:  MOVWF  x99
033F4:  MOVLW  87
033F6:  MOVFF  799,FEA
033FA:  MOVWF  FE9
033FC:  MOVLW  7E
033FE:  MOVWF  FEF
.................... #endif
.................... 
.................... #if defined(__PCD__) // Takes care of IEEE format
....................    data2 = *(((unsigned int8 *)(&y))+3);
....................    *(((unsigned int8 *)(&y))+3) = 0x3F;
....................    data1 = *(((unsigned int8 *)(&y))+2);
....................    bit_clear(data1,7);
....................    *(((unsigned int8 *)(&y))+2) = data1;
....................    if(bit_test(data2,7))
....................      bit_set(*(((unsigned int8 *)(&y))+3),7);
.................... #endif
.................... 
....................       y = (y - 1.0)/(y + 1.0);
03400:  BSF    FD8.1
03402:  MOVFF  78A,7AA
03406:  MOVFF  789,7A9
0340A:  MOVFF  788,7A8
0340E:  MOVFF  787,7A7
03412:  CLRF   xAE
03414:  CLRF   xAD
03416:  CLRF   xAC
03418:  MOVLW  7F
0341A:  MOVWF  xAB
0341C:  MOVLB  0
0341E:  CALL   0EC0
03422:  MOVFF  03,79B
03426:  MOVFF  02,79A
0342A:  MOVFF  01,799
0342E:  MOVFF  00,798
03432:  BCF    FD8.1
03434:  MOVFF  78A,7AA
03438:  MOVFF  789,7A9
0343C:  MOVFF  788,7A8
03440:  MOVFF  787,7A7
03444:  MOVLB  7
03446:  CLRF   xAE
03448:  CLRF   xAD
0344A:  CLRF   xAC
0344C:  MOVLW  7F
0344E:  MOVWF  xAB
03450:  MOVLB  0
03452:  CALL   0EC0
03456:  MOVFF  79B,79F
0345A:  MOVFF  79A,79E
0345E:  MOVFF  799,79D
03462:  MOVFF  798,79C
03466:  MOVFF  03,7A3
0346A:  MOVFF  02,7A2
0346E:  MOVFF  01,7A1
03472:  MOVFF  00,7A0
03476:  CALL   24EA
0347A:  MOVFF  03,78A
0347E:  MOVFF  02,789
03482:  MOVFF  01,788
03486:  MOVFF  00,787
.................... 
....................       y2=y*y;
0348A:  MOVFF  78A,7A6
0348E:  MOVFF  789,7A5
03492:  MOVFF  788,7A4
03496:  MOVFF  787,7A3
0349A:  MOVFF  78A,7AA
0349E:  MOVFF  789,7A9
034A2:  MOVFF  788,7A8
034A6:  MOVFF  787,7A7
034AA:  CALL   11FA
034AE:  MOVFF  03,796
034B2:  MOVFF  02,795
034B6:  MOVFF  01,794
034BA:  MOVFF  00,793
.................... 
....................       res = pl[0]*y2 + pl[1];
034BE:  MOVLW  99
034C0:  MOVLB  7
034C2:  MOVWF  xA6
034C4:  MOVLW  47
034C6:  MOVWF  xA5
034C8:  MOVLW  8A
034CA:  MOVWF  xA4
034CC:  MOVLW  7F
034CE:  MOVWF  xA3
034D0:  MOVFF  796,7AA
034D4:  MOVFF  795,7A9
034D8:  MOVFF  794,7A8
034DC:  MOVFF  793,7A7
034E0:  MOVLB  0
034E2:  CALL   11FA
034E6:  MOVFF  03,79B
034EA:  MOVFF  02,79A
034EE:  MOVFF  01,799
034F2:  MOVFF  00,798
034F6:  BCF    FD8.1
034F8:  MOVFF  03,7AA
034FC:  MOVFF  02,7A9
03500:  MOVFF  01,7A8
03504:  MOVFF  00,7A7
03508:  MOVLB  7
0350A:  CLRF   xAE
0350C:  CLRF   xAD
0350E:  CLRF   xAC
03510:  MOVLW  80
03512:  MOVWF  xAB
03514:  MOVLB  0
03516:  CALL   0EC0
0351A:  MOVFF  03,78E
0351E:  MOVFF  02,78D
03522:  MOVFF  01,78C
03526:  MOVFF  00,78B
.................... 
....................       r = ql[0]*y2 + ql[1];
0352A:  MOVLW  4C
0352C:  MOVLB  7
0352E:  MOVWF  xA6
03530:  MOVLW  F3
03532:  MOVWF  xA5
03534:  MOVLW  3A
03536:  MOVWF  xA4
03538:  MOVLW  7B
0353A:  MOVWF  xA3
0353C:  MOVFF  796,7AA
03540:  MOVFF  795,7A9
03544:  MOVFF  794,7A8
03548:  MOVFF  793,7A7
0354C:  MOVLB  0
0354E:  CALL   11FA
03552:  MOVFF  03,79B
03556:  MOVFF  02,79A
0355A:  MOVFF  01,799
0355E:  MOVFF  00,798
03562:  BCF    FD8.1
03564:  MOVFF  03,7AA
03568:  MOVFF  02,7A9
0356C:  MOVFF  01,7A8
03570:  MOVFF  00,7A7
03574:  MOVLW  2B
03576:  MOVLB  7
03578:  MOVWF  xAE
0357A:  MOVLW  9D
0357C:  MOVWF  xAD
0357E:  MOVLW  DF
03580:  MOVWF  xAC
03582:  MOVLW  7E
03584:  MOVWF  xAB
03586:  MOVLB  0
03588:  CALL   0EC0
0358C:  MOVFF  03,792
03590:  MOVFF  02,791
03594:  MOVFF  01,790
03598:  MOVFF  00,78F
....................       r = r*y2 + 1.0;
0359C:  MOVFF  792,7A6
035A0:  MOVFF  791,7A5
035A4:  MOVFF  790,7A4
035A8:  MOVFF  78F,7A3
035AC:  MOVFF  796,7AA
035B0:  MOVFF  795,7A9
035B4:  MOVFF  794,7A8
035B8:  MOVFF  793,7A7
035BC:  CALL   11FA
035C0:  MOVFF  03,79B
035C4:  MOVFF  02,79A
035C8:  MOVFF  01,799
035CC:  MOVFF  00,798
035D0:  BCF    FD8.1
035D2:  MOVFF  03,7AA
035D6:  MOVFF  02,7A9
035DA:  MOVFF  01,7A8
035DE:  MOVFF  00,7A7
035E2:  MOVLB  7
035E4:  CLRF   xAE
035E6:  CLRF   xAD
035E8:  CLRF   xAC
035EA:  MOVLW  7F
035EC:  MOVWF  xAB
035EE:  MOVLB  0
035F0:  CALL   0EC0
035F4:  MOVFF  03,792
035F8:  MOVFF  02,791
035FC:  MOVFF  01,790
03600:  MOVFF  00,78F
.................... 
....................       res = y*res/r;
03604:  MOVFF  78A,7A6
03608:  MOVFF  789,7A5
0360C:  MOVFF  788,7A4
03610:  MOVFF  787,7A3
03614:  MOVFF  78E,7AA
03618:  MOVFF  78D,7A9
0361C:  MOVFF  78C,7A8
03620:  MOVFF  78B,7A7
03624:  CALL   11FA
03628:  MOVFF  03,79B
0362C:  MOVFF  02,79A
03630:  MOVFF  01,799
03634:  MOVFF  00,798
03638:  MOVFF  03,79F
0363C:  MOVFF  02,79E
03640:  MOVFF  01,79D
03644:  MOVFF  00,79C
03648:  MOVFF  792,7A3
0364C:  MOVFF  791,7A2
03650:  MOVFF  790,7A1
03654:  MOVFF  78F,7A0
03658:  CALL   24EA
0365C:  MOVFF  03,78E
03660:  MOVFF  02,78D
03664:  MOVFF  01,78C
03668:  MOVFF  00,78B
.................... #if !defined(__PCD__)
....................       n = *((unsigned int8 *)(&x)) - 0x7E;
0366C:  MOVLW  07
0366E:  MOVLB  7
03670:  MOVWF  x99
03672:  MOVLW  83
03674:  MOVFF  799,FEA
03678:  MOVWF  FE9
0367A:  MOVLW  7E
0367C:  SUBWF  FEF,W
0367E:  MOVWF  x97
.................... #endif
.................... #if defined(__PCD__) 
....................     data1 = *(((unsigned int8 *)(&x)+3));
....................     rotate_left(&data1,1);
....................     data2 = *(((unsigned int8 *)(&x)+2));
....................     if(bit_test (data2,7))
....................       bit_set(data1,0);
....................     n = data1 - 0x7E;
.................... #endif
.................... 
....................       if (n<0) 
03680:  BTFSS  x97.7
03682:  BRA    36AE
....................          r = -(float32)-n;
03684:  MOVLW  00
03686:  BSF    FD8.0
03688:  SUBFWB x97,W
0368A:  CLRF   x9A
0368C:  MOVWF  x99
0368E:  BTFSC  x99.7
03690:  DECF   x9A,F
03692:  MOVLB  0
03694:  CALL   2E24
03698:  MOVFF  00,78F
0369C:  MOVF   01,W
0369E:  XORLW  80
036A0:  MOVLB  7
036A2:  MOVWF  x90
036A4:  MOVFF  02,791
036A8:  MOVFF  03,792
036AC:  BRA    36D0
....................       else
....................          r = (float32)n;
036AE:  CLRF   x9A
036B0:  MOVFF  797,799
036B4:  BTFSC  x99.7
036B6:  DECF   x9A,F
036B8:  MOVLB  0
036BA:  CALL   2E24
036BE:  MOVFF  03,792
036C2:  MOVFF  02,791
036C6:  MOVFF  01,790
036CA:  MOVFF  00,78F
036CE:  MOVLB  7
.................... 
....................       res += r*LN2;
036D0:  MOVFF  792,7A6
036D4:  MOVFF  791,7A5
036D8:  MOVFF  790,7A4
036DC:  MOVFF  78F,7A3
036E0:  MOVLW  18
036E2:  MOVWF  xAA
036E4:  MOVLW  72
036E6:  MOVWF  xA9
036E8:  MOVLW  31
036EA:  MOVWF  xA8
036EC:  MOVLW  7E
036EE:  MOVWF  xA7
036F0:  MOVLB  0
036F2:  CALL   11FA
036F6:  BCF    FD8.1
036F8:  MOVFF  78E,7AA
036FC:  MOVFF  78D,7A9
03700:  MOVFF  78C,7A8
03704:  MOVFF  78B,7A7
03708:  MOVFF  03,7AE
0370C:  MOVFF  02,7AD
03710:  MOVFF  01,7AC
03714:  MOVFF  00,7AB
03718:  CALL   0EC0
0371C:  MOVFF  03,78E
03720:  MOVFF  02,78D
03724:  MOVFF  01,78C
03728:  MOVFF  00,78B
....................    }
0372C:  BRA    373A
.................... 
....................    else
....................       res = 0.0;
0372E:  MOVLB  7
03730:  CLRF   x8E
03732:  CLRF   x8D
03734:  CLRF   x8C
03736:  CLRF   x8B
03738:  MOVLB  0
.................... 
....................    return(res);
0373A:  MOVFF  78B,00
0373E:  MOVFF  78C,01
03742:  MOVFF  78D,02
03746:  MOVFF  78E,03
0374A:  RETURN 0
.................... }
.................... 
.................... //Overloaded function for log() for PCD
.................... // Overloaded function log() for data type - Float48
.................... #if defined(__PCD__)
.................... // Overloaded function log() for data type - float64
.................... float64 const pl_64[4] = {-0.145694052150681, 1.365485300000370,
....................                           -3.120535668274329, 2.000000000000000};
.................... 
.................... float64 const ql_64[4] = {0.006047500465908, -0.208298281937234,
....................                           1.113943039156721, -1.893601167470470};
.................... 
.................... float48 log(float48 x)
.................... {
....................    float48 y, res, r, y2;
....................    unsigned int8  data1,data2;
....................    signed int8 n;
.................... #ifdef _ERRNO
....................    if(x <0)
....................    {
....................       errno=EDOM;
....................    }
....................    if(x ==0)
....................    {
....................       errno=ERANGE;
....................       return(0);
....................    }
.................... #endif
....................    y = x;
.................... 
....................    if (y != 1.0)
....................    {
.................... 
.................... #if !defined(__PCD__)
....................       *((unsigned int8 *)(&y)) = 0x7E; 
.................... #endif
....................       data2 = *(((unsigned int8 *)(&y))+5);
....................       *(((unsigned int8 *)(&y))+5) = 0x3F;
....................       data1 = *(((unsigned int8 *)(&y))+4);
....................       bit_clear(data1,7);
....................       *(((unsigned int8 *)(&y))+4) = data1;
.................... 
....................       if(bit_test(data2,7))
....................       bit_set(*(((unsigned int8 *)(&y))+4),7);
....................       y = (y - 1.0)/(y + 1.0);
.................... 
....................       y2=y*y;
.................... 
....................       res = pl_64[0]*y2 + pl_64[1];
....................       res = res*y2 + pl_64[2];
....................       res = res*y2 + pl_64[3];
.................... 
....................       r = ql_64[0]*y2 + ql_64[1];
....................       r = r*y2 + ql_64[2];
....................       r = r*y2 + ql_64[3];
....................       r = r*y2 + 1.0; 
....................       res = y*res/r;
.................... 
....................       data1 = *(((unsigned int8 *)(&x)+5));
....................       rotate_left(&data1,1);
....................       data2 = *(((unsigned int8 *)(&x)+4));
....................       if(bit_test (data2,7))
....................       bit_set(data1,0);
....................       
....................       n = data1 - 0x7E;
.................... 
....................       if (n<0)
....................       r = -(float48)-n;
....................       else
....................       r = (float48)n;
.................... 
....................       res += r*LN2;
....................    }
.................... 
....................    else
....................    res = 0.0;
.................... 
....................    return(res);
.................... }
.................... 
.................... float64 log(float64 x)
.................... {
....................    float64 y, res, r, y2;
....................    unsigned int16  data1,data2;
....................    unsigned int16 *p;
....................    signed int16 n;
....................    #ifdef _ERRNO
....................    if(x <0)
....................    {
....................       errno=EDOM;
....................    }
....................    if(x ==0)
....................    {
....................       errno=ERANGE;
....................       return(0);
....................    }
....................    #endif
....................    y = x;
.................... 
....................    if (y != 1.0)
....................    {
....................    #if !defined(__PCD__)
....................        *((unsigned int8 *)(&y)) = 0x7E; 
....................    #endif
....................       p= (((unsigned int16 *)(&y))+3);
....................       data1 = *p;
....................       data2 = *p;
....................       data1 = 0x3FE;
....................       data1 = data1 <<4;
....................       if(bit_test (data2,15))
....................          bit_set(data1,15);
....................       data2 = data2 & 0x000F;
....................       data1 ^=data2;
.................... 
....................       *p = data1;
.................... 
....................       y = (y - 1.0)/(y + 1.0);
.................... 
....................       y2=y*y;
.................... 
....................       res = pl_64[0]*y2 + pl_64[1];
....................       res = res*y2 + pl_64[2];
....................       res = res*y2 + pl_64[3];
.................... 
....................       r = ql_64[0]*y2 + ql_64[1];
....................       r = r*y2 + ql_64[2];
....................       r = r*y2 + ql_64[3];
....................       r = r*y2 + 1.0;
.................... 
....................       res = y*res/r;
....................  
....................       p= (((unsigned int16 *)(&x))+3);
....................       data1 = *p;
....................       bit_clear(data1,15);
....................       data1 = data1 >>4;    
....................       n = data1 - 0x3FE;
.................... 
.................... 
....................       if (n<0)
....................          r = -(float64)-n;
....................       else
....................          r = (float64)n;
.................... 
....................       res += r*LN2;
....................    }
.................... 
....................    else
....................       res = 0.0;
.................... 
....................    return(res);
.................... }
.................... #endif
.................... 
.................... 
.................... #define LN10 2.3025850929940456
.................... #define LN10_INV 0.4342944819032518276
.................... 
.................... ////////////////////////////////////////////////////////////////////////////
.................... //   float log10(float x)
.................... ////////////////////////////////////////////////////////////////////////////
.................... // Description : returns the the log base 10 of x
.................... // Date : N/A
.................... //
.................... float32 log10(float32 x)
.................... {
....................    float32 r;
.................... 
....................    r = log(x);
....................    r = r*LN10_INV;
....................    return(r);
.................... }
.................... 
.................... //Overloaded functions for log10() for PCD
.................... // Overloaded function log10() for data type - Float48
.................... #if defined(__PCD__)
.................... float48 log10(float48 x)
.................... {
....................    float48 r;
.................... 
....................    r = log(x);
....................    r = r*LN10_INV;
....................    return(r);
.................... }
.................... 
.................... // Overloaded function log10() for data type - Float64
.................... float64 log10(float64 x)
.................... {
....................    float64 r;
.................... 
....................    r = log(x);
....................    r = r*LN10_INV;
....................    return(r);
.................... }
.................... #endif
.................... ////////////////////////////////////////////////////////////////////////////
.................... //   float modf(float x)
.................... ////////////////////////////////////////////////////////////////////////////
.................... // Description :breaks the argument value int integral and fractional parts,
.................... // ach of which have the same sign as the argument.  It stores the integral part
.................... // as a float in the object pointed to by the iptr
.................... // Returns : returns the signed fractional part of value.
.................... // Date : N/A
.................... //
.................... 
.................... float32 modf(float32 value,float32 *iptr)
.................... {
....................    *iptr=(value < 0.0)? ceil(value): floor(value);
....................    return(value - *iptr);
.................... }
.................... //Overloaded functions for modf() for PCD
.................... // Overloaded function modf() for data type - Float48
.................... #if defined(__PCD__)
.................... float48 modf(float48 value,float48 *iptr)
.................... {
....................    *iptr=(value < 0.0)? ceil(value): floor(value);
....................    return(value - *iptr);
.................... }
.................... // Overloaded function modf() for data type - Float64
.................... float64 modf(float64 value,float64 *iptr)
.................... {
....................    *iptr=(value < 0.0)? ceil(value): floor(value);
....................    return(value - *iptr);
.................... }
.................... #endif
.................... 
.................... ////////////////////////////////////////////////////////////////////////////
.................... //   float pwr(float x,float y)
.................... ////////////////////////////////////////////////////////////////////////////
.................... // Description : returns the value (x^y)
.................... // Date : N/A
.................... // Note : 0 is returned when the function will generate an imaginary number
.................... //
.................... float32 pwr(float32 x,float32 y)
.................... {
....................    if(0 > x && fmod(y, 1) == 0) {
....................       if(fmod(y, 2) == 0) {
....................          return (exp(log(-x) * y));
....................       } else {
....................          return (-exp(log(-x) * y));
....................       }
....................    } else if(0 > x && fmod(y, 1) != 0) {
....................       return 0;
....................    } else {
....................       if(x != 0 || 0 >= y) {
....................          return (exp(log(x) * y));
....................       }
....................    }
.................... }
.................... //Overloaded functions for pwr() for PCD
.................... // Overloaded function pwr() for data type - Float48
.................... #if defined(__PCD__)
.................... float48 pwr(float48 x,float48 y)
.................... {
....................    if(0 > x && fmod(y, 1) == 0) {
....................       if(fmod(y, 2) == 0) {
....................          return (exp(log(-x) * y));
....................       } else {
....................          return (-exp(log(-x) * y));
....................       }
....................    } else if(0 > x && fmod(y, 1) != 0) {
....................       return 0;
....................    } else {
....................       if(x != 0 || 0 >= y) {
....................          return (exp(log(x) * y));
....................       } else return 0;
....................    }
.................... }
.................... // Overloaded function pwr() for data type - Float64
.................... float64 pwr(float64 x,float64 y)
.................... {
....................    if(0 > x && fmod(y, 1) == 0) {
....................       if(fmod(y, 2) == 0) {
....................          return (exp(log(-x) * y));
....................       } else {
....................          return (-exp(log(-x) * y));
....................       }
....................    } else if(0 > x && fmod(y, 1) != 0) {
....................       return 0;
....................    } else {
....................       if(x != 0 || 0 >= y) {
....................          return (exp(log(x) * y));
....................       } else return 0;
....................    }
.................... }
.................... #endif
.................... 
.................... //////////////////// Power functions ////////////////////
.................... 
.................... ////////////////////////////////////////////////////////////////////////////
.................... //   float pow(float x,float y)
.................... ////////////////////////////////////////////////////////////////////////////
.................... // Description : returns the value (x^y)
.................... // Date : N/A
.................... // Note : 0 is returned when the function will generate an imaginary number
.................... //
.................... float32 pow(float32 x,float32 y)
.................... {
....................    if(0 > x && fmod(y, 1) == 0) {
*
03B5A:  MOVFF  77A,7A6
03B5E:  MOVFF  779,7A5
03B62:  MOVFF  778,7A4
03B66:  MOVFF  777,7A3
03B6A:  MOVLB  7
03B6C:  CLRF   xAA
03B6E:  CLRF   xA9
03B70:  CLRF   xA8
03B72:  CLRF   xA7
03B74:  MOVLB  0
03B76:  CALL   0E46
03B7A:  BTFSS  FD8.0
03B7C:  BRA    3D18
03B7E:  MOVFF  77E,782
03B82:  MOVFF  77D,781
03B86:  MOVFF  77C,780
03B8A:  MOVFF  77B,77F
03B8E:  MOVLB  7
03B90:  CLRF   x86
03B92:  CLRF   x85
03B94:  CLRF   x84
03B96:  MOVLW  7F
03B98:  MOVWF  x83
03B9A:  MOVLB  0
03B9C:  CALL   3252
03BA0:  MOVFF  03,782
03BA4:  MOVFF  02,781
03BA8:  MOVFF  01,780
03BAC:  MOVFF  00,77F
03BB0:  MOVFF  03,7A6
03BB4:  MOVFF  02,7A5
03BB8:  MOVFF  01,7A4
03BBC:  MOVFF  00,7A3
03BC0:  MOVLB  7
03BC2:  CLRF   xAA
03BC4:  CLRF   xA9
03BC6:  CLRF   xA8
03BC8:  CLRF   xA7
03BCA:  MOVLB  0
03BCC:  CALL   0E46
03BD0:  BTFSS  FD8.2
03BD2:  BRA    3D18
....................       if(fmod(y, 2) == 0) {
03BD4:  MOVFF  77E,782
03BD8:  MOVFF  77D,781
03BDC:  MOVFF  77C,780
03BE0:  MOVFF  77B,77F
03BE4:  MOVLB  7
03BE6:  CLRF   x86
03BE8:  CLRF   x85
03BEA:  CLRF   x84
03BEC:  MOVLW  80
03BEE:  MOVWF  x83
03BF0:  MOVLB  0
03BF2:  CALL   3252
03BF6:  MOVFF  03,782
03BFA:  MOVFF  02,781
03BFE:  MOVFF  01,780
03C02:  MOVFF  00,77F
03C06:  MOVFF  03,7A6
03C0A:  MOVFF  02,7A5
03C0E:  MOVFF  01,7A4
03C12:  MOVFF  00,7A3
03C16:  MOVLB  7
03C18:  CLRF   xAA
03C1A:  CLRF   xA9
03C1C:  CLRF   xA8
03C1E:  CLRF   xA7
03C20:  MOVLB  0
03C22:  CALL   0E46
03C26:  BNZ   3C9E
....................          return (exp(log(-x) * y));
03C28:  MOVLB  7
03C2A:  MOVF   x78,W
03C2C:  XORLW  80
03C2E:  MOVWF  x80
03C30:  MOVFF  77A,786
03C34:  MOVFF  779,785
03C38:  MOVWF  x84
03C3A:  MOVFF  777,783
03C3E:  MOVLB  0
03C40:  CALL   33B8
03C44:  MOVFF  03,782
03C48:  MOVFF  02,781
03C4C:  MOVFF  01,780
03C50:  MOVFF  00,77F
03C54:  MOVFF  03,7A6
03C58:  MOVFF  02,7A5
03C5C:  MOVFF  01,7A4
03C60:  MOVFF  00,7A3
03C64:  MOVFF  77E,7AA
03C68:  MOVFF  77D,7A9
03C6C:  MOVFF  77C,7A8
03C70:  MOVFF  77B,7A7
03C74:  CALL   11FA
03C78:  MOVFF  03,782
03C7C:  MOVFF  02,781
03C80:  MOVFF  01,780
03C84:  MOVFF  00,77F
03C88:  MOVFF  03,786
03C8C:  MOVFF  02,785
03C90:  MOVFF  01,784
03C94:  MOVFF  00,783
03C98:  RCALL  374C
03C9A:  BRA    3E56
....................       } else {
03C9C:  BRA    3D16
....................          return (-exp(log(-x) * y));
03C9E:  MOVLB  7
03CA0:  MOVF   x78,W
03CA2:  XORLW  80
03CA4:  MOVWF  x80
03CA6:  MOVFF  77A,786
03CAA:  MOVFF  779,785
03CAE:  MOVWF  x84
03CB0:  MOVFF  777,783
03CB4:  MOVLB  0
03CB6:  CALL   33B8
03CBA:  MOVFF  03,782
03CBE:  MOVFF  02,781
03CC2:  MOVFF  01,780
03CC6:  MOVFF  00,77F
03CCA:  MOVFF  03,7A6
03CCE:  MOVFF  02,7A5
03CD2:  MOVFF  01,7A4
03CD6:  MOVFF  00,7A3
03CDA:  MOVFF  77E,7AA
03CDE:  MOVFF  77D,7A9
03CE2:  MOVFF  77C,7A8
03CE6:  MOVFF  77B,7A7
03CEA:  CALL   11FA
03CEE:  MOVFF  03,782
03CF2:  MOVFF  02,781
03CF6:  MOVFF  01,780
03CFA:  MOVFF  00,77F
03CFE:  MOVFF  03,786
03D02:  MOVFF  02,785
03D06:  MOVFF  01,784
03D0A:  MOVFF  00,783
03D0E:  RCALL  374C
03D10:  MOVLW  80
03D12:  XORWF  01,F
03D14:  BRA    3E56
....................       }
....................    } else if(0 > x && fmod(y, 1) != 0) {
03D16:  BRA    3E56
03D18:  MOVFF  77A,7A6
03D1C:  MOVFF  779,7A5
03D20:  MOVFF  778,7A4
03D24:  MOVFF  777,7A3
03D28:  MOVLB  7
03D2A:  CLRF   xAA
03D2C:  CLRF   xA9
03D2E:  CLRF   xA8
03D30:  CLRF   xA7
03D32:  MOVLB  0
03D34:  CALL   0E46
03D38:  BNC   3D9A
03D3A:  MOVFF  77E,782
03D3E:  MOVFF  77D,781
03D42:  MOVFF  77C,780
03D46:  MOVFF  77B,77F
03D4A:  MOVLB  7
03D4C:  CLRF   x86
03D4E:  CLRF   x85
03D50:  CLRF   x84
03D52:  MOVLW  7F
03D54:  MOVWF  x83
03D56:  MOVLB  0
03D58:  CALL   3252
03D5C:  MOVFF  03,782
03D60:  MOVFF  02,781
03D64:  MOVFF  01,780
03D68:  MOVFF  00,77F
03D6C:  MOVFF  03,7A6
03D70:  MOVFF  02,7A5
03D74:  MOVFF  01,7A4
03D78:  MOVFF  00,7A3
03D7C:  MOVLB  7
03D7E:  CLRF   xAA
03D80:  CLRF   xA9
03D82:  CLRF   xA8
03D84:  CLRF   xA7
03D86:  MOVLB  0
03D88:  CALL   0E46
03D8C:  BZ    3D9A
....................       return 0;
03D8E:  CLRF   00
03D90:  CLRF   01
03D92:  CLRF   02
03D94:  CLRF   03
03D96:  BRA    3E56
....................    } else {
03D98:  BRA    3E56
....................       if(x != 0 || 0 >= y) {
03D9A:  MOVFF  77A,7A6
03D9E:  MOVFF  779,7A5
03DA2:  MOVFF  778,7A4
03DA6:  MOVFF  777,7A3
03DAA:  MOVLB  7
03DAC:  CLRF   xAA
03DAE:  CLRF   xA9
03DB0:  CLRF   xA8
03DB2:  CLRF   xA7
03DB4:  MOVLB  0
03DB6:  CALL   0E46
03DBA:  BNZ   3DE0
03DBC:  MOVFF  77E,7A6
03DC0:  MOVFF  77D,7A5
03DC4:  MOVFF  77C,7A4
03DC8:  MOVFF  77B,7A3
03DCC:  MOVLB  7
03DCE:  CLRF   xAA
03DD0:  CLRF   xA9
03DD2:  CLRF   xA8
03DD4:  CLRF   xA7
03DD6:  MOVLB  0
03DD8:  CALL   0E46
03DDC:  BC    3DE0
03DDE:  BNZ   3E4E
....................          return (exp(log(x) * y));
03DE0:  MOVFF  77A,786
03DE4:  MOVFF  779,785
03DE8:  MOVFF  778,784
03DEC:  MOVFF  777,783
03DF0:  CALL   33B8
03DF4:  MOVFF  03,782
03DF8:  MOVFF  02,781
03DFC:  MOVFF  01,780
03E00:  MOVFF  00,77F
03E04:  MOVFF  03,7A6
03E08:  MOVFF  02,7A5
03E0C:  MOVFF  01,7A4
03E10:  MOVFF  00,7A3
03E14:  MOVFF  77E,7AA
03E18:  MOVFF  77D,7A9
03E1C:  MOVFF  77C,7A8
03E20:  MOVFF  77B,7A7
03E24:  CALL   11FA
03E28:  MOVFF  03,782
03E2C:  MOVFF  02,781
03E30:  MOVFF  01,780
03E34:  MOVFF  00,77F
03E38:  MOVFF  03,786
03E3C:  MOVFF  02,785
03E40:  MOVFF  01,784
03E44:  MOVFF  00,783
03E48:  RCALL  374C
03E4A:  BRA    3E56
....................       } else return 0;
03E4C:  BRA    3E56
03E4E:  CLRF   00
03E50:  CLRF   01
03E52:  CLRF   02
03E54:  CLRF   03
....................    }
03E56:  RETURN 0
.................... }
.................... //Overloaded functions for pow() for PCD
.................... // Overloaded function for pow() data type - Float48
.................... #if defined(__PCD__)
.................... float48 pow(float48 x,float48 y)
.................... {
....................    if(0 > x && fmod(y, 1) == 0) {
....................       if(fmod(y, 2) == 0) {
....................          return (exp(log(-x) * y));
....................       } else {
....................          return (-exp(log(-x) * y));
....................       }
....................    } else if(0 > x && fmod(y, 1) != 0) {
....................       return 0;
....................    } else {
....................       if(x != 0 || 0 >= y) {
....................          return (exp(log(x) * y));
....................       } else return 0;
....................    }
.................... }
.................... 
.................... // Overloaded function pow() for data type - Float64
.................... float64 pow(float64 x,float64 y)
.................... {
....................    if(0 > x && fmod(y, 1) == 0) {
....................       if(fmod(y, 2) == 0) {
....................          return (exp(log(-x) * y));
....................       } else {
....................          return (-exp(log(-x) * y));
....................       }
....................    } else if(0 > x && fmod(y, 1) != 0) {
....................       return 0;
....................    } else {
....................       if(x != 0 || 0 >= y) {
....................          return (exp(log(x) * y));
....................       } else return 0;
....................    }
.................... }
.................... #endif
.................... 
.................... ////////////////////////////////////////////////////////////////////////////
.................... //   float sqrt(float x)
.................... ////////////////////////////////////////////////////////////////////////////
.................... // Description : returns the square root of x
.................... // Date : N/A
.................... //
.................... float32 sqrt(float32 x)
.................... {
....................    float32 y, res;
....................    #if defined(__PCD__)
....................    unsigned int16 data1,data2;
....................    #endif
....................    #if !defined(__PCD__)
....................    unsigned int8 *p;
....................    #endif
.................... 
....................    #ifdef _ERRNO
....................    if(x < 0)
....................    {
....................       errno=EDOM;
....................    }
....................    #endif
.................... 
....................    if( x<=0.0)
....................       return(0.0);
.................... 
....................    y=x;
....................    
....................    #if !defined(__PCD__)
....................     p=&y;
....................    (*p)=(unsigned int8)((((unsigned int16)(*p)) + 127) >> 1);
....................    #endif
....................    
....................    #if defined(__PCD__)
....................     data1 = *(((unsigned int8 *)(&y))+3);
....................     data2 = *(((unsigned int8 *)(&y))+2);
....................     rotate_left(&data1,1);    
....................     if(bit_test(data2,7))    
....................        bit_set(data1,0);    
....................     data1 = ((data1+127) >>1);
....................     bit_clear(data2,7);
....................     if(bit_test(data1,0))
....................        bit_set(data2,7);
....................     data1 = data1 >>1;
....................     *(((unsigned int8 *)(&y))+3) = data1;
....................     *(((unsigned int8 *)(&y))+2) = data2;
....................     
....................   #endif
.................... 
....................    do {
....................       res=y;
....................       y+=(x/y);
.................... 
....................       #if !defined(__PCD__)
....................      (*p)--;
....................    #endif
....................    
....................    #if defined(__PCD__)
....................     data1 = *(((unsigned int8 *)(&y))+3);
....................     data2 = *(((unsigned int8 *)(&y))+2);
....................     rotate_left(&data1,1);
....................     if(bit_test(data2,7))
....................        bit_set(data1,0);    
....................     data1--;
....................     bit_clear(data2,7);
....................     if(bit_test(data1,0))
....................        bit_set(data2,7);
....................     data1 = data1 >>1;
....................     *(((unsigned int8 *)(&y))+3) = data1;
....................     *(((unsigned int8 *)(&y))+2) = data2;
....................     
....................   #endif
....................    } while(res != y);
.................... 
....................    return(res);
.................... }
.................... //Overloaded functions for sqrt() for PCD
.................... // Overloaded function sqrt() for data type - Float48
.................... #if defined(__PCD__)
.................... float48 sqrt(float48 x)
.................... {
....................    float48 y, res;
....................    unsigned int16 data1,data2;
....................    unsigned int8 *p;
.................... 
....................    #ifdef _ERRNO
....................    if(x < 0)
....................    {
....................       errno=EDOM;
....................    }
....................    #endif
.................... 
....................    if( x<=0.0)
....................       return(0.0);
.................... 
....................    y=x;
....................    
....................    #if !defined(__PCD__)
....................     p=&y;
....................    (*p)=(unsigned int8)((((unsigned int16)(*p)) + 127) >> 1);
....................    #endif
....................    
....................    #if defined(__PCD__)
....................     p = (((unsigned int8 *)(&y))+5);
....................     data1 = *(((unsigned int8 *)(&y))+5);
....................     data2 = *(((unsigned int8 *)(&y))+4);
....................     rotate_left(&data1,1);
....................     if(bit_test(data2,7))
....................        bit_set(data1,0);    
....................     data1 = ((data1+127) >>1);
....................     bit_clear(data2,7);
....................     if(bit_test(data1,0))
....................        bit_set(data2,7);
....................     data1 = data1 >>1;
....................     *(((unsigned int8 *)(&y))+5) = data1;
....................     *(((unsigned int8 *)(&y))+4) = data2;
....................     
....................   #endif
.................... 
....................    do {
....................       res=y;
....................       y+=(x/y);
.................... 
....................       #if !defined(__PCD__)
....................      (*p)--;
....................    #endif
....................    
....................     data1 = *(((unsigned int8 *)(&y))+5);
....................     data2 = *(((unsigned int8 *)(&y))+4);
....................     rotate_left(&data1,1);
....................     if(bit_test(data2,7))
....................        bit_set(data1,0);    
....................     data1--;
....................     bit_clear(data2,7);
....................     if(bit_test(data1,0))
....................        bit_set(data2,7);
....................     data1 = data1 >>1;
....................     *(((unsigned int8 *)(&y))+5) = data1;
....................     *(((unsigned int8 *)(&y))+4) = data2;
....................     
....................    } while(res != y);
.................... 
....................    return(res);
.................... }
.................... 
.................... // Overloaded function sqrt() for data type - Float64
.................... float64 sqrt(float64 x)
.................... {
....................    float64 y, res;
....................    unsigned int16 *p;
....................    unsigned int16 temp1,temp2;
.................... 
....................    #ifdef _ERRNO
....................    if(x < 0)
....................    {
....................       errno=EDOM;
....................    }
....................    #endif
.................... 
....................    if( x<=0.0)
....................       return(0.0);
.................... 
....................    y=x;
....................    p= (((unsigned int16 *)(&y))+3);
....................    temp1 = *p;
....................    temp2 = *p;
....................    bit_clear(temp1,15);
....................    temp1 = (temp1>>4)+1023;
....................    temp1 = temp1 >> 1;
....................    temp1 = (temp1<<4) & 0xFFF0;
....................    if(bit_test(temp2,15))
....................       bit_set(temp1,15);
....................    temp2 = temp2 & 0x000F;
....................    temp1 ^= temp2;
....................    
....................    (*p) = temp1;
....................    
....................    do {
....................       res=y;
....................       y+=(x/y);
....................      temp1 = *p;
....................      temp2 = *p;
....................      bit_clear(temp1,15);
....................      temp1 = (temp1>>4);
....................      temp1--;
....................      temp1 = (temp1<<4) & 0xFFF0;
....................      if(bit_test(temp2,15))
....................         bit_set(temp1,15);
....................      temp2 = temp2 & 0x000F;
....................      temp1 ^= temp2;
....................      (*p) = temp1;
.................... 
....................    } while(res != y);
.................... 
....................    return(res);
.................... }
.................... #endif
.................... 
.................... ////////////////////////////// Trig Functions //////////////////////////////
.................... #ifdef PI_DIV_BY_TWO_INV
.................... #undef PI_DIV_BY_TWO_INV
.................... #endif
.................... #define PI_DIV_BY_TWO_INV 0.63661977236758134
.................... #ifdef PI_DIV_BY_TWO
.................... #undef PI_DIV_BY_TWO
.................... #endif
.................... #define PI_DIV_BY_TWO   1.5707963267948966
.................... #ifdef TWOBYPI
.................... #undef TWOBYPI
.................... #endif
.................... #define TWOBYPI          0.6366197723675813
.................... 
.................... ////////////////////////////////////////////////////////////////////////////
.................... //   float cos(float x)
.................... ////////////////////////////////////////////////////////////////////////////
.................... // Description : returns the cosine value of the angle x, which is in radian
.................... // Date : 9/20/2001
.................... //
.................... float32 cos(float32 x)
.................... {
....................    float32 y, t, t2 = 1.0;
....................    unsigned int8 quad, i;
....................    float32 frac;
....................    float32 p[5] = {                    //by the series definition for cosine
....................       -0.49999999456337096,            // sum ( ( (-1)^n * x^2n )/(2n)! )
....................        0.04166663896921267,
....................       -0.00138883894522527,
....................        0.00002476138231734,
....................       -0.00000026070414770
....................       //-0.00000000001147,
....................       // 0.00000000000005
....................    };
.................... 
....................    if (x < 0) x = -x;                  // absolute value of input
.................... 
....................    quad = (unsigned int8)(x * PI_DIV_BY_TWO_INV);    // quadrant
....................    frac = (x * PI_DIV_BY_TWO_INV) - quad;  // fractional part of input
....................    quad = quad % 4;                    // quadrant (0 to 3)
.................... 
....................    if (quad == 0 || quad == 2)
....................       t = frac * PI_DIV_BY_TWO;
....................    else if (quad == 1)
....................       t = (1-frac) * PI_DIV_BY_TWO;
....................    else // should be 3
....................       t = (frac-1) * PI_DIV_BY_TWO;
.................... 
....................    y = 1.0;
....................    t = t * t;
....................    for (i = 0; i <= 4; i++)
....................    {
....................       t2 = t2 * t;
....................       y = y + p[i] * t2;
....................    }
.................... 
....................    if (quad == 2 || quad == 1)
....................       y = -y;  // correct sign
.................... 
....................    return (y);
.................... }
.................... 
.................... 
.................... //Overloaded functions for cos() for PCD
.................... // Overloaded function cos() for data type - Float48
.................... #if defined(__PCD__)
.................... float48 cos(float48 x)
.................... {
....................    float48 y, t, t2 = 1.0;
....................    unsigned int8 quad, i;
....................    float48 frac;
....................    float48 p[6] = {                    //by the series definition for cosine
....................       -0.5,                            // sum ( ( (-1)^n * x^2n )/(2n)! )
....................        0.04166666666667,
....................       -0.00138888888889,
....................        0.00002480158730,
....................       -0.00000027557319,
....................        0.00000000208767
....................    };
.................... 
....................    if (x < 0) x = -x;                  // absolute value of input
.................... 
....................    quad = (unsigned int8)(x * PI_DIV_BY_TWO_INV);    // quadrant
....................    frac = (x * PI_DIV_BY_TWO_INV) - quad;  // fractional part of input
....................    quad = quad % 4;                    // quadrant (0 to 3)
.................... 
....................    if (quad == 0 || quad == 2)
....................       t = frac * PI_DIV_BY_TWO;
....................    else if (quad == 1)
....................       t = (1-frac) * PI_DIV_BY_TWO;
....................    else // should be 3
....................       t = (frac-1) * PI_DIV_BY_TWO;
.................... 
....................    y = 0.999999999781;
....................    t = t * t;
....................    for (i = 0; i <= 5; i++)
....................    {
....................       t2 = t2 * t;
....................       y = y + p[i] * t2;
....................    }
.................... 
....................    if (quad == 2 || quad == 1)
....................       y = -y;  // correct sign
.................... 
....................    return (y);
.................... }
.................... 
.................... // Overloaded function cos() for data type - Float64
.................... float64 cos(float64 x)
.................... {
....................    float64 y, t, t2 = 1.0;
....................    unsigned int8 quad, i;
....................    float64 frac;
....................    float64 p_64[9] = {               //by the series definition for cosine
....................      -0.49999999999998740,           // sum ( ( (-1)^n * x^2n )/(2n)! )             
....................       0.04166666666656518,
....................      -0.00138888888851691,
....................       0.00002480158658490,
....................      -0.00000027557239796,
....................       0.00000000208715031,
....................      -0.00000000001126577,
....................       0.00000000000000427,
....................       0.00000000000000372};
.................... 
....................    if (x < 0) x = -x;                  // absolute value of input
.................... 
....................    quad = (unsigned int8)(x * PI_DIV_BY_TWO_INV);    // quadrant
....................    frac = (x * PI_DIV_BY_TWO_INV) - quad;  // fractional part of input
....................    quad = quad % 4;                    // quadrant (0 to 3)
.................... 
....................    if (quad == 0 || quad == 2)
....................       t = frac * PI_DIV_BY_TWO;
....................    else if (quad == 1)
....................       t = (1-frac) * PI_DIV_BY_TWO;
....................    else // should be 3
....................       t = (frac-1) * PI_DIV_BY_TWO;
.................... 
....................    y = 1.0;
....................    t = t * t;
....................    for (i = 0; i <= 8; i++)
....................    {
....................       t2 = t2 * t;
....................       y = y + p_64[i] * t2;
....................    }
.................... 
....................    if (quad == 2 || quad == 1)
....................       y = -y;  // correct sign
.................... 
....................    return (y);
.................... }
.................... 
.................... #endif
.................... 
.................... ////////////////////////////////////////////////////////////////////////////
.................... //   float sin(float x)
.................... ////////////////////////////////////////////////////////////////////////////
.................... // Description : returns the sine value of the angle x, which is in radian
.................... // Date : 9/20/2001
.................... //
.................... float32 sin(float32 x)
.................... {
....................    return cos(x - PI_DIV_BY_TWO);
.................... }
.................... 
.................... //Overloaded functions for sin() for PCD
.................... // Overloaded function sin() for data type - Float48
.................... #if defined(__PCD__)
.................... float48 sin(float48 x)
.................... {
....................    return cos(x - PI_DIV_BY_TWO);
.................... }
.................... 
.................... // Overloaded function sin() for data type - Float48
.................... float64 sin(float64 x)
.................... {
....................    return cos(x - PI_DIV_BY_TWO);
.................... }
.................... #endif
.................... 
.................... ////////////////////////////////////////////////////////////////////////////
.................... //   float tan(float x)
.................... ////////////////////////////////////////////////////////////////////////////
.................... // Description : returns the tangent value of the angle x, which is in radian
.................... // Date : 9/20/2001
.................... //
.................... float32 tan(float32 x)
.................... {
....................    float32 c, s;
.................... 
....................    c = cos(x);
....................    if (c == 0.0)
....................       return (1.0e+36);
.................... 
....................    s = sin(x);
....................    return(s/c);
.................... }
.................... //Overloaded functions for tan() for PCD
.................... // Overloaded function tan() for data type - Float48
.................... #if defined(__PCD__)
.................... float48 tan(float48 x)
.................... {
....................    float48 c, s;
.................... 
....................    c = cos(x);
....................    if (c == 0.0)
....................       return (1.0e+36);
.................... 
....................    s = sin(x);
....................    return(s/c);
.................... }
.................... 
.................... // Overloaded function tan() for data type - Float48
.................... float64 tan(float64 x)
.................... {
....................    float64 c, s;
.................... 
....................    c = cos(x);
....................    if (c == 0.0)
....................       return (1.0e+36);
.................... 
....................    s = sin(x);
....................    return(s/c);
.................... }
.................... #endif
.................... 
.................... float32 const pas[3] = {0.49559947, -4.6145309, 5.6036290};
.................... float32 const qas[3] = {1.0000000,  -5.5484666, 5.6036290};
.................... 
.................... float32 ASIN_COS(float32 x, unsigned int8 n)
.................... {
....................    float32 y, res, r, y2;
....................    int1 s;
....................    #ifdef _ERRNO
....................    if(x <-1 || x > 1)
....................    {
....................       errno=EDOM;
....................    }
....................    #endif
....................    s = 0;
....................    y = x;
.................... 
....................    if (x < 0)
....................    {
....................       s = 1;
....................       y = -y;
....................    }
.................... 
....................    if (y > 0.5)
....................    {
....................       y = sqrt((1.0 - y)*0.5);
....................       n += 2;
....................    }
.................... 
....................    y2=y*y;
.................... 
....................    res = pas[0]*y2 + pas[1];
....................    res = res*y2 + pas[2];
.................... 
....................    r = qas[0]*y2 + qas[1];
....................    r = r*y2 + qas[2];
.................... 
....................    res = y*res/r;
.................... 
....................    if (n & 2)     // |x| > 0.5
....................       res = PI_DIV_BY_TWO - 2.0*res;
....................    if (s)
....................       res = -res;
....................    if (n & 1)           // take arccos
....................       res = PI_DIV_BY_TWO - res;
.................... 
....................    return(res);
.................... }
.................... 
.................... 
.................... //Overloaded functions for ASIN_COS() for PCD
.................... // Overloaded function ASIN_COS() for data type - Float48
.................... #if defined(__PCD__)
.................... float48 ASIN_COS(float48 x, unsigned int8 n)
.................... {
....................    float48 y, res, r, y2;
....................    int1 s;
....................    #ifdef _ERRNO
....................    if(x <-1 || x > 1)
....................    {
....................       errno=EDOM;
....................    }
....................    #endif
....................    s = 0;
....................    y = x;
.................... 
....................    if (x < 0)
....................    {
....................       s = 1;
....................       y = -y;
....................    }
.................... 
....................    if (y > 0.5)
....................    {
....................       y = sqrt((1.0 - y)*0.5);
....................       n += 2;
....................    }
.................... 
....................    y2=y*y;
.................... 
....................    res = pas[0]*y2 + pas[1];
....................    res = res*y2 + pas[2];
.................... 
....................    r = qas[0]*y2 + qas[1];
....................    r = r*y2 + qas[2];
.................... 
....................    res = y*res/r;
.................... 
....................    if (n & 2)     // |x| > 0.5
....................       res = PI_DIV_BY_TWO - 2.0*res;
....................    if (s)
....................       res = -res;
....................    if (n & 1)           // take arccos
....................       res = PI_DIV_BY_TWO - res;
.................... 
....................    return(res);
.................... }
.................... 
.................... // Overloaded function ASIN_COS() for data type - Float64
.................... double pas_64[5]={1.000000000000000,-2.069938587724477,1.421444580548907,
....................                  -0.360690137621842,0.024929451660228};
.................... 
.................... double qas_64[5]={-2.236605254391134,1.719212122946451,-0.524122954476133,
....................                    0.052808872045749,-0.000662536036570};
....................                    
.................... float64 ASIN_COS(float64 x, unsigned int8 n)
.................... {
....................    float64 y, res, r, y2;
....................    int1 s;
....................    #ifdef _ERRNO
....................    if(x <-1 || x > 1)
....................    {
....................       errno=EDOM;
....................    }
....................    #endif
....................    s = 0;
....................    y = x;
.................... 
....................    if (x < 0)
....................    {
....................       s = 1;
....................       y = -y;
....................    }
.................... 
....................    if (y > 0.5)
....................    {
....................       y = sqrt((1.0 - y)*0.5);
....................       n += 2;
....................    }
.................... 
....................    y2=y*y;
.................... 
....................    res = pas_64[4]*y2 + pas_64[3];
....................    res = res*y2 + pas_64[2];
....................    res = res*y2 + pas_64[1];
....................    res = res*y2 + pas_64[0];
.................... 
....................    r = qas_64[4]*y2 + qas_64[3];
....................    r = r*y2 + qas_64[2];
....................    r = r*y2 + qas_64[1];
....................    r = r*y2 + qas_64[0];
....................    r = r*y2 + 1.0;
.................... 
....................    res = y*res/r;
.................... 
....................    if (n & 2)     // |x| > 0.5
....................       res = PI_DIV_BY_TWO - 2.0*res;
....................    if (s)
....................       res = -res;
....................    if (n & 1)           // take arccos
....................       res = PI_DIV_BY_TWO - res;
.................... 
....................    return(res);
.................... }
.................... #endif
.................... 
.................... ////////////////////////////////////////////////////////////////////////////
.................... //   float asin(float x)
.................... ////////////////////////////////////////////////////////////////////////////
.................... // Description : returns the arcsine value of the value x.
.................... // Date : N/A
.................... //
.................... float32 asin(float32 x)
.................... {
....................    float32 r;
.................... 
....................    r = ASIN_COS(x, 0);
....................    return(r);
.................... }
.................... //Overloaded functions for asin() for PCD
.................... // Overloaded function asin() for data type - Float48
.................... #if defined(__PCD__)
.................... float48 asin(float48 x)
.................... {
....................    float48 r;
.................... 
....................    r = ASIN_COS(x, 0);
....................    return(r);
.................... }
.................... 
.................... // Overloaded function asin() for data type - Float64
.................... float64 asin(float64 x)
.................... {
....................    float64 r;
.................... 
....................    r = ASIN_COS(x, 0);
....................    return(r);
.................... }
.................... #endif
.................... 
.................... ////////////////////////////////////////////////////////////////////////////
.................... //   float acos(float x)
.................... ////////////////////////////////////////////////////////////////////////////
.................... // Description : returns the arccosine value of the value x.
.................... // Date : N/A
.................... //
.................... float32 acos(float32 x)
.................... {
....................    float32 r;
.................... 
....................    r = ASIN_COS(x, 1);
....................    return(r);
.................... }
.................... //Overloaded functions for acos() for PCD
.................... // Overloaded function acos() for data type - Float48
.................... #if defined(__PCD__)
.................... float48 acos(float48 x)
.................... {
....................    float48 r;
.................... 
....................    r = ASIN_COS(x, 1);
....................    return(r);
.................... }
.................... 
.................... // Overloaded function acos() for data type - Float64
.................... float64 acos(float64 x)
.................... {
....................    float64 r;
.................... 
....................    r = ASIN_COS(x, 1);
....................    return(r);
.................... }
.................... #endif
.................... 
.................... float32 const pat[4] = {0.17630401, 5.6710795, 22.376096, 19.818457};
.................... float32 const qat[4] = {1.0000000,  11.368190, 28.982246, 19.818457};
.................... 
.................... ////////////////////////////////////////////////////////////////////////////
.................... //   float atan(float x)
.................... ////////////////////////////////////////////////////////////////////////////
.................... // Description : returns the arctangent value of the value x.
.................... // Date : N/A
.................... //
.................... float32 atan(float32 x)
.................... {
....................    float32 y, res, r;
....................    int1 s, flag;
.................... 
....................    s = 0;
*
02648:  MOVLB  7
0264A:  BCF    x95.0
....................    flag = 0;
0264C:  BCF    x95.1
....................    y = x;
0264E:  MOVFF  788,78C
02652:  MOVFF  787,78B
02656:  MOVFF  786,78A
0265A:  MOVFF  785,789
.................... 
....................    if (x < 0)
0265E:  MOVFF  788,7A6
02662:  MOVFF  787,7A5
02666:  MOVFF  786,7A4
0266A:  MOVFF  785,7A3
0266E:  CLRF   xAA
02670:  CLRF   xA9
02672:  CLRF   xA8
02674:  CLRF   xA7
02676:  MOVLB  0
02678:  CALL   0E46
0267C:  BNC   268A
....................    {
....................       s = 1;
0267E:  MOVLB  7
02680:  BSF    x95.0
....................       y = -y;
02682:  MOVF   x8A,W
02684:  XORLW  80
02686:  MOVWF  x8A
02688:  MOVLB  0
....................    }
.................... 
....................    if (y > 1.0)
0268A:  MOVLB  7
0268C:  CLRF   xA6
0268E:  CLRF   xA5
02690:  CLRF   xA4
02692:  MOVLW  7F
02694:  MOVWF  xA3
02696:  MOVFF  78C,7AA
0269A:  MOVFF  78B,7A9
0269E:  MOVFF  78A,7A8
026A2:  MOVFF  789,7A7
026A6:  MOVLB  0
026A8:  CALL   0E46
026AC:  BNC   26E4
....................    {
....................       y = 1.0/y;
026AE:  MOVLB  7
026B0:  CLRF   x9F
026B2:  CLRF   x9E
026B4:  CLRF   x9D
026B6:  MOVLW  7F
026B8:  MOVWF  x9C
026BA:  MOVFF  78C,7A3
026BE:  MOVFF  78B,7A2
026C2:  MOVFF  78A,7A1
026C6:  MOVFF  789,7A0
026CA:  MOVLB  0
026CC:  RCALL  24EA
026CE:  MOVFF  03,78C
026D2:  MOVFF  02,78B
026D6:  MOVFF  01,78A
026DA:  MOVFF  00,789
....................       flag = 1;
026DE:  MOVLB  7
026E0:  BSF    x95.1
026E2:  MOVLB  0
....................    }
.................... 
....................    res = pat[0]*y*y + pat[1];
026E4:  MOVLW  0A
026E6:  MOVLB  7
026E8:  MOVWF  xA6
026EA:  MOVLW  89
026EC:  MOVWF  xA5
026EE:  MOVLW  34
026F0:  MOVWF  xA4
026F2:  MOVLW  7C
026F4:  MOVWF  xA3
026F6:  MOVFF  78C,7AA
026FA:  MOVFF  78B,7A9
026FE:  MOVFF  78A,7A8
02702:  MOVFF  789,7A7
02706:  MOVLB  0
02708:  CALL   11FA
0270C:  MOVFF  03,799
02710:  MOVFF  02,798
02714:  MOVFF  01,797
02718:  MOVFF  00,796
0271C:  MOVFF  03,7A6
02720:  MOVFF  02,7A5
02724:  MOVFF  01,7A4
02728:  MOVFF  00,7A3
0272C:  MOVFF  78C,7AA
02730:  MOVFF  78B,7A9
02734:  MOVFF  78A,7A8
02738:  MOVFF  789,7A7
0273C:  CALL   11FA
02740:  MOVFF  03,799
02744:  MOVFF  02,798
02748:  MOVFF  01,797
0274C:  MOVFF  00,796
02750:  BCF    FD8.1
02752:  MOVFF  03,7AA
02756:  MOVFF  02,7A9
0275A:  MOVFF  01,7A8
0275E:  MOVFF  00,7A7
02762:  MOVLW  7C
02764:  MOVLB  7
02766:  MOVWF  xAE
02768:  MOVLW  79
0276A:  MOVWF  xAD
0276C:  MOVLW  35
0276E:  MOVWF  xAC
02770:  MOVLW  81
02772:  MOVWF  xAB
02774:  MOVLB  0
02776:  CALL   0EC0
0277A:  MOVFF  03,790
0277E:  MOVFF  02,78F
02782:  MOVFF  01,78E
02786:  MOVFF  00,78D
....................    res = res*y*y + pat[2];
0278A:  MOVFF  790,7A6
0278E:  MOVFF  78F,7A5
02792:  MOVFF  78E,7A4
02796:  MOVFF  78D,7A3
0279A:  MOVFF  78C,7AA
0279E:  MOVFF  78B,7A9
027A2:  MOVFF  78A,7A8
027A6:  MOVFF  789,7A7
027AA:  CALL   11FA
027AE:  MOVFF  03,799
027B2:  MOVFF  02,798
027B6:  MOVFF  01,797
027BA:  MOVFF  00,796
027BE:  MOVFF  03,7A6
027C2:  MOVFF  02,7A5
027C6:  MOVFF  01,7A4
027CA:  MOVFF  00,7A3
027CE:  MOVFF  78C,7AA
027D2:  MOVFF  78B,7A9
027D6:  MOVFF  78A,7A8
027DA:  MOVFF  789,7A7
027DE:  CALL   11FA
027E2:  MOVFF  03,799
027E6:  MOVFF  02,798
027EA:  MOVFF  01,797
027EE:  MOVFF  00,796
027F2:  BCF    FD8.1
027F4:  MOVFF  03,7AA
027F8:  MOVFF  02,7A9
027FC:  MOVFF  01,7A8
02800:  MOVFF  00,7A7
02804:  MOVLW  3F
02806:  MOVLB  7
02808:  MOVWF  xAE
0280A:  MOVLW  02
0280C:  MOVWF  xAD
0280E:  MOVLW  33
02810:  MOVWF  xAC
02812:  MOVLW  83
02814:  MOVWF  xAB
02816:  MOVLB  0
02818:  CALL   0EC0
0281C:  MOVFF  03,790
02820:  MOVFF  02,78F
02824:  MOVFF  01,78E
02828:  MOVFF  00,78D
....................    res = res*y*y + pat[3];
0282C:  MOVFF  790,7A6
02830:  MOVFF  78F,7A5
02834:  MOVFF  78E,7A4
02838:  MOVFF  78D,7A3
0283C:  MOVFF  78C,7AA
02840:  MOVFF  78B,7A9
02844:  MOVFF  78A,7A8
02848:  MOVFF  789,7A7
0284C:  CALL   11FA
02850:  MOVFF  03,799
02854:  MOVFF  02,798
02858:  MOVFF  01,797
0285C:  MOVFF  00,796
02860:  MOVFF  03,7A6
02864:  MOVFF  02,7A5
02868:  MOVFF  01,7A4
0286C:  MOVFF  00,7A3
02870:  MOVFF  78C,7AA
02874:  MOVFF  78B,7A9
02878:  MOVFF  78A,7A8
0287C:  MOVFF  789,7A7
02880:  CALL   11FA
02884:  MOVFF  03,799
02888:  MOVFF  02,798
0288C:  MOVFF  01,797
02890:  MOVFF  00,796
02894:  BCF    FD8.1
02896:  MOVFF  03,7AA
0289A:  MOVFF  02,7A9
0289E:  MOVFF  01,7A8
028A2:  MOVFF  00,7A7
028A6:  MOVLW  33
028A8:  MOVLB  7
028AA:  MOVWF  xAE
028AC:  MOVLW  8C
028AE:  MOVWF  xAD
028B0:  MOVLW  1E
028B2:  MOVWF  xAC
028B4:  MOVLW  83
028B6:  MOVWF  xAB
028B8:  MOVLB  0
028BA:  CALL   0EC0
028BE:  MOVFF  03,790
028C2:  MOVFF  02,78F
028C6:  MOVFF  01,78E
028CA:  MOVFF  00,78D
.................... 
....................    r = qat[0]*y*y + qat[1];
028CE:  MOVLB  7
028D0:  CLRF   xA6
028D2:  CLRF   xA5
028D4:  CLRF   xA4
028D6:  MOVLW  7F
028D8:  MOVWF  xA3
028DA:  MOVFF  78C,7AA
028DE:  MOVFF  78B,7A9
028E2:  MOVFF  78A,7A8
028E6:  MOVFF  789,7A7
028EA:  MOVLB  0
028EC:  CALL   11FA
028F0:  MOVFF  03,799
028F4:  MOVFF  02,798
028F8:  MOVFF  01,797
028FC:  MOVFF  00,796
02900:  MOVFF  03,7A6
02904:  MOVFF  02,7A5
02908:  MOVFF  01,7A4
0290C:  MOVFF  00,7A3
02910:  MOVFF  78C,7AA
02914:  MOVFF  78B,7A9
02918:  MOVFF  78A,7A8
0291C:  MOVFF  789,7A7
02920:  CALL   11FA
02924:  MOVFF  03,799
02928:  MOVFF  02,798
0292C:  MOVFF  01,797
02930:  MOVFF  00,796
02934:  BCF    FD8.1
02936:  MOVFF  03,7AA
0293A:  MOVFF  02,7A9
0293E:  MOVFF  01,7A8
02942:  MOVFF  00,7A7
02946:  MOVLW  1B
02948:  MOVLB  7
0294A:  MOVWF  xAE
0294C:  MOVLW  E4
0294E:  MOVWF  xAD
02950:  MOVLW  35
02952:  MOVWF  xAC
02954:  MOVLW  82
02956:  MOVWF  xAB
02958:  MOVLB  0
0295A:  CALL   0EC0
0295E:  MOVFF  03,794
02962:  MOVFF  02,793
02966:  MOVFF  01,792
0296A:  MOVFF  00,791
....................    r = r*y*y + qat[2];
0296E:  MOVFF  794,7A6
02972:  MOVFF  793,7A5
02976:  MOVFF  792,7A4
0297A:  MOVFF  791,7A3
0297E:  MOVFF  78C,7AA
02982:  MOVFF  78B,7A9
02986:  MOVFF  78A,7A8
0298A:  MOVFF  789,7A7
0298E:  CALL   11FA
02992:  MOVFF  03,799
02996:  MOVFF  02,798
0299A:  MOVFF  01,797
0299E:  MOVFF  00,796
029A2:  MOVFF  03,7A6
029A6:  MOVFF  02,7A5
029AA:  MOVFF  01,7A4
029AE:  MOVFF  00,7A3
029B2:  MOVFF  78C,7AA
029B6:  MOVFF  78B,7A9
029BA:  MOVFF  78A,7A8
029BE:  MOVFF  789,7A7
029C2:  CALL   11FA
029C6:  MOVFF  03,799
029CA:  MOVFF  02,798
029CE:  MOVFF  01,797
029D2:  MOVFF  00,796
029D6:  BCF    FD8.1
029D8:  MOVFF  03,7AA
029DC:  MOVFF  02,7A9
029E0:  MOVFF  01,7A8
029E4:  MOVFF  00,7A7
029E8:  MOVLW  A4
029EA:  MOVLB  7
029EC:  MOVWF  xAE
029EE:  MOVLW  DB
029F0:  MOVWF  xAD
029F2:  MOVLW  67
029F4:  MOVWF  xAC
029F6:  MOVLW  83
029F8:  MOVWF  xAB
029FA:  MOVLB  0
029FC:  CALL   0EC0
02A00:  MOVFF  03,794
02A04:  MOVFF  02,793
02A08:  MOVFF  01,792
02A0C:  MOVFF  00,791
....................    r = r*y*y + qat[3];
02A10:  MOVFF  794,7A6
02A14:  MOVFF  793,7A5
02A18:  MOVFF  792,7A4
02A1C:  MOVFF  791,7A3
02A20:  MOVFF  78C,7AA
02A24:  MOVFF  78B,7A9
02A28:  MOVFF  78A,7A8
02A2C:  MOVFF  789,7A7
02A30:  CALL   11FA
02A34:  MOVFF  03,799
02A38:  MOVFF  02,798
02A3C:  MOVFF  01,797
02A40:  MOVFF  00,796
02A44:  MOVFF  03,7A6
02A48:  MOVFF  02,7A5
02A4C:  MOVFF  01,7A4
02A50:  MOVFF  00,7A3
02A54:  MOVFF  78C,7AA
02A58:  MOVFF  78B,7A9
02A5C:  MOVFF  78A,7A8
02A60:  MOVFF  789,7A7
02A64:  CALL   11FA
02A68:  MOVFF  03,799
02A6C:  MOVFF  02,798
02A70:  MOVFF  01,797
02A74:  MOVFF  00,796
02A78:  BCF    FD8.1
02A7A:  MOVFF  03,7AA
02A7E:  MOVFF  02,7A9
02A82:  MOVFF  01,7A8
02A86:  MOVFF  00,7A7
02A8A:  MOVLW  33
02A8C:  MOVLB  7
02A8E:  MOVWF  xAE
02A90:  MOVLW  8C
02A92:  MOVWF  xAD
02A94:  MOVLW  1E
02A96:  MOVWF  xAC
02A98:  MOVLW  83
02A9A:  MOVWF  xAB
02A9C:  MOVLB  0
02A9E:  CALL   0EC0
02AA2:  MOVFF  03,794
02AA6:  MOVFF  02,793
02AAA:  MOVFF  01,792
02AAE:  MOVFF  00,791
.................... 
....................    res = y*res/r;
02AB2:  MOVFF  78C,7A6
02AB6:  MOVFF  78B,7A5
02ABA:  MOVFF  78A,7A4
02ABE:  MOVFF  789,7A3
02AC2:  MOVFF  790,7AA
02AC6:  MOVFF  78F,7A9
02ACA:  MOVFF  78E,7A8
02ACE:  MOVFF  78D,7A7
02AD2:  CALL   11FA
02AD6:  MOVFF  03,799
02ADA:  MOVFF  02,798
02ADE:  MOVFF  01,797
02AE2:  MOVFF  00,796
02AE6:  MOVFF  03,79F
02AEA:  MOVFF  02,79E
02AEE:  MOVFF  01,79D
02AF2:  MOVFF  00,79C
02AF6:  MOVFF  794,7A3
02AFA:  MOVFF  793,7A2
02AFE:  MOVFF  792,7A1
02B02:  MOVFF  791,7A0
02B06:  RCALL  24EA
02B08:  MOVFF  03,790
02B0C:  MOVFF  02,78F
02B10:  MOVFF  01,78E
02B14:  MOVFF  00,78D
.................... 
.................... 
....................    if (flag)                              // for |x| > 1
02B18:  MOVLB  7
02B1A:  BTFSS  x95.1
02B1C:  BRA    2B58
....................       res = PI_DIV_BY_TWO - res;
02B1E:  BSF    FD8.1
02B20:  MOVLW  DB
02B22:  MOVWF  xAA
02B24:  MOVLW  0F
02B26:  MOVWF  xA9
02B28:  MOVLW  49
02B2A:  MOVWF  xA8
02B2C:  MOVLW  7F
02B2E:  MOVWF  xA7
02B30:  MOVFF  790,7AE
02B34:  MOVFF  78F,7AD
02B38:  MOVFF  78E,7AC
02B3C:  MOVFF  78D,7AB
02B40:  MOVLB  0
02B42:  CALL   0EC0
02B46:  MOVFF  03,790
02B4A:  MOVFF  02,78F
02B4E:  MOVFF  01,78E
02B52:  MOVFF  00,78D
02B56:  MOVLB  7
....................    if (s)
02B58:  BTFSS  x95.0
02B5A:  BRA    2B62
....................       res = -res;
02B5C:  MOVF   x8E,W
02B5E:  XORLW  80
02B60:  MOVWF  x8E
.................... 
....................    return(res);
02B62:  MOVFF  78D,00
02B66:  MOVFF  78E,01
02B6A:  MOVFF  78F,02
02B6E:  MOVFF  790,03
02B72:  MOVLB  0
02B74:  RETURN 0
.................... }
.................... //Overloaded functions for atan() for PCD
.................... // Overloaded function atan() for data type - Float48
.................... #if defined(__PCD__)
.................... float48 atan(float48 x)
.................... {
....................    float48 y, res, r;
....................    int1 s, flag;
.................... 
....................    s = 0;
....................    flag = 0;
....................    y = x;
.................... 
....................    if (x < 0)
....................    {
....................       s = 1;
....................       y = -y;
....................    }
.................... 
....................    if (y > 1.0)
....................    {
....................       y = 1.0/y;
....................       flag = 1;
....................    }
.................... 
....................    res = pat[0]*y*y + pat[1];
....................    res = res*y*y + pat[2];
....................    res = res*y*y + pat[3];
.................... 
....................    r = qat[0]*y*y + qat[1];
....................    r = r*y*y + qat[2];
....................    r = r*y*y + qat[3];
.................... 
....................    res = y*res/r;
.................... 
.................... 
....................    if (flag)                              // for |x| > 1
....................       res = PI_DIV_BY_TWO - res;
....................    if (s)
....................       res = -res;
.................... 
....................    return(res);
.................... }
.................... 
.................... float64 pat_64[6]={0.999999999999999,2.249923645595566,1.771541617806449,
....................                    0.579678874003185,0.072162702162882,0.002281100141660};
.................... 
.................... float64 qat_64[6]={2.583256978928510,2.432627277466967,1.016760379885393,
....................                    0.182482977188688,0.011155377971690,0.000100013019160};
.................... // Overloaded function atan() for data type - Float64
.................... float64 atan(float64 x)
.................... {
....................    float64 y,y2, res, r;
....................    int1 s, flag;
.................... 
....................    s = 0;
....................    flag = 0;
....................    y = x;
.................... 
....................    if (x < 0)
....................    {
....................       s = 1;
....................       y = -y;
....................    }
.................... 
....................    if (y > 1.0)
....................    {
....................       y = 1.0/y;
....................       flag = 1;
....................    }
....................    y2 = y*y;
....................    res = pat_64[5]*y2 + pat_64[4];
....................    res = res*y2 + pat_64[3];
....................    res = res*y2 + pat_64[2];
....................    res = res*y2 + pat_64[1];
....................    res = res*y2 + pat_64[0];
.................... 
....................    r = qat_64[5]*y2 + qat_64[4];
....................    r = r*y2 + qat_64[3];
....................    r = r*y2 + qat_64[2];
....................    r = r*y2 + qat_64[1];
....................    r = r*y2 + qat_64[0];
....................    r = r*y2 + 1.0;
.................... 
....................    res = y*res/r;
.................... 
.................... 
....................    if (flag)                              // for |x| > 1
....................       res = PI_DIV_BY_TWO - res;
....................    if (s)
....................       res = -res;
.................... 
....................    return(res);
.................... }
.................... #endif
.................... 
.................... /////////////////////////////////////////////////////////////////////////////
.................... //   float atan2(float y, float x)
.................... /////////////////////////////////////////////////////////////////////////////
.................... // Description :computes the principal value of arc tangent of y/x, using the
.................... // signs of both the arguments to determine the quadrant of the return value
.................... // Returns : returns the arc tangent of y/x.
.................... // Date : N/A
.................... //
.................... 
.................... float32 atan2(float32 y,float32 x)
.................... {
....................    float32 z;
....................    int1 sign;
....................    unsigned int8 quad;
....................    sign=0;
02B76:  MOVLB  7
02B78:  BCF    x83.0
....................    quad=0; //quadrant
02B7A:  CLRF   x84
....................    quad=((y<=0.0)?((x<=0.0)?3:4):((x<0.0)?2:1));
02B7C:  MOVFF  77A,7A6
02B80:  MOVFF  779,7A5
02B84:  MOVFF  778,7A4
02B88:  MOVFF  777,7A3
02B8C:  CLRF   xAA
02B8E:  CLRF   xA9
02B90:  CLRF   xA8
02B92:  CLRF   xA7
02B94:  MOVLB  0
02B96:  CALL   0E46
02B9A:  BC    2B9E
02B9C:  BNZ   2BCA
02B9E:  MOVFF  77E,7A6
02BA2:  MOVFF  77D,7A5
02BA6:  MOVFF  77C,7A4
02BAA:  MOVFF  77B,7A3
02BAE:  MOVLB  7
02BB0:  CLRF   xAA
02BB2:  CLRF   xA9
02BB4:  CLRF   xA8
02BB6:  CLRF   xA7
02BB8:  MOVLB  0
02BBA:  CALL   0E46
02BBE:  BC    2BC2
02BC0:  BNZ   2BC6
02BC2:  MOVLW  03
02BC4:  BRA    2BC8
02BC6:  MOVLW  04
02BC8:  BRA    2BF2
02BCA:  MOVFF  77E,7A6
02BCE:  MOVFF  77D,7A5
02BD2:  MOVFF  77C,7A4
02BD6:  MOVFF  77B,7A3
02BDA:  MOVLB  7
02BDC:  CLRF   xAA
02BDE:  CLRF   xA9
02BE0:  CLRF   xA8
02BE2:  CLRF   xA7
02BE4:  MOVLB  0
02BE6:  CALL   0E46
02BEA:  BNC   2BF0
02BEC:  MOVLW  02
02BEE:  BRA    2BF2
02BF0:  MOVLW  01
02BF2:  MOVLB  7
02BF4:  MOVWF  x84
....................    if(y<0.0)
02BF6:  MOVFF  77A,7A6
02BFA:  MOVFF  779,7A5
02BFE:  MOVFF  778,7A4
02C02:  MOVFF  777,7A3
02C06:  CLRF   xAA
02C08:  CLRF   xA9
02C0A:  CLRF   xA8
02C0C:  CLRF   xA7
02C0E:  MOVLB  0
02C10:  CALL   0E46
02C14:  BNC   2C22
....................    {
....................       sign=1;
02C16:  MOVLB  7
02C18:  BSF    x83.0
....................       y=-y;
02C1A:  MOVF   x78,W
02C1C:  XORLW  80
02C1E:  MOVWF  x78
02C20:  MOVLB  0
....................    }
....................    if(x<0.0)
02C22:  MOVFF  77E,7A6
02C26:  MOVFF  77D,7A5
02C2A:  MOVFF  77C,7A4
02C2E:  MOVFF  77B,7A3
02C32:  MOVLB  7
02C34:  CLRF   xAA
02C36:  CLRF   xA9
02C38:  CLRF   xA8
02C3A:  CLRF   xA7
02C3C:  MOVLB  0
02C3E:  CALL   0E46
02C42:  BNC   2C4E
....................    {
....................       x=-x;
02C44:  MOVLB  7
02C46:  MOVF   x7C,W
02C48:  XORLW  80
02C4A:  MOVWF  x7C
02C4C:  MOVLB  0
....................    }
....................    if (x==0.0)
02C4E:  MOVFF  77E,7A6
02C52:  MOVFF  77D,7A5
02C56:  MOVFF  77C,7A4
02C5A:  MOVFF  77B,7A3
02C5E:  MOVLB  7
02C60:  CLRF   xAA
02C62:  CLRF   xA9
02C64:  CLRF   xA8
02C66:  CLRF   xA7
02C68:  MOVLB  0
02C6A:  CALL   0E46
02C6E:  BNZ   2CC4
....................    {
....................       if(y==0.0)
02C70:  MOVFF  77A,7A6
02C74:  MOVFF  779,7A5
02C78:  MOVFF  778,7A4
02C7C:  MOVFF  777,7A3
02C80:  MOVLB  7
02C82:  CLRF   xAA
02C84:  CLRF   xA9
02C86:  CLRF   xA8
02C88:  CLRF   xA7
02C8A:  MOVLB  0
02C8C:  CALL   0E46
02C90:  BNZ   2C94
....................       {
....................       #ifdef _ERRNO
....................       {
....................          errno=EDOM;
....................       }
....................       #endif
....................       }
02C92:  BRA    2CC2
....................       else
....................       {
....................          if(sign)
02C94:  MOVLB  7
02C96:  BTFSS  x83.0
02C98:  BRA    2CAE
....................          {
....................          return (-(PI_DIV_BY_TWO));
02C9A:  MOVLW  7F
02C9C:  MOVWF  00
02C9E:  MOVLW  C9
02CA0:  MOVWF  01
02CA2:  MOVLW  0F
02CA4:  MOVWF  02
02CA6:  MOVLW  DB
02CA8:  MOVWF  03
02CAA:  BRA    2DFC
....................          }
02CAC:  BRA    2CC0
....................          else
....................          {
....................          return (PI_DIV_BY_TWO);
02CAE:  MOVLW  7F
02CB0:  MOVWF  00
02CB2:  MOVLW  49
02CB4:  MOVWF  01
02CB6:  MOVLW  0F
02CB8:  MOVWF  02
02CBA:  MOVLW  DB
02CBC:  MOVWF  03
02CBE:  BRA    2DFC
02CC0:  MOVLB  0
....................          }
....................       }
....................    }
02CC2:  BRA    2DFA
....................    else
....................    {
....................       z=y/x;
02CC4:  MOVFF  77A,79F
02CC8:  MOVFF  779,79E
02CCC:  MOVFF  778,79D
02CD0:  MOVFF  777,79C
02CD4:  MOVFF  77E,7A3
02CD8:  MOVFF  77D,7A2
02CDC:  MOVFF  77C,7A1
02CE0:  MOVFF  77B,7A0
02CE4:  RCALL  24EA
02CE6:  MOVFF  03,782
02CEA:  MOVFF  02,781
02CEE:  MOVFF  01,780
02CF2:  MOVFF  00,77F
....................       switch(quad)
02CF6:  MOVLW  01
02CF8:  MOVLB  7
02CFA:  SUBWF  x84,W
02CFC:  ADDLW  FC
02CFE:  BTFSC  FD8.0
02D00:  BRA    2DFC
02D02:  ADDLW  04
02D04:  MOVLB  0
02D06:  GOTO   2E02
....................       {
....................          case 1:
....................          {
....................             return atan(z);
02D0A:  MOVFF  782,788
02D0E:  MOVFF  781,787
02D12:  MOVFF  780,786
02D16:  MOVFF  77F,785
02D1A:  RCALL  2648
02D1C:  MOVLB  7
02D1E:  BRA    2DFC
....................             break;
02D20:  BRA    2DFC
02D22:  MOVLB  0
....................          }
....................          case 2:
....................          {
.................... //            return (atan(z)+PI_DIV_BY_TWO);  //2L3122
....................             return (PI-atan(z));
02D24:  MOVFF  782,788
02D28:  MOVFF  781,787
02D2C:  MOVFF  780,786
02D30:  MOVFF  77F,785
02D34:  RCALL  2648
02D36:  MOVFF  FEA,786
02D3A:  MOVFF  FE9,785
02D3E:  BSF    FD8.1
02D40:  MOVLW  DB
02D42:  MOVLB  7
02D44:  MOVWF  xAA
02D46:  MOVLW  0F
02D48:  MOVWF  xA9
02D4A:  MOVLW  49
02D4C:  MOVWF  xA8
02D4E:  MOVLW  80
02D50:  MOVWF  xA7
02D52:  MOVFF  03,7AE
02D56:  MOVFF  02,7AD
02D5A:  MOVFF  01,7AC
02D5E:  MOVFF  00,7AB
02D62:  MOVLB  0
02D64:  CALL   0EC0
02D68:  MOVFF  786,FEA
02D6C:  MOVFF  785,FE9
02D70:  MOVLB  7
02D72:  BRA    2DFC
....................             break;
02D74:  BRA    2DFC
02D76:  MOVLB  0
....................          }
....................          case 3:
....................          {
....................             return (atan(z)-PI);
02D78:  MOVFF  782,788
02D7C:  MOVFF  781,787
02D80:  MOVFF  780,786
02D84:  MOVFF  77F,785
02D88:  RCALL  2648
02D8A:  MOVFF  03,788
02D8E:  MOVFF  02,787
02D92:  MOVFF  01,786
02D96:  MOVFF  00,785
02D9A:  MOVFF  FEA,78A
02D9E:  MOVFF  FE9,789
02DA2:  BSF    FD8.1
02DA4:  MOVFF  03,7AA
02DA8:  MOVFF  02,7A9
02DAC:  MOVFF  01,7A8
02DB0:  MOVFF  00,7A7
02DB4:  MOVLW  DB
02DB6:  MOVLB  7
02DB8:  MOVWF  xAE
02DBA:  MOVLW  0F
02DBC:  MOVWF  xAD
02DBE:  MOVLW  49
02DC0:  MOVWF  xAC
02DC2:  MOVLW  80
02DC4:  MOVWF  xAB
02DC6:  MOVLB  0
02DC8:  CALL   0EC0
02DCC:  MOVFF  78A,FEA
02DD0:  MOVFF  789,FE9
02DD4:  MOVLB  7
02DD6:  BRA    2DFC
....................             break;
02DD8:  BRA    2DFC
02DDA:  MOVLB  0
....................          }
....................          case 4:
....................          {
....................             return (-atan(z));
02DDC:  MOVFF  782,788
02DE0:  MOVFF  781,787
02DE4:  MOVFF  780,786
02DE8:  MOVFF  77F,785
02DEC:  RCALL  2648
02DEE:  MOVLW  80
02DF0:  XORWF  01,F
02DF2:  MOVLB  7
02DF4:  BRA    2DFC
....................             break;
02DF6:  BRA    2DFC
02DF8:  MOVLB  0
02DFA:  MOVLB  7
....................          }
....................       }
....................    }
02DFC:  MOVLB  0
02DFE:  GOTO   4500 (RETURN)
.................... }
.................... 
.................... //Overloaded functions for atan2() for PCD
.................... // Overloaded function atan2() for data type - Float48
.................... #if defined(__PCD__)
.................... float48 atan2(float48 y,float48 x)
.................... {
....................    float48 z;
....................    int1 sign;
....................    unsigned int8 quad;
....................    sign=0;
....................    quad=0; //quadrant
....................    quad=((y<=0.0)?((x<=0.0)?3:4):((x<0.0)?2:1));
....................    if(y<0.0)
....................    {
....................       sign=1;
....................       y=-y;
....................    }
....................    if(x<0.0)
....................    {
....................       x=-x;
....................    }
....................    if (x==0.0)
....................    {
....................       if(y==0.0)
....................       {
....................       #ifdef _ERRNO
....................       {
....................          errno=EDOM;
....................       }
....................       #endif
....................       }
....................       else
....................       {
....................          if(sign)
....................          {
....................          return (-(PI_DIV_BY_TWO));
....................          }
....................          else
....................          {
....................          return (PI_DIV_BY_TWO);
....................          }
....................       }
....................    }
....................    else
....................    {
....................       z=y/x;
....................       switch(quad)
....................       {
....................          case 1:
....................          {
....................             return atan(z);
....................             break;
....................          }
....................          case 2:
....................          {
.................... //            return (atan(z)+PI_DIV_BY_TWO);  //2L3122
....................             return (PI-atan(z));
....................             break;
....................          }
....................          case 3:
....................          {
....................             return (atan(z)-PI);
....................             break;
....................          }
....................          case 4:
....................          {
....................             return (-atan(z));
....................             break;
....................          }
....................       }
....................    }
.................... }
.................... 
.................... // Overloaded function atan2() for data type - Float64
.................... float64 atan2(float64 y,float64 x)
.................... {
....................    float64 z;
....................    int1 sign;
....................    unsigned int8 quad;
....................    sign=0;
....................    quad=0; //quadrant
....................    quad=((y<=0.0)?((x<=0.0)?3:4):((x<0.0)?2:1));
....................    if(y<0.0)
....................    {
....................       sign=1;
....................       y=-y;
....................    }
....................    if(x<0.0)
....................    {
....................       x=-x;
....................    }
....................    if (x==0.0)
....................    {
....................       if(y==0.0)
....................       {
....................       #ifdef _ERRNO
....................       {
....................          errno=EDOM;
....................       }
....................       #endif
....................       }
....................       else
....................       {
....................          if(sign)
....................          {
....................          return (-(PI_DIV_BY_TWO));
....................          }
....................          else
....................          {
....................          return (PI_DIV_BY_TWO);
....................          }
....................       }
....................    }
....................    else
....................    {
....................       z=y/x;
....................       switch(quad)
....................       {
....................          case 1:
....................          {
....................             return atan(z);
....................             break;
....................          }
....................          case 2:
....................          {
.................... //            return (atan(z)+PI_DIV_BY_TWO);  //2L3122
....................             return (PI-atan(z));
....................             break;
....................          }
....................          case 3:
....................          {
....................             return (atan(z)-PI);
....................             break;
....................          }
....................          case 4:
....................          {
....................             return (-atan(z));
....................             break;
....................          }
....................       }
....................    }
.................... }
.................... #endif
.................... 
.................... //////////////////// Hyperbolic functions ////////////////////
.................... 
.................... ////////////////////////////////////////////////////////////////////////////
.................... //   float cosh(float x)
.................... ////////////////////////////////////////////////////////////////////////////
.................... // Description : Computes the hyperbolic cosine value of x
.................... // Returns : returns the hyperbolic cosine value of x
.................... // Date : N/A
.................... //
.................... 
.................... float32 cosh(float32 x)
.................... {
....................    return ((exp(x)+exp(-x))*0.5);
.................... }
.................... //Overloaded functions for cosh() for PCD
.................... // Overloaded function cosh() for data type - Float48
.................... #if defined(__PCD__)
.................... float48 cosh(float48 x)
.................... {
....................    return ((exp(x)+exp(-x))*0.5);
.................... }
.................... 
.................... // Overloaded function cosh() for data type - Float64
.................... float64 cosh(float64 x)
.................... {
....................    return ((exp(x)+exp(-x))*0.5);
.................... }
.................... #endif
.................... 
.................... ////////////////////////////////////////////////////////////////////////////
.................... //   float sinh(float x)
.................... ////////////////////////////////////////////////////////////////////////////
.................... // Description : Computes the hyperbolic sine value of x
.................... // Returns : returns the hyperbolic sine value of x
.................... // Date : N/A
.................... //
.................... 
.................... float32 sinh(float32 x)
.................... {
.................... 
....................    return ((exp(x) - exp(-x))*0.5);
.................... }
.................... //Overloaded functions for sinh() for PCD
.................... // Overloaded function sinh() for data type - Float48
.................... #if defined(__PCD__)
.................... float48 sinh(float48 x)
.................... {
.................... 
....................    return ((exp(x) - exp(-x))*0.5);
.................... }
.................... 
.................... // Overloaded function sinh() for data type - Float48
.................... float64 sinh(float64 x)
.................... {
.................... 
....................    return ((exp(x) - exp(-x))*0.5);
.................... }
.................... #endif
.................... 
.................... ////////////////////////////////////////////////////////////////////////////
.................... //   float tanh(float x)
.................... ////////////////////////////////////////////////////////////////////////////
.................... // Description : Computes the hyperbolic tangent value of x
.................... // Returns : returns the hyperbolic tangent value of x
.................... // Date : N/A
.................... //
.................... 
.................... float32 tanh(float32 x)
.................... {
....................    return(sinh(x)/cosh(x));
.................... }
.................... //Overloaded functions for tanh() for PCD
.................... // Overloaded function tanh() for data type - Float48
.................... #if defined(__PCD__)
.................... float48 tanh(float48 x)
.................... {
....................    return(sinh(x)/cosh(x));
.................... }
.................... 
.................... // Overloaded function tanh() for data type - Float64
.................... float64 tanh(float64 x)
.................... {
....................    return(sinh(x)/cosh(x));
.................... }
.................... #endif
.................... 
.................... ////////////////////////////////////////////////////////////////////////////
.................... //   float frexp(float x, signed int *exp)
.................... ////////////////////////////////////////////////////////////////////////////
.................... // Description : breaks a floating point number into a normalized fraction and an integral
.................... // power of 2. It stores the integer in the signed int object pointed to by exp.
.................... // Returns : returns the value x, such that x is a double with magnitude in the interval
.................... // [1/2,1) or zero, and value equals x times 2 raised to the power *exp.If value is zero,
.................... // both parts of the result are zero.
.................... // Date : N/A
.................... //
.................... 
.................... #define LOG2 .30102999566398119521
.................... #define LOG2_INV 3.32192809488736234787
.................... float32 frexp(float32 x, signed int8 *exp)
.................... {
....................    float32 res;
....................    int1 sign = 0;
....................    if(x == 0.0)
....................    {
....................       *exp=0;
....................       return (0.0);
....................    }
....................    if(x < 0.0)
....................    {
....................      x=-x;
....................      sign=1;
....................    }
....................    if (x > 1.0)
....................    {
....................       *exp=(ceil(log10(x)*LOG2_INV));
....................       res=x/(pow(2, *exp));
....................       if (res == 1)
....................       {
....................          *exp=*exp+1;
....................           res=.5;
....................       }
....................    }
....................    else
....................    {
....................       if(x < 0.5)
....................       {
....................          *exp=-1;
....................          res=x*2;
....................       }
....................       else
....................       {
....................          *exp=0;
....................           res=x;
....................       }
....................    }
....................    if(sign)
....................    {
....................       res=-res;
....................    }
....................    return res;
.................... }
.................... 
.................... //Overloaded functions for frexp() for PCD
.................... // Overloaded function frexp() for data type - Float48
.................... #if defined(__PCD__)
.................... float48 frexp(float48 x, signed int8 *exp)
.................... {
....................    float48 res;
....................    int1 sign = 0;
....................    if(x == 0.0)
....................    {
....................       *exp=0;
....................       return (0.0);
....................    }
....................    if(x < 0.0)
....................    {
....................      x=-x;
....................      sign=1;
....................    }
....................    if (x > 1.0)
....................    {
....................       *exp=(ceil(log10(x)*LOG2_INV));
....................       res=x/(pow(2, *exp));
....................       if (res == 1)
....................       {
....................          *exp=*exp+1;
....................           res=.5;
....................       }
....................    }
....................    else
....................    {
....................       if(x < 0.5)
....................       {
....................          *exp=-1;
....................          res=x*2;
....................       }
....................       else
....................       {
....................          *exp=0;
....................           res=x;
....................       }
....................    }
....................    if(sign)
....................    {
....................       res=-res;
....................    }
....................    return res;
.................... }
.................... 
.................... // Overloaded function frexp() for data type - Float64
.................... float64 frexp(float64 x, signed int8 *exp)
.................... {
....................    float64 res;
....................    int1 sign = 0;
....................    if(x == 0.0)
....................    {
....................       *exp=0;
....................       return (0.0);
....................    }
....................    if(x < 0.0)
....................    {
....................      x=-x;
....................      sign=1;
....................    }
....................    if (x > 1.0)
....................    {
....................       *exp=(ceil(log10(x)*LOG2_INV));
....................       res=x/(pow(2, *exp));
....................       if (res == 1)
....................       {
....................          *exp=*exp+1;
....................           res=.5;
....................       }
....................    }
....................    else
....................    {
....................       if(x < 0.5)
....................       {
....................          *exp=-1;
....................          res=x*2;
....................       }
....................       else
....................       {
....................          *exp=0;
....................           res=x;
....................       }
....................    }
....................    if(sign)
....................    {
....................       res=-res;
....................    }
....................    return res;
.................... }
.................... #endif
.................... 
.................... //////////////////////////////////////////////////////////////////////////////
.................... //   float ldexp(float x, signed int *exp)
.................... //////////////////////////////////////////////////////////////////////////////
.................... // Description : multiplies a floating point number by an integral power of 2.
.................... // Returns : returns the value of x times 2 raised to the power exp.
.................... // Date : N/A
.................... //
.................... 
.................... float32 ldexp(float32 value, signed int8 exp)
.................... {
....................    return (value * pow(2,exp));
.................... }
.................... //Overloaded functions for ldexp() for PCD
.................... // Overloaded function ldexp() for data type - Float48
.................... 
.................... #if defined(__PCD__)
.................... float48 ldexp(float48 value, signed int8 exp)
.................... {
....................    return (value * pow(2,exp));
.................... }
.................... // Overloaded function ldexp() for data type - Float64
.................... float64 ldexp(float64 value, signed int8 exp)
.................... {
....................    return (value * pow(2,exp));
.................... }
.................... #endif
.................... 
.................... #endif
.................... 
.................... 
.................... #define sensorSampleRate 50 // 50mS delay between each sensor sample = 100ms cadence 
.................... 
.................... #define maxCount 16777216.0   // ADC max count
.................... #define vRef 2.048            // ADC vRef
.................... 
.................... #define sc sensorCal
.................... 
.................... #define vMonN15   6
.................... #define vMon200   16
.................... #define vMon5V6   24
.................... #define vMon5VA   25
.................... #define vMon3V6X  17
.................... #define vMon3V3A  27
.................... #define vMon3V3D  26
.................... 
.................... #define BUFFER_SIZE 5
.................... 
.................... signed int32 sQ_x[BUFFER_SIZE];
.................... signed int32 cQ_x[BUFFER_SIZE];
.................... signed int32 sQ_y[BUFFER_SIZE];
.................... signed int32 cQ_y[BUFFER_SIZE];
.................... int sIn_x=0;
.................... int cIn_x=0;
.................... int sIn_y=0;
.................... int cIn_y=0;
.................... 
.................... struct sensorMonitorData
.................... {
....................    boolean dataReady;
....................    boolean adcBusy;
....................    signed int32 avgSin;
....................    signed int32 avgCos;
.................... } smData[2] = 
.................... {
....................    {false, false, 0, 0},
....................    {false, false, 0, 0}
.................... };
.................... 
.................... void push(signed int32* buff, int* idx, signed int32 newData) {
....................    buff[*idx]=newData;
*
009AC:  MOVFF  78D,FEA
009B0:  MOVLB  7
009B2:  MOVFF  78C,FE9
009B6:  CLRF   x94
009B8:  MOVFF  FEF,793
009BC:  CLRF   x96
009BE:  MOVLW  04
009C0:  MOVWF  x95
009C2:  MOVLB  0
009C4:  RCALL  095E
009C6:  MOVF   01,W
009C8:  MOVLB  7
009CA:  ADDWF  x8A,W
009CC:  MOVWF  FE9
009CE:  MOVF   x8B,W
009D0:  ADDWFC 02,W
009D2:  MOVWF  FEA
009D4:  MOVFF  78E,FEF
009D8:  MOVFF  78F,FEC
009DC:  MOVFF  790,FEC
009E0:  MOVFF  791,FEC
....................    *idx=(*idx+1) % BUFFER_SIZE;
009E4:  MOVFF  78D,793
009E8:  MOVFF  78D,FEA
009EC:  MOVFF  78C,FE9
009F0:  MOVLW  01
009F2:  ADDWF  FEF,W
009F4:  MOVWF  x95
009F6:  MOVWF  x96
009F8:  MOVLW  05
009FA:  MOVWF  x97
009FC:  MOVLB  0
009FE:  RCALL  0980
00A00:  MOVLB  7
00A02:  MOVFF  793,FEA
00A06:  MOVFF  78C,FE9
00A0A:  MOVFF  00,FEF
00A0E:  MOVLB  0
00A10:  RETURN 0
.................... }
.................... 
.................... /*****************************************************************************/
.................... /* INTERNAL MONITOR task - gets voltages                                     */
.................... /* gets one value each time the task is run                                  */
.................... /*****************************************************************************/
.................... void internal_monitor_task(){
....................    static int8 state = 0;
....................    if (adc_done()){
*
051CA:  MOVLB  F
051CC:  BTFSC  x5B.0
051CE:  BRA    5740
....................       switch (state)
051D0:  MOVLB  1
051D2:  MOVF   xFB,W
051D4:  ADDLW  F9
051D6:  BTFSC  FD8.0
051D8:  BRA    573E
051DA:  ADDLW  07
051DC:  MOVLB  0
051DE:  GOTO   5746
....................       {
....................          case 0:     // vMonN15
....................             monitorVals.vN15 = read_adc(ADC_READ_ONLY) * monCal.vN15[1] + monCal.vN15[0];
051E2:  MOVLB  F
051E4:  BTFSC  x5B.0
051E6:  BRA    51E4
051E8:  MOVFF  F5F,02
051EC:  MOVFF  F5E,01
051F0:  MOVFF  02,74E
051F4:  MOVFF  01,74D
051F8:  MOVFF  02,7A8
051FC:  MOVFF  01,7A7
05200:  MOVLB  0
05202:  CALL   2E74
05206:  MOVFF  03,7A6
0520A:  MOVFF  02,7A5
0520E:  MOVFF  01,7A4
05212:  MOVFF  00,7A3
05216:  MOVFF  DE,7AA
0521A:  MOVFF  DD,7A9
0521E:  MOVFF  DC,7A8
05222:  MOVFF  DB,7A7
05226:  CALL   11FA
0522A:  MOVFF  03,750
0522E:  MOVFF  02,74F
05232:  MOVFF  01,74E
05236:  MOVFF  00,74D
0523A:  BCF    FD8.1
0523C:  MOVFF  03,7AA
05240:  MOVFF  02,7A9
05244:  MOVFF  01,7A8
05248:  MOVFF  00,7A7
0524C:  MOVFF  DA,7AE
05250:  MOVFF  D9,7AD
05254:  MOVFF  D8,7AC
05258:  MOVFF  D7,7AB
0525C:  CALL   0EC0
05260:  MOVFF  03,113
05264:  MOVFF  02,112
05268:  MOVFF  01,111
0526C:  MOVFF  00,110
....................             set_adc_channel(vMon200);
05270:  MOVLB  F
05272:  MOVF   x5A,W
05274:  ANDLW  3F
05276:  MOVWF  01
05278:  MOVLW  10
0527A:  MOVWF  x5A
0527C:  BTFSS  x5B.7
0527E:  BRA    528E
05280:  MOVF   01,W
05282:  SUBLW  10
05284:  BZ    528E
05286:  BSF    x5B.0
05288:  NOP   
0528A:  BTFSC  x5B.0
0528C:  BRA    528A
....................             delay_ms(10);
0528E:  MOVLW  0A
05290:  MOVLB  7
05292:  MOVWF  x5C
05294:  MOVLB  0
05296:  CALL   0516
....................             read_adc(ADC_START_ONLY);
0529A:  MOVLB  F
0529C:  BSF    x5B.0
0529E:  NOP   
....................             state = 1;
052A0:  MOVLW  01
052A2:  MOVLB  1
052A4:  MOVWF  xFB
....................          break;
052A6:  BRA    573E
....................          
....................          case 1:     // vMon200
....................             monitorVals.v200 = read_adc(ADC_READ_ONLY) * monCal.v200[1] + monCal.v200[0];
052A8:  MOVLB  F
052AA:  BTFSC  x5B.0
052AC:  BRA    52AA
052AE:  MOVFF  F5F,02
052B2:  MOVFF  F5E,01
052B6:  MOVFF  02,74E
052BA:  MOVFF  01,74D
052BE:  MOVFF  02,7A8
052C2:  MOVFF  01,7A7
052C6:  MOVLB  0
052C8:  CALL   2E74
052CC:  MOVFF  03,7A6
052D0:  MOVFF  02,7A5
052D4:  MOVFF  01,7A4
052D8:  MOVFF  00,7A3
052DC:  MOVFF  E6,7AA
052E0:  MOVFF  E5,7A9
052E4:  MOVFF  E4,7A8
052E8:  MOVFF  E3,7A7
052EC:  CALL   11FA
052F0:  MOVFF  03,750
052F4:  MOVFF  02,74F
052F8:  MOVFF  01,74E
052FC:  MOVFF  00,74D
05300:  BCF    FD8.1
05302:  MOVFF  03,7AA
05306:  MOVFF  02,7A9
0530A:  MOVFF  01,7A8
0530E:  MOVFF  00,7A7
05312:  MOVFF  E2,7AE
05316:  MOVFF  E1,7AD
0531A:  MOVFF  E0,7AC
0531E:  MOVFF  DF,7AB
05322:  CALL   0EC0
05326:  MOVFF  03,117
0532A:  MOVFF  02,116
0532E:  MOVFF  01,115
05332:  MOVFF  00,114
....................             set_adc_channel(vMon5V6);
05336:  MOVLB  F
05338:  MOVF   x5A,W
0533A:  ANDLW  3F
0533C:  MOVWF  01
0533E:  MOVLW  18
05340:  MOVWF  x5A
05342:  BTFSS  x5B.7
05344:  BRA    5354
05346:  MOVF   01,W
05348:  SUBLW  18
0534A:  BZ    5354
0534C:  BSF    x5B.0
0534E:  NOP   
05350:  BTFSC  x5B.0
05352:  BRA    5350
....................             delay_ms(10);
05354:  MOVLW  0A
05356:  MOVLB  7
05358:  MOVWF  x5C
0535A:  MOVLB  0
0535C:  CALL   0516
....................             read_adc(ADC_START_ONLY);
05360:  MOVLB  F
05362:  BSF    x5B.0
05364:  NOP   
....................             state = 2;
05366:  MOVLW  02
05368:  MOVLB  1
0536A:  MOVWF  xFB
....................          break;
0536C:  BRA    573E
....................          
....................          case 2:     // vMon5V6
....................             monitorVals.v5V6 = read_adc(ADC_READ_ONLY) * monCal.v5V6[1] + monCal.v5V6[0];
0536E:  MOVLB  F
05370:  BTFSC  x5B.0
05372:  BRA    5370
05374:  MOVFF  F5F,02
05378:  MOVFF  F5E,01
0537C:  MOVFF  02,74E
05380:  MOVFF  01,74D
05384:  MOVFF  02,7A8
05388:  MOVFF  01,7A7
0538C:  MOVLB  0
0538E:  CALL   2E74
05392:  MOVFF  03,7A6
05396:  MOVFF  02,7A5
0539A:  MOVFF  01,7A4
0539E:  MOVFF  00,7A3
053A2:  MOVFF  EE,7AA
053A6:  MOVFF  ED,7A9
053AA:  MOVFF  EC,7A8
053AE:  MOVFF  EB,7A7
053B2:  CALL   11FA
053B6:  MOVFF  03,750
053BA:  MOVFF  02,74F
053BE:  MOVFF  01,74E
053C2:  MOVFF  00,74D
053C6:  BCF    FD8.1
053C8:  MOVFF  03,7AA
053CC:  MOVFF  02,7A9
053D0:  MOVFF  01,7A8
053D4:  MOVFF  00,7A7
053D8:  MOVFF  EA,7AE
053DC:  MOVFF  E9,7AD
053E0:  MOVFF  E8,7AC
053E4:  MOVFF  E7,7AB
053E8:  CALL   0EC0
053EC:  MOVFF  03,11B
053F0:  MOVFF  02,11A
053F4:  MOVFF  01,119
053F8:  MOVFF  00,118
....................             set_adc_channel(vMon5VA);
053FC:  MOVLB  F
053FE:  MOVF   x5A,W
05400:  ANDLW  3F
05402:  MOVWF  01
05404:  MOVLW  19
05406:  MOVWF  x5A
05408:  BTFSS  x5B.7
0540A:  BRA    541A
0540C:  MOVF   01,W
0540E:  SUBLW  19
05410:  BZ    541A
05412:  BSF    x5B.0
05414:  NOP   
05416:  BTFSC  x5B.0
05418:  BRA    5416
....................             delay_ms(10);
0541A:  MOVLW  0A
0541C:  MOVLB  7
0541E:  MOVWF  x5C
05420:  MOVLB  0
05422:  CALL   0516
....................             read_adc(ADC_START_ONLY);
05426:  MOVLB  F
05428:  BSF    x5B.0
0542A:  NOP   
....................             state = 3;
0542C:  MOVLW  03
0542E:  MOVLB  1
05430:  MOVWF  xFB
....................          break;
05432:  BRA    573E
....................          
....................          case 3:     // vMon5VA
....................             monitorVals.v5VA = read_adc(ADC_READ_ONLY) * monCal.v5VA[1] + monCal.v5VA[0];
05434:  MOVLB  F
05436:  BTFSC  x5B.0
05438:  BRA    5436
0543A:  MOVFF  F5F,02
0543E:  MOVFF  F5E,01
05442:  MOVFF  02,74E
05446:  MOVFF  01,74D
0544A:  MOVFF  02,7A8
0544E:  MOVFF  01,7A7
05452:  MOVLB  0
05454:  CALL   2E74
05458:  MOVFF  03,7A6
0545C:  MOVFF  02,7A5
05460:  MOVFF  01,7A4
05464:  MOVFF  00,7A3
05468:  MOVFF  F6,7AA
0546C:  MOVFF  F5,7A9
05470:  MOVFF  F4,7A8
05474:  MOVFF  F3,7A7
05478:  CALL   11FA
0547C:  MOVFF  03,750
05480:  MOVFF  02,74F
05484:  MOVFF  01,74E
05488:  MOVFF  00,74D
0548C:  BCF    FD8.1
0548E:  MOVFF  03,7AA
05492:  MOVFF  02,7A9
05496:  MOVFF  01,7A8
0549A:  MOVFF  00,7A7
0549E:  MOVFF  F2,7AE
054A2:  MOVFF  F1,7AD
054A6:  MOVFF  F0,7AC
054AA:  MOVFF  EF,7AB
054AE:  CALL   0EC0
054B2:  MOVFF  03,11F
054B6:  MOVFF  02,11E
054BA:  MOVFF  01,11D
054BE:  MOVFF  00,11C
....................             set_adc_channel(vMon3V6X);
054C2:  MOVLB  F
054C4:  MOVF   x5A,W
054C6:  ANDLW  3F
054C8:  MOVWF  01
054CA:  MOVLW  11
054CC:  MOVWF  x5A
054CE:  BTFSS  x5B.7
054D0:  BRA    54E0
054D2:  MOVF   01,W
054D4:  SUBLW  11
054D6:  BZ    54E0
054D8:  BSF    x5B.0
054DA:  NOP   
054DC:  BTFSC  x5B.0
054DE:  BRA    54DC
....................             delay_ms(10);
054E0:  MOVLW  0A
054E2:  MOVLB  7
054E4:  MOVWF  x5C
054E6:  MOVLB  0
054E8:  CALL   0516
....................             read_adc(ADC_START_ONLY);
054EC:  MOVLB  F
054EE:  BSF    x5B.0
054F0:  NOP   
....................             state = 4;
054F2:  MOVLW  04
054F4:  MOVLB  1
054F6:  MOVWF  xFB
....................          break;
054F8:  BRA    573E
....................          
....................          case 4:     // vMon3V6X
....................             monitorVals.v3V6X = read_adc(ADC_READ_ONLY) * monCal.v3V6X[1] + monCal.v3V6X[0];
054FA:  MOVLB  F
054FC:  BTFSC  x5B.0
054FE:  BRA    54FC
05500:  MOVFF  F5F,02
05504:  MOVFF  F5E,01
05508:  MOVFF  02,74E
0550C:  MOVFF  01,74D
05510:  MOVFF  02,7A8
05514:  MOVFF  01,7A7
05518:  MOVLB  0
0551A:  CALL   2E74
0551E:  MOVFF  03,7A6
05522:  MOVFF  02,7A5
05526:  MOVFF  01,7A4
0552A:  MOVFF  00,7A3
0552E:  MOVFF  FE,7AA
05532:  MOVFF  FD,7A9
05536:  MOVFF  FC,7A8
0553A:  MOVFF  FB,7A7
0553E:  CALL   11FA
05542:  MOVFF  03,750
05546:  MOVFF  02,74F
0554A:  MOVFF  01,74E
0554E:  MOVFF  00,74D
05552:  BCF    FD8.1
05554:  MOVFF  03,7AA
05558:  MOVFF  02,7A9
0555C:  MOVFF  01,7A8
05560:  MOVFF  00,7A7
05564:  MOVFF  FA,7AE
05568:  MOVFF  F9,7AD
0556C:  MOVFF  F8,7AC
05570:  MOVFF  F7,7AB
05574:  CALL   0EC0
05578:  MOVFF  03,123
0557C:  MOVFF  02,122
05580:  MOVFF  01,121
05584:  MOVFF  00,120
....................             set_adc_channel(vMon3V3A);
05588:  MOVLB  F
0558A:  MOVF   x5A,W
0558C:  ANDLW  3F
0558E:  MOVWF  01
05590:  MOVLW  1B
05592:  MOVWF  x5A
05594:  BTFSS  x5B.7
05596:  BRA    55A6
05598:  MOVF   01,W
0559A:  SUBLW  1B
0559C:  BZ    55A6
0559E:  BSF    x5B.0
055A0:  NOP   
055A2:  BTFSC  x5B.0
055A4:  BRA    55A2
....................             delay_ms(10);
055A6:  MOVLW  0A
055A8:  MOVLB  7
055AA:  MOVWF  x5C
055AC:  MOVLB  0
055AE:  CALL   0516
....................             read_adc(ADC_START_ONLY);
055B2:  MOVLB  F
055B4:  BSF    x5B.0
055B6:  NOP   
....................             state = 5;
055B8:  MOVLW  05
055BA:  MOVLB  1
055BC:  MOVWF  xFB
....................          break;
055BE:  BRA    573E
....................          
....................          case 5:     // vMon3V3A
....................             monitorVals.v3V3A = read_adc(ADC_READ_ONLY) * monCal.v3V3A[1] + monCal.v3V3A[0];
055C0:  MOVLB  F
055C2:  BTFSC  x5B.0
055C4:  BRA    55C2
055C6:  MOVFF  F5F,02
055CA:  MOVFF  F5E,01
055CE:  MOVFF  02,74E
055D2:  MOVFF  01,74D
055D6:  MOVFF  02,7A8
055DA:  MOVFF  01,7A7
055DE:  MOVLB  0
055E0:  CALL   2E74
055E4:  MOVFF  03,7A6
055E8:  MOVFF  02,7A5
055EC:  MOVFF  01,7A4
055F0:  MOVFF  00,7A3
055F4:  MOVFF  106,7AA
055F8:  MOVFF  105,7A9
055FC:  MOVFF  104,7A8
05600:  MOVFF  103,7A7
05604:  CALL   11FA
05608:  MOVFF  03,750
0560C:  MOVFF  02,74F
05610:  MOVFF  01,74E
05614:  MOVFF  00,74D
05618:  BCF    FD8.1
0561A:  MOVFF  03,7AA
0561E:  MOVFF  02,7A9
05622:  MOVFF  01,7A8
05626:  MOVFF  00,7A7
0562A:  MOVFF  102,7AE
0562E:  MOVFF  101,7AD
05632:  MOVFF  100,7AC
05636:  MOVFF  FF,7AB
0563A:  CALL   0EC0
0563E:  MOVFF  03,127
05642:  MOVFF  02,126
05646:  MOVFF  01,125
0564A:  MOVFF  00,124
....................             set_adc_channel(vMon3V3D);
0564E:  MOVLB  F
05650:  MOVF   x5A,W
05652:  ANDLW  3F
05654:  MOVWF  01
05656:  MOVLW  1A
05658:  MOVWF  x5A
0565A:  BTFSS  x5B.7
0565C:  BRA    566C
0565E:  MOVF   01,W
05660:  SUBLW  1A
05662:  BZ    566C
05664:  BSF    x5B.0
05666:  NOP   
05668:  BTFSC  x5B.0
0566A:  BRA    5668
....................             delay_ms(10);
0566C:  MOVLW  0A
0566E:  MOVLB  7
05670:  MOVWF  x5C
05672:  MOVLB  0
05674:  CALL   0516
....................             read_adc(ADC_START_ONLY);
05678:  MOVLB  F
0567A:  BSF    x5B.0
0567C:  NOP   
....................             state = 6;
0567E:  MOVLW  06
05680:  MOVLB  1
05682:  MOVWF  xFB
....................          break;
05684:  BRA    573E
....................          
....................          case 6:    // vMon3V3D
....................             monitorVals.v3V3D = read_adc(ADC_READ_ONLY) * monCal.v3V3D[1] + monCal.v3V3D[0];
05686:  MOVLB  F
05688:  BTFSC  x5B.0
0568A:  BRA    5688
0568C:  MOVFF  F5F,02
05690:  MOVFF  F5E,01
05694:  MOVFF  02,74E
05698:  MOVFF  01,74D
0569C:  MOVFF  02,7A8
056A0:  MOVFF  01,7A7
056A4:  MOVLB  0
056A6:  CALL   2E74
056AA:  MOVFF  03,7A6
056AE:  MOVFF  02,7A5
056B2:  MOVFF  01,7A4
056B6:  MOVFF  00,7A3
056BA:  MOVFF  10E,7AA
056BE:  MOVFF  10D,7A9
056C2:  MOVFF  10C,7A8
056C6:  MOVFF  10B,7A7
056CA:  CALL   11FA
056CE:  MOVFF  03,750
056D2:  MOVFF  02,74F
056D6:  MOVFF  01,74E
056DA:  MOVFF  00,74D
056DE:  BCF    FD8.1
056E0:  MOVFF  03,7AA
056E4:  MOVFF  02,7A9
056E8:  MOVFF  01,7A8
056EC:  MOVFF  00,7A7
056F0:  MOVFF  10A,7AE
056F4:  MOVFF  109,7AD
056F8:  MOVFF  108,7AC
056FC:  MOVFF  107,7AB
05700:  CALL   0EC0
05704:  MOVFF  03,12B
05708:  MOVFF  02,12A
0570C:  MOVFF  01,129
05710:  MOVFF  00,128
....................             set_adc_channel(vMonN15);
05714:  MOVLB  F
05716:  MOVF   x5A,W
05718:  ANDLW  3F
0571A:  MOVWF  01
0571C:  MOVLW  06
0571E:  MOVWF  x5A
05720:  BTFSS  x5B.7
05722:  BRA    5732
05724:  MOVF   01,W
05726:  SUBLW  06
05728:  BZ    5732
0572A:  BSF    x5B.0
0572C:  NOP   
0572E:  BTFSC  x5B.0
05730:  BRA    572E
....................             read_adc(ADC_START_ONLY);
05732:  BSF    x5B.0
05734:  NOP   
....................             state = 0;
05736:  MOVLB  1
05738:  CLRF   xFB
....................          break;   
0573A:  BRA    573E
0573C:  MOVLB  1
0573E:  MOVLB  F
....................       }
....................    }
05740:  MOVLB  0
05742:  GOTO   B866 (RETURN)
.................... }
.................... /*****************************************************************************/
.................... /* PROCESS ADC SENSOR DATA                                                   */
.................... /*****************************************************************************/
.................... void sensor_process_data(int8 ch){
....................    adcVals[ch].sinLast = adcVals[ch].sinCounts;
*
03E58:  MOVLB  7
03E5A:  MOVF   x60,W
03E5C:  MULLW  26
03E5E:  MOVF   FF3,W
03E60:  CLRF   x6A
03E62:  MOVWF  x69
03E64:  MOVLW  10
03E66:  ADDWF  x69,W
03E68:  MOVWF  01
03E6A:  MOVLW  00
03E6C:  ADDWFC x6A,W
03E6E:  MOVWF  03
03E70:  MOVF   01,W
03E72:  ADDLW  2C
03E74:  MOVWF  01
03E76:  MOVLW  01
03E78:  ADDWFC 03,F
03E7A:  MOVFF  01,769
03E7E:  MOVFF  03,76A
03E82:  MOVF   x60,W
03E84:  MULLW  26
03E86:  MOVF   FF3,W
03E88:  CLRF   x6C
03E8A:  MOVWF  x6B
03E8C:  MOVLW  08
03E8E:  ADDWF  x6B,W
03E90:  MOVWF  01
03E92:  MOVLW  00
03E94:  ADDWFC x6C,W
03E96:  MOVWF  03
03E98:  MOVF   01,W
03E9A:  ADDLW  2C
03E9C:  MOVWF  FE9
03E9E:  MOVLW  01
03EA0:  ADDWFC 03,W
03EA2:  MOVWF  FEA
03EA4:  MOVFF  FEF,00
03EA8:  MOVFF  FEC,01
03EAC:  MOVFF  FEC,02
03EB0:  MOVFF  FEC,03
03EB4:  MOVFF  76A,FEA
03EB8:  MOVFF  769,FE9
03EBC:  MOVFF  00,FEF
03EC0:  MOVFF  01,FEC
03EC4:  MOVFF  02,FEC
03EC8:  MOVFF  03,FEC
....................    adcVals[ch].cosLast = adcVals[ch].cosCounts;
03ECC:  MOVF   x60,W
03ECE:  MULLW  26
03ED0:  MOVF   FF3,W
03ED2:  CLRF   x6A
03ED4:  MOVWF  x69
03ED6:  MOVLW  14
03ED8:  ADDWF  x69,W
03EDA:  MOVWF  01
03EDC:  MOVLW  00
03EDE:  ADDWFC x6A,W
03EE0:  MOVWF  03
03EE2:  MOVF   01,W
03EE4:  ADDLW  2C
03EE6:  MOVWF  01
03EE8:  MOVLW  01
03EEA:  ADDWFC 03,F
03EEC:  MOVFF  01,769
03EF0:  MOVFF  03,76A
03EF4:  MOVF   x60,W
03EF6:  MULLW  26
03EF8:  MOVF   FF3,W
03EFA:  CLRF   x6C
03EFC:  MOVWF  x6B
03EFE:  MOVLW  0C
03F00:  ADDWF  x6B,W
03F02:  MOVWF  01
03F04:  MOVLW  00
03F06:  ADDWFC x6C,W
03F08:  MOVWF  03
03F0A:  MOVF   01,W
03F0C:  ADDLW  2C
03F0E:  MOVWF  FE9
03F10:  MOVLW  01
03F12:  ADDWFC 03,W
03F14:  MOVWF  FEA
03F16:  MOVFF  FEF,00
03F1A:  MOVFF  FEC,01
03F1E:  MOVFF  FEC,02
03F22:  MOVFF  FEC,03
03F26:  MOVFF  76A,FEA
03F2A:  MOVFF  769,FE9
03F2E:  MOVFF  00,FEF
03F32:  MOVFF  01,FEC
03F36:  MOVFF  02,FEC
03F3A:  MOVFF  03,FEC
....................    
....................    adcVals[ch].sinRaw = (float)smData[ch].avgSin;
03F3E:  MOVF   x60,W
03F40:  MULLW  26
03F42:  MOVF   FF3,W
03F44:  CLRF   x6A
03F46:  MOVWF  x69
03F48:  MOVLW  2C
03F4A:  ADDWF  x69,W
03F4C:  MOVWF  01
03F4E:  MOVLW  01
03F50:  ADDWFC x6A,W
03F52:  MOVWF  03
03F54:  MOVFF  01,76B
03F58:  MOVWF  x6C
03F5A:  MOVF   x60,W
03F5C:  MULLW  09
03F5E:  MOVF   FF3,W
03F60:  CLRF   x6E
03F62:  MOVWF  x6D
03F64:  MOVLW  01
03F66:  ADDWF  x6D,W
03F68:  MOVWF  01
03F6A:  MOVLW  00
03F6C:  ADDWFC x6E,W
03F6E:  MOVWF  03
03F70:  MOVF   01,W
03F72:  ADDLW  E9
03F74:  MOVWF  FE9
03F76:  MOVLW  01
03F78:  ADDWFC 03,W
03F7A:  MOVWF  FEA
03F7C:  MOVFF  FEF,76D
03F80:  MOVFF  FEC,01
03F84:  MOVFF  FEC,02
03F88:  MOVFF  FEC,03
03F8C:  MOVFF  03,770
03F90:  MOVFF  02,76F
03F94:  MOVFF  01,76E
03F98:  MOVLB  0
03F9A:  CALL   2490
03F9E:  MOVFF  76C,FEA
03FA2:  MOVFF  76B,FE9
03FA6:  MOVFF  00,FEF
03FAA:  MOVFF  01,FEC
03FAE:  MOVFF  02,FEC
03FB2:  MOVFF  03,FEC
....................    adcVals[ch].cosRaw = (float)smData[ch].avgCos;
03FB6:  MOVLB  7
03FB8:  MOVF   x60,W
03FBA:  MULLW  26
03FBC:  MOVF   FF3,W
03FBE:  CLRF   x6A
03FC0:  MOVWF  x69
03FC2:  MOVLW  04
03FC4:  ADDWF  x69,W
03FC6:  MOVWF  01
03FC8:  MOVLW  00
03FCA:  ADDWFC x6A,W
03FCC:  MOVWF  03
03FCE:  MOVF   01,W
03FD0:  ADDLW  2C
03FD2:  MOVWF  01
03FD4:  MOVLW  01
03FD6:  ADDWFC 03,F
03FD8:  MOVFF  01,769
03FDC:  MOVFF  03,76A
03FE0:  MOVF   x60,W
03FE2:  MULLW  09
03FE4:  MOVF   FF3,W
03FE6:  CLRF   x6C
03FE8:  MOVWF  x6B
03FEA:  MOVLW  05
03FEC:  ADDWF  x6B,W
03FEE:  MOVWF  01
03FF0:  MOVLW  00
03FF2:  ADDWFC x6C,W
03FF4:  MOVWF  03
03FF6:  MOVF   01,W
03FF8:  ADDLW  E9
03FFA:  MOVWF  FE9
03FFC:  MOVLW  01
03FFE:  ADDWFC 03,W
04000:  MOVWF  FEA
04002:  MOVFF  FEF,76D
04006:  MOVFF  FEC,01
0400A:  MOVFF  FEC,02
0400E:  MOVFF  FEC,03
04012:  MOVFF  03,770
04016:  MOVFF  02,76F
0401A:  MOVFF  01,76E
0401E:  MOVLB  0
04020:  CALL   2490
04024:  MOVFF  76A,FEA
04028:  MOVFF  769,FE9
0402C:  MOVFF  00,FEF
04030:  MOVFF  01,FEC
04034:  MOVFF  02,FEC
04038:  MOVFF  03,FEC
....................    
....................    adcVals[ch].sinCounts = adcVals[ch].sinRaw * adcCal[ch].sinGain + adcCal[ch].sinOS;
0403C:  MOVLB  7
0403E:  MOVF   x60,W
04040:  MULLW  26
04042:  MOVF   FF3,W
04044:  CLRF   x6A
04046:  MOVWF  x69
04048:  MOVLW  08
0404A:  ADDWF  x69,W
0404C:  MOVWF  01
0404E:  MOVLW  00
04050:  ADDWFC x6A,W
04052:  MOVWF  03
04054:  MOVF   01,W
04056:  ADDLW  2C
04058:  MOVWF  01
0405A:  MOVLW  01
0405C:  ADDWFC 03,F
0405E:  MOVFF  01,769
04062:  MOVFF  03,76A
04066:  MOVF   x60,W
04068:  MULLW  26
0406A:  MOVF   FF3,W
0406C:  CLRF   x6C
0406E:  MOVWF  x6B
04070:  MOVLW  2C
04072:  ADDWF  x6B,W
04074:  MOVWF  FE9
04076:  MOVLW  01
04078:  ADDWFC x6C,W
0407A:  MOVWF  FEA
0407C:  MOVFF  FEF,7A3
04080:  MOVFF  FEC,7A4
04084:  MOVFF  FEC,7A5
04088:  MOVFF  FEC,7A6
0408C:  MOVF   x60,W
0408E:  MULLW  10
04090:  MOVF   FF3,W
04092:  CLRF   x72
04094:  MOVWF  x71
04096:  MOVLW  08
04098:  ADDWF  x71,W
0409A:  MOVWF  01
0409C:  MOVLW  00
0409E:  ADDWFC x72,W
040A0:  MOVWF  03
040A2:  MOVF   01,W
040A4:  ADDLW  87
040A6:  MOVWF  FE9
040A8:  MOVLW  00
040AA:  ADDWFC 03,W
040AC:  MOVWF  FEA
040AE:  MOVFF  FEF,7A7
040B2:  MOVFF  FEC,01
040B6:  MOVFF  FEC,02
040BA:  MOVFF  FEC,03
040BE:  MOVFF  03,7AA
040C2:  MOVFF  02,7A9
040C6:  MOVFF  01,7A8
040CA:  MOVLB  0
040CC:  CALL   11FA
040D0:  MOVFF  03,7AA
040D4:  MOVFF  02,7A9
040D8:  MOVFF  01,7A8
040DC:  MOVFF  00,7A7
040E0:  MOVLB  7
040E2:  MOVF   x60,W
040E4:  MULLW  10
040E6:  MOVF   FF3,W
040E8:  CLRF   x72
040EA:  MOVWF  x71
040EC:  MOVLW  87
040EE:  ADDWF  x71,W
040F0:  MOVWF  FE9
040F2:  MOVLW  00
040F4:  ADDWFC x72,W
040F6:  MOVWF  FEA
040F8:  MOVFF  FEF,7AB
040FC:  MOVFF  FEC,01
04100:  MOVFF  FEC,02
04104:  MOVFF  FEC,03
04108:  BCF    FD8.1
0410A:  MOVFF  03,7AE
0410E:  MOVFF  02,7AD
04112:  MOVFF  01,7AC
04116:  MOVLB  0
04118:  CALL   0EC0
0411C:  MOVFF  76A,FEA
04120:  MOVFF  769,FE9
04124:  MOVFF  00,FEF
04128:  MOVFF  01,FEC
0412C:  MOVFF  02,FEC
04130:  MOVFF  03,FEC
....................    adcVals[ch].cosCounts = adcVals[ch].cosRaw * adcCal[ch].cosGain + adcCal[ch].cosOS;
04134:  MOVLB  7
04136:  MOVF   x60,W
04138:  MULLW  26
0413A:  MOVF   FF3,W
0413C:  CLRF   x6A
0413E:  MOVWF  x69
04140:  MOVLW  0C
04142:  ADDWF  x69,W
04144:  MOVWF  01
04146:  MOVLW  00
04148:  ADDWFC x6A,W
0414A:  MOVWF  03
0414C:  MOVF   01,W
0414E:  ADDLW  2C
04150:  MOVWF  01
04152:  MOVLW  01
04154:  ADDWFC 03,F
04156:  MOVFF  01,769
0415A:  MOVFF  03,76A
0415E:  MOVF   x60,W
04160:  MULLW  26
04162:  MOVF   FF3,W
04164:  CLRF   x6C
04166:  MOVWF  x6B
04168:  MOVLW  04
0416A:  ADDWF  x6B,W
0416C:  MOVWF  01
0416E:  MOVLW  00
04170:  ADDWFC x6C,W
04172:  MOVWF  03
04174:  MOVF   01,W
04176:  ADDLW  2C
04178:  MOVWF  FE9
0417A:  MOVLW  01
0417C:  ADDWFC 03,W
0417E:  MOVWF  FEA
04180:  MOVFF  FEF,7A3
04184:  MOVFF  FEC,7A4
04188:  MOVFF  FEC,7A5
0418C:  MOVFF  FEC,7A6
04190:  MOVF   x60,W
04192:  MULLW  10
04194:  MOVF   FF3,W
04196:  CLRF   x70
04198:  MOVWF  x6F
0419A:  MOVLW  0C
0419C:  ADDWF  x6F,W
0419E:  MOVWF  01
041A0:  MOVLW  00
041A2:  ADDWFC x70,W
041A4:  MOVWF  03
041A6:  MOVF   01,W
041A8:  ADDLW  87
041AA:  MOVWF  FE9
041AC:  MOVLW  00
041AE:  ADDWFC 03,W
041B0:  MOVWF  FEA
041B2:  MOVFF  FEF,7A7
041B6:  MOVFF  FEC,01
041BA:  MOVFF  FEC,02
041BE:  MOVFF  FEC,03
041C2:  MOVFF  03,7AA
041C6:  MOVFF  02,7A9
041CA:  MOVFF  01,7A8
041CE:  MOVLB  0
041D0:  CALL   11FA
041D4:  MOVFF  03,7AA
041D8:  MOVFF  02,7A9
041DC:  MOVFF  01,7A8
041E0:  MOVFF  00,7A7
041E4:  MOVLB  7
041E6:  MOVF   x60,W
041E8:  MULLW  10
041EA:  MOVF   FF3,W
041EC:  CLRF   x70
041EE:  MOVWF  x6F
041F0:  MOVLW  04
041F2:  ADDWF  x6F,W
041F4:  MOVWF  01
041F6:  MOVLW  00
041F8:  ADDWFC x70,W
041FA:  MOVWF  03
041FC:  MOVF   01,W
041FE:  ADDLW  87
04200:  MOVWF  FE9
04202:  MOVLW  00
04204:  ADDWFC 03,W
04206:  MOVWF  FEA
04208:  MOVFF  FEF,7AB
0420C:  MOVFF  FEC,01
04210:  MOVFF  FEC,02
04214:  MOVFF  FEC,03
04218:  BCF    FD8.1
0421A:  MOVFF  03,7AE
0421E:  MOVFF  02,7AD
04222:  MOVFF  01,7AC
04226:  MOVLB  0
04228:  CALL   0EC0
0422C:  MOVFF  76A,FEA
04230:  MOVFF  769,FE9
04234:  MOVFF  00,FEF
04238:  MOVFF  01,FEC
0423C:  MOVFF  02,FEC
04240:  MOVFF  03,FEC
....................    float pTmp = 0;
....................    float polePitch = magPP;
04244:  MOVLB  7
04246:  CLRF   x64
04248:  CLRF   x63
0424A:  CLRF   x62
0424C:  CLRF   x61
0424E:  CLRF   x68
04250:  CLRF   x67
04252:  CLRF   x66
04254:  MOVLW  7F
04256:  MOVWF  x65
....................    
....................    if (adcVals[ch].cosCounts < 0){
04258:  MOVF   x60,W
0425A:  MULLW  26
0425C:  MOVF   FF3,W
0425E:  CLRF   x6A
04260:  MOVWF  x69
04262:  MOVLW  0C
04264:  ADDWF  x69,W
04266:  MOVWF  01
04268:  MOVLW  00
0426A:  ADDWFC x6A,W
0426C:  MOVWF  03
0426E:  MOVF   01,W
04270:  ADDLW  2C
04272:  MOVWF  FE9
04274:  MOVLW  01
04276:  ADDWFC 03,W
04278:  MOVWF  FEA
0427A:  MOVFF  FEF,7A3
0427E:  MOVFF  FEC,7A4
04282:  MOVFF  FEC,7A5
04286:  MOVFF  FEC,7A6
0428A:  CLRF   xAA
0428C:  CLRF   xA9
0428E:  CLRF   xA8
04290:  CLRF   xA7
04292:  MOVLB  0
04294:  CALL   0E46
04298:  BTFSS  FD8.0
0429A:  BRA    4404
....................       if ((adcVals[ch].sinCounts > 0) && (adcVals[ch].sinLast < 0)){
0429C:  MOVLB  7
0429E:  MOVF   x60,W
042A0:  MULLW  26
042A2:  MOVF   FF3,W
042A4:  CLRF   x6A
042A6:  MOVWF  x69
042A8:  MOVLW  08
042AA:  ADDWF  x69,W
042AC:  MOVWF  01
042AE:  MOVLW  00
042B0:  ADDWFC x6A,W
042B2:  MOVWF  03
042B4:  MOVF   01,W
042B6:  ADDLW  2C
042B8:  MOVWF  FE9
042BA:  MOVLW  01
042BC:  ADDWFC 03,W
042BE:  MOVWF  FEA
042C0:  MOVFF  FEF,7A7
042C4:  MOVFF  FEC,76A
042C8:  MOVFF  FEC,7A9
042CC:  MOVFF  FEC,7AA
042D0:  CLRF   xA6
042D2:  CLRF   xA5
042D4:  CLRF   xA4
042D6:  CLRF   xA3
042D8:  MOVFF  76A,7A8
042DC:  MOVLB  0
042DE:  CALL   0E46
042E2:  BNC   4350
042E4:  MOVLB  7
042E6:  MOVF   x60,W
042E8:  MULLW  26
042EA:  MOVF   FF3,W
042EC:  CLRF   x6A
042EE:  MOVWF  x69
042F0:  MOVLW  10
042F2:  ADDWF  x69,W
042F4:  MOVWF  01
042F6:  MOVLW  00
042F8:  ADDWFC x6A,W
042FA:  MOVWF  03
042FC:  MOVF   01,W
042FE:  ADDLW  2C
04300:  MOVWF  FE9
04302:  MOVLW  01
04304:  ADDWFC 03,W
04306:  MOVWF  FEA
04308:  MOVFF  FEF,7A3
0430C:  MOVFF  FEC,7A4
04310:  MOVFF  FEC,7A5
04314:  MOVFF  FEC,7A6
04318:  CLRF   xAA
0431A:  CLRF   xA9
0431C:  CLRF   xA8
0431E:  CLRF   xA7
04320:  MOVLB  0
04322:  CALL   0E46
04326:  BNC   4350
....................          adcVals[ch].npoles--;
04328:  MOVLB  7
0432A:  MOVF   x60,W
0432C:  MULLW  26
0432E:  MOVF   FF3,W
04330:  CLRF   x6A
04332:  MOVWF  x69
04334:  MOVLW  1C
04336:  ADDWF  x69,W
04338:  MOVWF  01
0433A:  MOVLW  00
0433C:  ADDWFC x6A,W
0433E:  MOVWF  03
04340:  MOVF   01,W
04342:  ADDLW  2C
04344:  MOVWF  FE9
04346:  MOVLW  01
04348:  ADDWFC 03,W
0434A:  MOVWF  FEA
0434C:  DECF   FEF,F
....................       }
0434E:  BRA    4402
....................       else if ((adcVals[ch].sinCounts < 0) && (adcVals[ch].sinLast > 0)){
04350:  MOVLB  7
04352:  MOVF   x60,W
04354:  MULLW  26
04356:  MOVF   FF3,W
04358:  CLRF   x6A
0435A:  MOVWF  x69
0435C:  MOVLW  08
0435E:  ADDWF  x69,W
04360:  MOVWF  01
04362:  MOVLW  00
04364:  ADDWFC x6A,W
04366:  MOVWF  03
04368:  MOVF   01,W
0436A:  ADDLW  2C
0436C:  MOVWF  FE9
0436E:  MOVLW  01
04370:  ADDWFC 03,W
04372:  MOVWF  FEA
04374:  MOVFF  FEF,7A3
04378:  MOVFF  FEC,76A
0437C:  MOVFF  FEC,7A5
04380:  MOVFF  FEC,7A6
04384:  MOVFF  76A,7A4
04388:  CLRF   xAA
0438A:  CLRF   xA9
0438C:  CLRF   xA8
0438E:  CLRF   xA7
04390:  MOVLB  0
04392:  CALL   0E46
04396:  BNC   4404
04398:  MOVLB  7
0439A:  MOVF   x60,W
0439C:  MULLW  26
0439E:  MOVF   FF3,W
043A0:  CLRF   x6A
043A2:  MOVWF  x69
043A4:  MOVLW  10
043A6:  ADDWF  x69,W
043A8:  MOVWF  01
043AA:  MOVLW  00
043AC:  ADDWFC x6A,W
043AE:  MOVWF  03
043B0:  MOVF   01,W
043B2:  ADDLW  2C
043B4:  MOVWF  FE9
043B6:  MOVLW  01
043B8:  ADDWFC 03,W
043BA:  MOVWF  FEA
043BC:  MOVFF  FEF,7A7
043C0:  MOVFF  FEC,7A8
043C4:  MOVFF  FEC,7A9
043C8:  MOVFF  FEC,7AA
043CC:  CLRF   xA6
043CE:  CLRF   xA5
043D0:  CLRF   xA4
043D2:  CLRF   xA3
043D4:  MOVLB  0
043D6:  CALL   0E46
043DA:  BNC   4404
....................          adcVals[ch].npoles++;
043DC:  MOVLB  7
043DE:  MOVF   x60,W
043E0:  MULLW  26
043E2:  MOVF   FF3,W
043E4:  CLRF   x6A
043E6:  MOVWF  x69
043E8:  MOVLW  1C
043EA:  ADDWF  x69,W
043EC:  MOVWF  01
043EE:  MOVLW  00
043F0:  ADDWFC x6A,W
043F2:  MOVWF  03
043F4:  MOVF   01,W
043F6:  ADDLW  2C
043F8:  MOVWF  FE9
043FA:  MOVLW  01
043FC:  ADDWFC 03,W
043FE:  MOVWF  FEA
04400:  INCF   FEF,F
04402:  MOVLB  0
....................       }
....................    }
....................    
....................    adcVals[ch].p0 = polePitch * ( 1000 / (2*PI) ) * atan2( (float)adcVals[ch].sinCounts, (float)adcVals[ch].cosCounts );
04404:  MOVLB  7
04406:  MOVF   x60,W
04408:  MULLW  26
0440A:  MOVF   FF3,W
0440C:  CLRF   x6A
0440E:  MOVWF  x69
04410:  MOVLW  18
04412:  ADDWF  x69,W
04414:  MOVWF  01
04416:  MOVLW  00
04418:  ADDWFC x6A,W
0441A:  MOVWF  03
0441C:  MOVF   01,W
0441E:  ADDLW  2C
04420:  MOVWF  01
04422:  MOVLW  01
04424:  ADDWFC 03,F
04426:  MOVFF  01,769
0442A:  MOVFF  03,76A
0442E:  MOVFF  768,7A6
04432:  MOVFF  767,7A5
04436:  MOVFF  766,7A4
0443A:  MOVFF  765,7A3
0443E:  MOVLW  AA
04440:  MOVWF  xAA
04442:  MOVLW  27
04444:  MOVWF  xA9
04446:  MOVLW  1F
04448:  MOVWF  xA8
0444A:  MOVLW  86
0444C:  MOVWF  xA7
0444E:  MOVLB  0
04450:  CALL   11FA
04454:  MOVFF  03,76E
04458:  MOVFF  02,76D
0445C:  MOVFF  01,76C
04460:  MOVFF  00,76B
04464:  MOVLB  7
04466:  MOVF   x60,W
04468:  MULLW  26
0446A:  MOVF   FF3,W
0446C:  CLRF   x70
0446E:  MOVWF  x6F
04470:  MOVLW  08
04472:  ADDWF  x6F,W
04474:  MOVWF  01
04476:  MOVLW  00
04478:  ADDWFC x70,W
0447A:  MOVWF  03
0447C:  MOVF   01,W
0447E:  ADDLW  2C
04480:  MOVWF  FE9
04482:  MOVLW  01
04484:  ADDWFC 03,W
04486:  MOVWF  FEA
04488:  MOVFF  FEF,76F
0448C:  MOVFF  FEC,770
04490:  MOVFF  FEC,771
04494:  MOVFF  FEC,772
04498:  MOVF   x60,W
0449A:  MULLW  26
0449C:  MOVF   FF3,W
0449E:  CLRF   x74
044A0:  MOVWF  x73
044A2:  MOVLW  0C
044A4:  ADDWF  x73,W
044A6:  MOVWF  01
044A8:  MOVLW  00
044AA:  ADDWFC x74,W
044AC:  MOVWF  03
044AE:  MOVF   01,W
044B0:  ADDLW  2C
044B2:  MOVWF  FE9
044B4:  MOVLW  01
044B6:  ADDWFC 03,W
044B8:  MOVWF  FEA
044BA:  MOVFF  FEF,00
044BE:  MOVFF  FEC,01
044C2:  MOVFF  FEC,02
044C6:  MOVFF  FEC,03
044CA:  MOVFF  03,776
044CE:  MOVFF  02,775
044D2:  MOVFF  01,774
044D6:  MOVFF  00,773
044DA:  MOVFF  772,77A
044DE:  MOVFF  771,779
044E2:  MOVFF  770,778
044E6:  MOVFF  76F,777
044EA:  MOVFF  03,77E
044EE:  MOVFF  02,77D
044F2:  MOVFF  01,77C
044F6:  MOVFF  00,77B
044FA:  MOVLB  0
044FC:  GOTO   2B76
04500:  MOVFF  76E,7A6
04504:  MOVFF  76D,7A5
04508:  MOVFF  76C,7A4
0450C:  MOVFF  76B,7A3
04510:  MOVFF  03,7AA
04514:  MOVFF  02,7A9
04518:  MOVFF  01,7A8
0451C:  MOVFF  00,7A7
04520:  CALL   11FA
04524:  MOVFF  76A,FEA
04528:  MOVFF  769,FE9
0452C:  MOVFF  00,FEF
04530:  MOVFF  01,FEC
04534:  MOVFF  02,FEC
04538:  MOVFF  03,FEC
....................    pTmp = adcVals[ch].p0 + ( 1000 * polePitch * (float)adcVals[ch].npoles );
0453C:  MOVLB  7
0453E:  MOVF   x60,W
04540:  MULLW  26
04542:  MOVF   FF3,W
04544:  CLRF   x6A
04546:  MOVWF  x69
04548:  MOVLW  18
0454A:  ADDWF  x69,W
0454C:  MOVWF  01
0454E:  MOVLW  00
04550:  ADDWFC x6A,W
04552:  MOVWF  03
04554:  MOVF   01,W
04556:  ADDLW  2C
04558:  MOVWF  FE9
0455A:  MOVLW  01
0455C:  ADDWFC 03,W
0455E:  MOVWF  FEA
04560:  MOVFF  FEF,769
04564:  MOVFF  FEC,76A
04568:  MOVFF  FEC,76B
0456C:  MOVFF  FEC,76C
04570:  CLRF   xA6
04572:  CLRF   xA5
04574:  MOVLW  7A
04576:  MOVWF  xA4
04578:  MOVLW  88
0457A:  MOVWF  xA3
0457C:  MOVFF  768,7AA
04580:  MOVFF  767,7A9
04584:  MOVFF  766,7A8
04588:  MOVFF  765,7A7
0458C:  MOVLB  0
0458E:  CALL   11FA
04592:  MOVFF  03,770
04596:  MOVFF  02,76F
0459A:  MOVFF  01,76E
0459E:  MOVFF  00,76D
045A2:  MOVLB  7
045A4:  MOVF   x60,W
045A6:  MULLW  26
045A8:  MOVF   FF3,W
045AA:  CLRF   x72
045AC:  MOVWF  x71
045AE:  MOVLW  1C
045B0:  ADDWF  x71,W
045B2:  MOVWF  01
045B4:  MOVLW  00
045B6:  ADDWFC x72,W
045B8:  MOVWF  03
045BA:  MOVF   01,W
045BC:  ADDLW  2C
045BE:  MOVWF  FE9
045C0:  MOVLW  01
045C2:  ADDWFC 03,W
045C4:  MOVWF  FEA
045C6:  MOVF   FEF,W
045C8:  CLRF   x9A
045CA:  MOVWF  x99
045CC:  BTFSC  x99.7
045CE:  DECF   x9A,F
045D0:  MOVLB  0
045D2:  CALL   2E24
045D6:  MOVFF  770,7A6
045DA:  MOVFF  76F,7A5
045DE:  MOVFF  76E,7A4
045E2:  MOVFF  76D,7A3
045E6:  MOVFF  03,7AA
045EA:  MOVFF  02,7A9
045EE:  MOVFF  01,7A8
045F2:  MOVFF  00,7A7
045F6:  CALL   11FA
045FA:  MOVFF  FEA,76E
045FE:  MOVFF  FE9,76D
04602:  BCF    FD8.1
04604:  MOVFF  76C,7AA
04608:  MOVFF  76B,7A9
0460C:  MOVFF  76A,7A8
04610:  MOVFF  769,7A7
04614:  MOVFF  03,7AE
04618:  MOVFF  02,7AD
0461C:  MOVFF  01,7AC
04620:  MOVFF  00,7AB
04624:  CALL   0EC0
04628:  MOVFF  76E,FEA
0462C:  MOVFF  76D,FE9
04630:  MOVFF  03,764
04634:  MOVFF  02,763
04638:  MOVFF  01,762
0463C:  MOVFF  00,761
....................    
....................    adcVals[ch].pReal = sc[ch].c5*pow(pTmp,5) + sc[ch].c4*pow(pTmp,4) + sc[ch].c3*pow(pTmp,3) + sc[ch].c2*pow(pTmp,2) + sc[ch].c1*(pTmp) + sc[ch].c0;
04640:  MOVLB  7
04642:  MOVF   x60,W
04644:  MULLW  26
04646:  MOVF   FF3,W
04648:  CLRF   x6A
0464A:  MOVWF  x69
0464C:  MOVLW  1D
0464E:  ADDWF  x69,W
04650:  MOVWF  01
04652:  MOVLW  00
04654:  ADDWFC x6A,W
04656:  MOVWF  03
04658:  MOVF   01,W
0465A:  ADDLW  2C
0465C:  MOVWF  01
0465E:  MOVLW  01
04660:  ADDWFC 03,F
04662:  MOVFF  01,769
04666:  MOVFF  03,76A
0466A:  MOVF   x60,W
0466C:  MULLW  18
0466E:  MOVF   FF3,W
04670:  CLRF   x6C
04672:  MOVWF  x6B
04674:  MOVLW  14
04676:  ADDWF  x6B,W
04678:  MOVWF  01
0467A:  MOVLW  00
0467C:  ADDWFC x6C,W
0467E:  MOVWF  03
04680:  MOVF   01,W
04682:  ADDLW  A7
04684:  MOVWF  FE9
04686:  MOVLW  00
04688:  ADDWFC 03,W
0468A:  MOVWF  FEA
0468C:  MOVFF  FEF,76B
04690:  MOVFF  FEC,76C
04694:  MOVFF  FEC,76D
04698:  MOVFF  FEC,76E
0469C:  MOVFF  764,77A
046A0:  MOVFF  763,779
046A4:  MOVFF  762,778
046A8:  MOVFF  761,777
046AC:  CLRF   x7E
046AE:  CLRF   x7D
046B0:  MOVLW  20
046B2:  MOVWF  x7C
046B4:  MOVLW  81
046B6:  MOVWF  x7B
046B8:  MOVLB  0
046BA:  CALL   3B5A
046BE:  MOVFF  76E,7A6
046C2:  MOVFF  76D,7A5
046C6:  MOVFF  76C,7A4
046CA:  MOVFF  76B,7A3
046CE:  MOVFF  03,7AA
046D2:  MOVFF  02,7A9
046D6:  MOVFF  01,7A8
046DA:  MOVFF  00,7A7
046DE:  CALL   11FA
046E2:  MOVFF  03,76E
046E6:  MOVFF  02,76D
046EA:  MOVFF  01,76C
046EE:  MOVFF  00,76B
046F2:  MOVLB  7
046F4:  MOVF   x60,W
046F6:  MULLW  18
046F8:  MOVF   FF3,W
046FA:  CLRF   x70
046FC:  MOVWF  x6F
046FE:  MOVLW  10
04700:  ADDWF  x6F,W
04702:  MOVWF  01
04704:  MOVLW  00
04706:  ADDWFC x70,W
04708:  MOVWF  03
0470A:  MOVF   01,W
0470C:  ADDLW  A7
0470E:  MOVWF  FE9
04710:  MOVLW  00
04712:  ADDWFC 03,W
04714:  MOVWF  FEA
04716:  MOVFF  FEF,76F
0471A:  MOVFF  FEC,770
0471E:  MOVFF  FEC,771
04722:  MOVFF  FEC,772
04726:  MOVFF  764,77A
0472A:  MOVFF  763,779
0472E:  MOVFF  762,778
04732:  MOVFF  761,777
04736:  CLRF   x7E
04738:  CLRF   x7D
0473A:  CLRF   x7C
0473C:  MOVLW  81
0473E:  MOVWF  x7B
04740:  MOVLB  0
04742:  CALL   3B5A
04746:  MOVFF  772,7A6
0474A:  MOVFF  771,7A5
0474E:  MOVFF  770,7A4
04752:  MOVFF  76F,7A3
04756:  MOVFF  03,7AA
0475A:  MOVFF  02,7A9
0475E:  MOVFF  01,7A8
04762:  MOVFF  00,7A7
04766:  CALL   11FA
0476A:  MOVFF  FEA,770
0476E:  MOVFF  FE9,76F
04772:  BCF    FD8.1
04774:  MOVFF  76E,7AA
04778:  MOVFF  76D,7A9
0477C:  MOVFF  76C,7A8
04780:  MOVFF  76B,7A7
04784:  MOVFF  03,7AE
04788:  MOVFF  02,7AD
0478C:  MOVFF  01,7AC
04790:  MOVFF  00,7AB
04794:  CALL   0EC0
04798:  MOVFF  770,FEA
0479C:  MOVFF  76F,FE9
047A0:  MOVFF  03,76E
047A4:  MOVFF  02,76D
047A8:  MOVFF  01,76C
047AC:  MOVFF  00,76B
047B0:  MOVLB  7
047B2:  MOVF   x60,W
047B4:  MULLW  18
047B6:  MOVF   FF3,W
047B8:  CLRF   x72
047BA:  MOVWF  x71
047BC:  MOVLW  0C
047BE:  ADDWF  x71,W
047C0:  MOVWF  01
047C2:  MOVLW  00
047C4:  ADDWFC x72,W
047C6:  MOVWF  03
047C8:  MOVF   01,W
047CA:  ADDLW  A7
047CC:  MOVWF  FE9
047CE:  MOVLW  00
047D0:  ADDWFC 03,W
047D2:  MOVWF  FEA
047D4:  MOVFF  FEF,771
047D8:  MOVFF  FEC,772
047DC:  MOVFF  FEC,773
047E0:  MOVFF  FEC,774
047E4:  MOVFF  764,77A
047E8:  MOVFF  763,779
047EC:  MOVFF  762,778
047F0:  MOVFF  761,777
047F4:  CLRF   x7E
047F6:  CLRF   x7D
047F8:  MOVLW  40
047FA:  MOVWF  x7C
047FC:  MOVLW  80
047FE:  MOVWF  x7B
04800:  MOVLB  0
04802:  CALL   3B5A
04806:  MOVFF  774,7A6
0480A:  MOVFF  773,7A5
0480E:  MOVFF  772,7A4
04812:  MOVFF  771,7A3
04816:  MOVFF  03,7AA
0481A:  MOVFF  02,7A9
0481E:  MOVFF  01,7A8
04822:  MOVFF  00,7A7
04826:  CALL   11FA
0482A:  MOVFF  FEA,772
0482E:  MOVFF  FE9,771
04832:  BCF    FD8.1
04834:  MOVFF  76E,7AA
04838:  MOVFF  76D,7A9
0483C:  MOVFF  76C,7A8
04840:  MOVFF  76B,7A7
04844:  MOVFF  03,7AE
04848:  MOVFF  02,7AD
0484C:  MOVFF  01,7AC
04850:  MOVFF  00,7AB
04854:  CALL   0EC0
04858:  MOVFF  772,FEA
0485C:  MOVFF  771,FE9
04860:  MOVFF  03,76E
04864:  MOVFF  02,76D
04868:  MOVFF  01,76C
0486C:  MOVFF  00,76B
04870:  MOVLB  7
04872:  MOVF   x60,W
04874:  MULLW  18
04876:  MOVF   FF3,W
04878:  CLRF   x74
0487A:  MOVWF  x73
0487C:  MOVLW  08
0487E:  ADDWF  x73,W
04880:  MOVWF  01
04882:  MOVLW  00
04884:  ADDWFC x74,W
04886:  MOVWF  03
04888:  MOVF   01,W
0488A:  ADDLW  A7
0488C:  MOVWF  FE9
0488E:  MOVLW  00
04890:  ADDWFC 03,W
04892:  MOVWF  FEA
04894:  MOVFF  FEF,773
04898:  MOVFF  FEC,774
0489C:  MOVFF  FEC,775
048A0:  MOVFF  FEC,776
048A4:  MOVFF  764,77A
048A8:  MOVFF  763,779
048AC:  MOVFF  762,778
048B0:  MOVFF  761,777
048B4:  CLRF   x7E
048B6:  CLRF   x7D
048B8:  CLRF   x7C
048BA:  MOVLW  80
048BC:  MOVWF  x7B
048BE:  MOVLB  0
048C0:  CALL   3B5A
048C4:  MOVFF  776,7A6
048C8:  MOVFF  775,7A5
048CC:  MOVFF  774,7A4
048D0:  MOVFF  773,7A3
048D4:  MOVFF  03,7AA
048D8:  MOVFF  02,7A9
048DC:  MOVFF  01,7A8
048E0:  MOVFF  00,7A7
048E4:  CALL   11FA
048E8:  MOVFF  FEA,774
048EC:  MOVFF  FE9,773
048F0:  BCF    FD8.1
048F2:  MOVFF  76E,7AA
048F6:  MOVFF  76D,7A9
048FA:  MOVFF  76C,7A8
048FE:  MOVFF  76B,7A7
04902:  MOVFF  03,7AE
04906:  MOVFF  02,7AD
0490A:  MOVFF  01,7AC
0490E:  MOVFF  00,7AB
04912:  CALL   0EC0
04916:  MOVFF  774,FEA
0491A:  MOVFF  773,FE9
0491E:  MOVFF  03,76E
04922:  MOVFF  02,76D
04926:  MOVFF  01,76C
0492A:  MOVFF  00,76B
0492E:  MOVLB  7
04930:  MOVF   x60,W
04932:  MULLW  18
04934:  MOVF   FF3,W
04936:  CLRF   x76
04938:  MOVWF  x75
0493A:  MOVLW  04
0493C:  ADDWF  x75,W
0493E:  MOVWF  01
04940:  MOVLW  00
04942:  ADDWFC x76,W
04944:  MOVWF  03
04946:  MOVF   01,W
04948:  ADDLW  A7
0494A:  MOVWF  FE9
0494C:  MOVLW  00
0494E:  ADDWFC 03,W
04950:  MOVWF  FEA
04952:  MOVFF  FEF,7A3
04956:  MOVFF  FEC,7A4
0495A:  MOVFF  FEC,7A5
0495E:  MOVFF  FEC,778
04962:  MOVFF  778,7A6
04966:  MOVFF  764,7AA
0496A:  MOVFF  763,7A9
0496E:  MOVFF  762,7A8
04972:  MOVFF  761,7A7
04976:  MOVLB  0
04978:  CALL   11FA
0497C:  MOVFF  FEA,776
04980:  MOVFF  FE9,775
04984:  BCF    FD8.1
04986:  MOVFF  76E,7AA
0498A:  MOVFF  76D,7A9
0498E:  MOVFF  76C,7A8
04992:  MOVFF  76B,7A7
04996:  MOVFF  03,7AE
0499A:  MOVFF  02,7AD
0499E:  MOVFF  01,7AC
049A2:  MOVFF  00,7AB
049A6:  CALL   0EC0
049AA:  MOVFF  776,FEA
049AE:  MOVFF  775,FE9
049B2:  MOVFF  03,7AA
049B6:  MOVFF  02,7A9
049BA:  MOVFF  01,7A8
049BE:  MOVFF  00,7A7
049C2:  MOVLB  7
049C4:  MOVF   x60,W
049C6:  MULLW  18
049C8:  MOVF   FF3,W
049CA:  CLRF   x78
049CC:  MOVWF  x77
049CE:  MOVLW  A7
049D0:  ADDWF  x77,W
049D2:  MOVWF  FE9
049D4:  MOVLW  00
049D6:  ADDWFC x78,W
049D8:  MOVWF  FEA
049DA:  MOVFF  FEF,7AB
049DE:  MOVFF  FEC,01
049E2:  MOVFF  FEC,02
049E6:  MOVFF  FEC,03
049EA:  BCF    FD8.1
049EC:  MOVFF  03,7AE
049F0:  MOVFF  02,7AD
049F4:  MOVFF  01,7AC
049F8:  MOVLB  0
049FA:  CALL   0EC0
049FE:  MOVFF  76A,FEA
04A02:  MOVFF  769,FE9
04A06:  MOVFF  00,FEF
04A0A:  MOVFF  01,FEC
04A0E:  MOVFF  02,FEC
04A12:  MOVFF  03,FEC
....................    adcVals[ch].pReal -= adcVals[ch].pHome;
04A16:  MOVLB  7
04A18:  MOVF   x60,W
04A1A:  MULLW  26
04A1C:  MOVF   FF3,W
04A1E:  CLRF   x6A
04A20:  MOVWF  x69
04A22:  MOVLW  1D
04A24:  ADDWF  x69,W
04A26:  MOVWF  01
04A28:  MOVLW  00
04A2A:  ADDWFC x6A,W
04A2C:  MOVWF  03
04A2E:  MOVF   01,W
04A30:  ADDLW  2C
04A32:  MOVWF  01
04A34:  MOVLW  01
04A36:  ADDWFC 03,F
04A38:  MOVFF  01,769
04A3C:  MOVFF  03,76A
04A40:  MOVFF  03,FEA
04A44:  MOVFF  01,FE9
04A48:  MOVFF  FEF,7A7
04A4C:  MOVFF  FEC,7A8
04A50:  MOVFF  FEC,7A9
04A54:  MOVFF  FEC,7AA
04A58:  MOVF   x60,W
04A5A:  MULLW  26
04A5C:  MOVF   FF3,W
04A5E:  CLRF   x70
04A60:  MOVWF  x6F
04A62:  MOVLW  21
04A64:  ADDWF  x6F,W
04A66:  MOVWF  01
04A68:  MOVLW  00
04A6A:  ADDWFC x70,W
04A6C:  MOVWF  03
04A6E:  MOVF   01,W
04A70:  ADDLW  2C
04A72:  MOVWF  FE9
04A74:  MOVLW  01
04A76:  ADDWFC 03,W
04A78:  MOVWF  FEA
04A7A:  MOVFF  FEF,7AB
04A7E:  MOVFF  FEC,01
04A82:  MOVFF  FEC,02
04A86:  MOVFF  FEC,03
04A8A:  BSF    FD8.1
04A8C:  MOVFF  03,7AE
04A90:  MOVFF  02,7AD
04A94:  MOVFF  01,7AC
04A98:  MOVLB  0
04A9A:  CALL   0EC0
04A9E:  MOVFF  76A,FEA
04AA2:  MOVFF  769,FE9
04AA6:  MOVFF  00,FEF
04AAA:  MOVFF  01,FEC
04AAE:  MOVFF  02,FEC
04AB2:  MOVFF  03,FEC
....................    
....................    if (ch == chX) adcVals[ch].pReal *= -1;  // Inner stage magsensor polarity flipped wrt outer stage
04AB6:  MOVLB  7
04AB8:  MOVF   x60,F
04ABA:  BNZ   4B18
04ABC:  MOVF   x60,W
04ABE:  MULLW  26
04AC0:  MOVF   FF3,W
04AC2:  CLRF   x6A
04AC4:  MOVWF  x69
04AC6:  MOVLW  1D
04AC8:  ADDWF  x69,W
04ACA:  MOVWF  01
04ACC:  MOVLW  00
04ACE:  ADDWFC x6A,W
04AD0:  MOVWF  03
04AD2:  MOVF   01,W
04AD4:  ADDLW  2C
04AD6:  MOVWF  FE9
04AD8:  MOVLW  01
04ADA:  ADDWFC 03,W
04ADC:  MOVWF  FEA
04ADE:  MOVFF  FEF,7A3
04AE2:  MOVFF  FEC,7A4
04AE6:  MOVFF  FEC,7A5
04AEA:  MOVFF  FEC,7A6
04AEE:  MOVF   FED,F
04AF0:  MOVF   FED,F
04AF2:  MOVF   FED,F
04AF4:  CLRF   xAA
04AF6:  CLRF   xA9
04AF8:  MOVLW  80
04AFA:  MOVWF  xA8
04AFC:  MOVLW  7F
04AFE:  MOVWF  xA7
04B00:  MOVLB  0
04B02:  CALL   11FA
04B06:  MOVFF  00,FEF
04B0A:  MOVFF  01,FEC
04B0E:  MOVFF  02,FEC
04B12:  MOVFF  03,FEC
04B16:  MOVLB  7
....................    
....................    PID[ch].PVold = PID[ch].PV;
04B18:  MOVF   x60,W
04B1A:  MULLW  28
04B1C:  MOVF   FF3,W
04B1E:  CLRF   x6A
04B20:  MOVWF  x69
04B22:  MOVLW  14
04B24:  ADDWF  x69,W
04B26:  MOVWF  01
04B28:  MOVLW  00
04B2A:  ADDWFC x6A,W
04B2C:  MOVWF  03
04B2E:  MOVF   01,W
04B30:  ADDLW  35
04B32:  MOVWF  01
04B34:  MOVLW  00
04B36:  ADDWFC 03,F
04B38:  MOVFF  01,769
04B3C:  MOVFF  03,76A
04B40:  MOVF   x60,W
04B42:  MULLW  28
04B44:  MOVF   FF3,W
04B46:  CLRF   x6C
04B48:  MOVWF  x6B
04B4A:  MOVLW  10
04B4C:  ADDWF  x6B,W
04B4E:  MOVWF  01
04B50:  MOVLW  00
04B52:  ADDWFC x6C,W
04B54:  MOVWF  03
04B56:  MOVF   01,W
04B58:  ADDLW  35
04B5A:  MOVWF  FE9
04B5C:  MOVLW  00
04B5E:  ADDWFC 03,W
04B60:  MOVWF  FEA
04B62:  MOVFF  FEF,00
04B66:  MOVFF  FEC,01
04B6A:  MOVFF  FEC,02
04B6E:  MOVFF  FEC,03
04B72:  MOVFF  76A,FEA
04B76:  MOVFF  769,FE9
04B7A:  MOVFF  00,FEF
04B7E:  MOVFF  01,FEC
04B82:  MOVFF  02,FEC
04B86:  MOVFF  03,FEC
....................    PID[ch].PV = adcVals[ch].pReal;
04B8A:  MOVF   x60,W
04B8C:  MULLW  28
04B8E:  MOVF   FF3,W
04B90:  CLRF   x6A
04B92:  MOVWF  x69
04B94:  MOVLW  10
04B96:  ADDWF  x69,W
04B98:  MOVWF  01
04B9A:  MOVLW  00
04B9C:  ADDWFC x6A,W
04B9E:  MOVWF  03
04BA0:  MOVF   01,W
04BA2:  ADDLW  35
04BA4:  MOVWF  01
04BA6:  MOVLW  00
04BA8:  ADDWFC 03,F
04BAA:  MOVFF  01,769
04BAE:  MOVFF  03,76A
04BB2:  MOVF   x60,W
04BB4:  MULLW  26
04BB6:  MOVF   FF3,W
04BB8:  CLRF   x6C
04BBA:  MOVWF  x6B
04BBC:  MOVLW  1D
04BBE:  ADDWF  x6B,W
04BC0:  MOVWF  01
04BC2:  MOVLW  00
04BC4:  ADDWFC x6C,W
04BC6:  MOVWF  03
04BC8:  MOVF   01,W
04BCA:  ADDLW  2C
04BCC:  MOVWF  FE9
04BCE:  MOVLW  01
04BD0:  ADDWFC 03,W
04BD2:  MOVWF  FEA
04BD4:  MOVFF  FEF,00
04BD8:  MOVFF  FEC,01
04BDC:  MOVFF  FEC,02
04BE0:  MOVFF  FEC,03
04BE4:  MOVFF  76A,FEA
04BE8:  MOVFF  769,FE9
04BEC:  MOVFF  00,FEF
04BF0:  MOVFF  01,FEC
04BF4:  MOVFF  02,FEC
04BF8:  MOVFF  03,FEC
04BFC:  MOVLB  0
04BFE:  GOTO   4D5A (RETURN)
.................... }  
.................... 
.................... /*****************************************************************************/
.................... /* SENSOR MONITOR INTERRUPT TASK                                             */
.................... /* starts conversion of the other two ADCs                                   */
.................... /*****************************************************************************/
.................... void sensor_monitor_interrupt_task(){
....................    static int8 ch = 0;
....................    
....................    if (!smData[ch].adcBusy && !smData[!ch].adcBusy){
*
0026E:  MOVLB  1
00270:  MOVF   xFC,W
00272:  MULLW  09
00274:  MOVF   FF3,W
00276:  MOVLB  7
00278:  CLRF   xC6
0027A:  MOVWF  xC5
0027C:  MOVLW  E9
0027E:  ADDWF  xC5,W
00280:  MOVWF  FE9
00282:  MOVLW  01
00284:  ADDWFC xC6,W
00286:  MOVWF  FEA
00288:  BTFSC  FEF.1
0028A:  BRA    032A
0028C:  MOVLB  1
0028E:  MOVF   xFC,F
00290:  BZ    0296
00292:  MOVLW  00
00294:  BRA    0298
00296:  MOVLW  01
00298:  MULLW  09
0029A:  MOVF   FF3,W
0029C:  MOVLB  7
0029E:  CLRF   xC8
002A0:  MOVWF  xC7
002A2:  MOVLW  E9
002A4:  ADDWF  xC7,W
002A6:  MOVWF  FE9
002A8:  MOVLW  01
002AA:  ADDWFC xC8,W
002AC:  MOVWF  FEA
002AE:  BTFSC  FEF.1
002B0:  BRA    032A
....................       smData[ch].adcBusy = true;
002B2:  MOVLB  1
002B4:  MOVF   xFC,W
002B6:  MULLW  09
002B8:  MOVF   FF3,W
002BA:  MOVLB  7
002BC:  CLRF   xC6
002BE:  MOVWF  xC5
002C0:  MOVLW  E9
002C2:  ADDWF  xC5,W
002C4:  MOVWF  FE9
002C6:  MOVLW  01
002C8:  ADDWFC xC6,W
002CA:  MOVWF  FEA
002CC:  BSF    FEF.1
....................          
....................       ads_start_conv_block(ch);
002CE:  MOVFF  1FC,7C5
002D2:  MOVLB  0
002D4:  BRA    0252
....................       ch = !ch;
002D6:  MOVLB  1
002D8:  MOVF   xFC,F
002DA:  BZ    02E0
002DC:  MOVLW  00
002DE:  BRA    02E2
002E0:  MOVLW  01
002E2:  MOVWF  xFC
....................          
....................       smData[!ch].dataReady = true;
002E4:  MOVF   xFC,F
002E6:  BZ    02EC
002E8:  MOVLW  00
002EA:  BRA    02EE
002EC:  MOVLW  01
002EE:  MULLW  09
002F0:  MOVF   FF3,W
002F2:  MOVLB  7
002F4:  CLRF   xC6
002F6:  MOVWF  xC5
002F8:  MOVLW  E9
002FA:  ADDWF  xC5,W
002FC:  MOVWF  FE9
002FE:  MOVLW  01
00300:  ADDWFC xC6,W
00302:  MOVWF  FEA
00304:  BSF    FEF.0
....................       smData[!ch].adcBusy = false;
00306:  MOVLB  1
00308:  MOVF   xFC,F
0030A:  BZ    0310
0030C:  MOVLW  00
0030E:  BRA    0312
00310:  MOVLW  01
00312:  MULLW  09
00314:  MOVF   FF3,W
00316:  MOVLB  7
00318:  CLRF   xC6
0031A:  MOVWF  xC5
0031C:  MOVLW  E9
0031E:  ADDWF  xC5,W
00320:  MOVWF  FE9
00322:  MOVLW  01
00324:  ADDWFC xC6,W
00326:  MOVWF  FEA
00328:  BCF    FEF.1
....................    }
0032A:  MOVLB  0
0032C:  GOTO   03EE (RETURN)
.................... }
.................... 
.................... /*****************************************************************************/
.................... /* Interquartile Mean Ring Buffer                                            */
.................... /* Filters the ADC data to remove spurious readings                          */
.................... /*****************************************************************************/
.................... void iqm_ring_buffer(int8 ch, signed int32 sinCnts, signed int32 cosCnts){
*
01F34:  MOVLB  7
01F36:  CLRF   x74
01F38:  CLRF   x73
01F3A:  CLRF   x72
01F3C:  CLRF   x71
01F3E:  CLRF   x78
01F40:  CLRF   x77
01F42:  CLRF   x76
01F44:  CLRF   x75
01F46:  CLRF   x7C
01F48:  CLRF   x7B
01F4A:  CLRF   x7A
01F4C:  CLRF   x79
01F4E:  CLRF   x80
01F50:  CLRF   x7F
01F52:  CLRF   x7E
01F54:  CLRF   x7D
01F56:  CLRF   x84
01F58:  CLRF   x83
01F5A:  CLRF   x82
01F5C:  CLRF   x81
01F5E:  CLRF   x88
01F60:  CLRF   x87
01F62:  CLRF   x86
01F64:  CLRF   x85
....................    signed int32* sQ_ch;
....................    signed int32* cQ_ch;
....................    int* sIn_ch;
....................    int* cIn_ch;
.................... 
....................    signed int32 sumSin=0;
....................    signed int32 sumCos=0;
....................    
....................    signed int32 sinMax=0;
....................    signed int32 sinMin=0;
....................    signed int32 cosMax=0;
....................    signed int32 cosMin=0;
....................    
....................    if (ch==0){
01F66:  MOVF   x60,F
01F68:  BNZ   1F8C
....................       sQ_ch = sQ_x;
01F6A:  MOVLW  01
01F6C:  MOVWF  x6A
01F6E:  MOVLW  95
01F70:  MOVWF  x69
....................       cQ_ch = cQ_x;
01F72:  MOVLW  01
01F74:  MOVWF  x6C
01F76:  MOVLW  A9
01F78:  MOVWF  x6B
....................       sIn_ch = &sIn_x;
01F7A:  MOVLW  01
01F7C:  MOVWF  x6E
01F7E:  MOVLW  E5
01F80:  MOVWF  x6D
....................       cIn_ch = &cIn_x;
01F82:  MOVLW  01
01F84:  MOVWF  x70
01F86:  MOVLW  E6
01F88:  MOVWF  x6F
....................    }
01F8A:  BRA    1FB0
....................    else if (ch==1){
01F8C:  DECFSZ x60,W
01F8E:  BRA    1FB0
....................       sQ_ch = sQ_y;
01F90:  MOVLW  01
01F92:  MOVWF  x6A
01F94:  MOVLW  BD
01F96:  MOVWF  x69
....................       cQ_ch = cQ_y;
01F98:  MOVLW  01
01F9A:  MOVWF  x6C
01F9C:  MOVLW  D1
01F9E:  MOVWF  x6B
....................       sIn_ch = &sIn_y;
01FA0:  MOVLW  01
01FA2:  MOVWF  x6E
01FA4:  MOVLW  E7
01FA6:  MOVWF  x6D
....................       cIn_ch = &cIn_y;
01FA8:  MOVLW  01
01FAA:  MOVWF  x70
01FAC:  MOVLW  E8
01FAE:  MOVWF  x6F
....................    }
.................... 
....................    push(sQ_ch, sIn_ch, sinCnts); // push new data into queues
01FB0:  MOVFF  76A,78B
01FB4:  MOVFF  769,78A
01FB8:  MOVFF  76E,78D
01FBC:  MOVFF  76D,78C
01FC0:  MOVFF  764,791
01FC4:  MOVFF  763,790
01FC8:  MOVFF  762,78F
01FCC:  MOVFF  761,78E
01FD0:  MOVLB  0
01FD2:  CALL   09AC
....................    push(cQ_ch, cIn_ch, cosCnts);
01FD6:  MOVFF  76C,78B
01FDA:  MOVFF  76B,78A
01FDE:  MOVFF  770,78D
01FE2:  MOVFF  76F,78C
01FE6:  MOVFF  768,791
01FEA:  MOVFF  767,790
01FEE:  MOVFF  766,78F
01FF2:  MOVFF  765,78E
01FF6:  CALL   09AC
....................    
....................    // MAX and MIN of the rolling buffer initial vals
....................    sinMax=sQ_ch[0];
01FFA:  MOVLB  7
01FFC:  MOVFF  769,FE9
02000:  MOVFF  76A,FEA
02004:  MOVFF  FEF,779
02008:  MOVFF  FEC,77A
0200C:  MOVFF  FEC,77B
02010:  MOVFF  FEC,77C
....................    sinMin=sQ_ch[0];
02014:  MOVFF  769,FE9
02018:  MOVFF  76A,FEA
0201C:  MOVFF  FEF,77D
02020:  MOVFF  FEC,77E
02024:  MOVFF  FEC,77F
02028:  MOVFF  FEC,780
....................    cosMax=cQ_ch[0];
0202C:  MOVFF  76B,FE9
02030:  MOVFF  76C,FEA
02034:  MOVFF  FEF,781
02038:  MOVFF  FEC,782
0203C:  MOVFF  FEC,783
02040:  MOVFF  FEC,784
....................    cosMin=cQ_ch[0];
02044:  MOVFF  76B,FE9
02048:  MOVFF  76C,FEA
0204C:  MOVFF  FEF,785
02050:  MOVFF  FEC,786
02054:  MOVFF  FEC,787
02058:  MOVFF  FEC,788
....................    
....................    // step thru buffer, adding up all vals and finding MAX and MIN
....................    for (int i=1; i<BUFFER_SIZE; i++){
0205C:  MOVLW  01
0205E:  MOVWF  x89
02060:  MOVF   x89,W
02062:  SUBLW  04
02064:  BTFSS  FD8.0
02066:  BRA    2376
....................       (sinMax < sQ_ch[i]) ? (sinMax=sQ_ch[i]) : (0);
02068:  CLRF   x94
0206A:  MOVFF  789,793
0206E:  CLRF   x96
02070:  MOVLW  04
02072:  MOVWF  x95
02074:  MOVLB  0
02076:  CALL   095E
0207A:  MOVFF  02,03
0207E:  MOVF   01,W
02080:  MOVLB  7
02082:  ADDWF  x69,W
02084:  MOVWF  FE9
02086:  MOVF   x6A,W
02088:  ADDWFC 02,W
0208A:  MOVWF  FEA
0208C:  MOVFF  FEF,00
02090:  MOVFF  FEC,01
02094:  MOVFF  FEC,02
02098:  MOVFF  FEC,03
0209C:  BTFSS  x7C.7
0209E:  BRA    20A6
020A0:  BTFSS  03.7
020A2:  BRA    20C8
020A4:  BRA    20AA
020A6:  BTFSC  03.7
020A8:  BRA    20FE
020AA:  MOVF   x7C,W
020AC:  SUBWF  03,W
020AE:  BNC   20FE
020B0:  BNZ   20C8
020B2:  MOVF   x7B,W
020B4:  SUBWF  02,W
020B6:  BNC   20FE
020B8:  BNZ   20C8
020BA:  MOVF   x7A,W
020BC:  SUBWF  01,W
020BE:  BNC   20FE
020C0:  BNZ   20C8
020C2:  MOVF   00,W
020C4:  SUBWF  x79,W
020C6:  BC    20FE
020C8:  CLRF   x94
020CA:  MOVFF  789,793
020CE:  CLRF   x96
020D0:  MOVLW  04
020D2:  MOVWF  x95
020D4:  MOVLB  0
020D6:  CALL   095E
020DA:  MOVFF  02,03
020DE:  MOVF   01,W
020E0:  MOVLB  7
020E2:  ADDWF  x69,W
020E4:  MOVWF  FE9
020E6:  MOVF   x6A,W
020E8:  ADDWFC 02,W
020EA:  MOVWF  FEA
020EC:  MOVFF  FEF,779
020F0:  MOVFF  FEC,77A
020F4:  MOVFF  FEC,77B
020F8:  MOVFF  FEC,77C
020FC:  MOVF   x79,W
....................       (sinMin > sQ_ch[i]) ? (sinMin=sQ_ch[i]) : (0);
020FE:  CLRF   x94
02100:  MOVFF  789,793
02104:  CLRF   x96
02106:  MOVLW  04
02108:  MOVWF  x95
0210A:  MOVLB  0
0210C:  CALL   095E
02110:  MOVFF  02,03
02114:  MOVF   01,W
02116:  MOVLB  7
02118:  ADDWF  x69,W
0211A:  MOVWF  FE9
0211C:  MOVF   x6A,W
0211E:  ADDWFC 02,W
02120:  MOVWF  FEA
02122:  MOVFF  FEF,00
02126:  MOVFF  FEC,01
0212A:  MOVFF  FEC,02
0212E:  MOVFF  FEC,03
02132:  BTFSS  03.7
02134:  BRA    213C
02136:  BTFSS  x80.7
02138:  BRA    215E
0213A:  BRA    2140
0213C:  BTFSC  x80.7
0213E:  BRA    21A2
02140:  MOVF   03,W
02142:  SUBWF  x80,W
02144:  BNC   21A2
02146:  BNZ   215E
02148:  MOVF   02,W
0214A:  SUBWF  x7F,W
0214C:  BNC   21A2
0214E:  BNZ   215E
02150:  MOVF   01,W
02152:  SUBWF  x7E,W
02154:  BNC   21A2
02156:  BNZ   215E
02158:  MOVF   x7D,W
0215A:  SUBWF  00,W
0215C:  BC    21A2
0215E:  CLRF   x94
02160:  MOVFF  789,793
02164:  CLRF   x96
02166:  MOVLW  04
02168:  MOVWF  x95
0216A:  MOVLB  0
0216C:  CALL   095E
02170:  MOVFF  02,03
02174:  MOVF   01,W
02176:  MOVLB  7
02178:  ADDWF  x69,W
0217A:  MOVWF  FE9
0217C:  MOVF   x6A,W
0217E:  ADDWFC 02,W
02180:  MOVWF  FEA
02182:  MOVFF  FEF,77D
02186:  MOVFF  FEC,77E
0218A:  MOVFF  FEC,77F
0218E:  MOVFF  FEC,780
02192:  MOVFF  77D,00
02196:  MOVFF  77E,01
0219A:  MOVFF  77F,02
0219E:  MOVFF  780,03
....................       (cosMax < cQ_ch[i]) ? (cosMax=cQ_ch[i]) : (0);
021A2:  CLRF   x94
021A4:  MOVFF  789,793
021A8:  CLRF   x96
021AA:  MOVLW  04
021AC:  MOVWF  x95
021AE:  MOVLB  0
021B0:  CALL   095E
021B4:  MOVFF  02,03
021B8:  MOVF   01,W
021BA:  MOVLB  7
021BC:  ADDWF  x6B,W
021BE:  MOVWF  FE9
021C0:  MOVF   x6C,W
021C2:  ADDWFC 02,W
021C4:  MOVWF  FEA
021C6:  MOVFF  FEF,00
021CA:  MOVFF  FEC,01
021CE:  MOVFF  FEC,02
021D2:  MOVFF  FEC,03
021D6:  BTFSS  x84.7
021D8:  BRA    21E0
021DA:  BTFSS  03.7
021DC:  BRA    2202
021DE:  BRA    21E4
021E0:  BTFSC  03.7
021E2:  BRA    2246
021E4:  MOVF   x84,W
021E6:  SUBWF  03,W
021E8:  BNC   2246
021EA:  BNZ   2202
021EC:  MOVF   x83,W
021EE:  SUBWF  02,W
021F0:  BNC   2246
021F2:  BNZ   2202
021F4:  MOVF   x82,W
021F6:  SUBWF  01,W
021F8:  BNC   2246
021FA:  BNZ   2202
021FC:  MOVF   00,W
021FE:  SUBWF  x81,W
02200:  BC    2246
02202:  CLRF   x94
02204:  MOVFF  789,793
02208:  CLRF   x96
0220A:  MOVLW  04
0220C:  MOVWF  x95
0220E:  MOVLB  0
02210:  CALL   095E
02214:  MOVFF  02,03
02218:  MOVF   01,W
0221A:  MOVLB  7
0221C:  ADDWF  x6B,W
0221E:  MOVWF  FE9
02220:  MOVF   x6C,W
02222:  ADDWFC 02,W
02224:  MOVWF  FEA
02226:  MOVFF  FEF,781
0222A:  MOVFF  FEC,782
0222E:  MOVFF  FEC,783
02232:  MOVFF  FEC,784
02236:  MOVFF  781,00
0223A:  MOVFF  782,01
0223E:  MOVFF  783,02
02242:  MOVFF  784,03
....................       (cosMin > cQ_ch[i]) ? (cosMin=cQ_ch[i]) : (0);
02246:  CLRF   x94
02248:  MOVFF  789,793
0224C:  CLRF   x96
0224E:  MOVLW  04
02250:  MOVWF  x95
02252:  MOVLB  0
02254:  CALL   095E
02258:  MOVFF  02,03
0225C:  MOVF   01,W
0225E:  MOVLB  7
02260:  ADDWF  x6B,W
02262:  MOVWF  FE9
02264:  MOVF   x6C,W
02266:  ADDWFC 02,W
02268:  MOVWF  FEA
0226A:  MOVFF  FEF,00
0226E:  MOVFF  FEC,01
02272:  MOVFF  FEC,02
02276:  MOVFF  FEC,03
0227A:  BTFSS  03.7
0227C:  BRA    2284
0227E:  BTFSS  x88.7
02280:  BRA    22A6
02282:  BRA    2288
02284:  BTFSC  x88.7
02286:  BRA    22EA
02288:  MOVF   03,W
0228A:  SUBWF  x88,W
0228C:  BNC   22EA
0228E:  BNZ   22A6
02290:  MOVF   02,W
02292:  SUBWF  x87,W
02294:  BNC   22EA
02296:  BNZ   22A6
02298:  MOVF   01,W
0229A:  SUBWF  x86,W
0229C:  BNC   22EA
0229E:  BNZ   22A6
022A0:  MOVF   x85,W
022A2:  SUBWF  00,W
022A4:  BC    22EA
022A6:  CLRF   x94
022A8:  MOVFF  789,793
022AC:  CLRF   x96
022AE:  MOVLW  04
022B0:  MOVWF  x95
022B2:  MOVLB  0
022B4:  CALL   095E
022B8:  MOVFF  02,03
022BC:  MOVF   01,W
022BE:  MOVLB  7
022C0:  ADDWF  x6B,W
022C2:  MOVWF  FE9
022C4:  MOVF   x6C,W
022C6:  ADDWFC 02,W
022C8:  MOVWF  FEA
022CA:  MOVFF  FEF,785
022CE:  MOVFF  FEC,786
022D2:  MOVFF  FEC,787
022D6:  MOVFF  FEC,788
022DA:  MOVFF  785,00
022DE:  MOVFF  786,01
022E2:  MOVFF  787,02
022E6:  MOVFF  788,03
....................       sumSin+=sQ_ch[i];
022EA:  CLRF   x94
022EC:  MOVFF  789,793
022F0:  CLRF   x96
022F2:  MOVLW  04
022F4:  MOVWF  x95
022F6:  MOVLB  0
022F8:  CALL   095E
022FC:  MOVFF  02,03
02300:  MOVF   01,W
02302:  MOVLB  7
02304:  ADDWF  x69,W
02306:  MOVWF  FE9
02308:  MOVF   x6A,W
0230A:  ADDWFC 02,W
0230C:  MOVWF  FEA
0230E:  MOVFF  FEF,00
02312:  MOVFF  FEC,01
02316:  MOVFF  FEC,02
0231A:  MOVFF  FEC,03
0231E:  MOVF   00,W
02320:  ADDWF  x71,F
02322:  MOVF   01,W
02324:  ADDWFC x72,F
02326:  MOVF   02,W
02328:  ADDWFC x73,F
0232A:  MOVF   03,W
0232C:  ADDWFC x74,F
....................       sumCos+=cQ_ch[i];
0232E:  CLRF   x94
02330:  MOVFF  789,793
02334:  CLRF   x96
02336:  MOVLW  04
02338:  MOVWF  x95
0233A:  MOVLB  0
0233C:  CALL   095E
02340:  MOVFF  02,03
02344:  MOVF   01,W
02346:  MOVLB  7
02348:  ADDWF  x6B,W
0234A:  MOVWF  FE9
0234C:  MOVF   x6C,W
0234E:  ADDWFC 02,W
02350:  MOVWF  FEA
02352:  MOVFF  FEF,00
02356:  MOVFF  FEC,01
0235A:  MOVFF  FEC,02
0235E:  MOVFF  FEC,03
02362:  MOVF   00,W
02364:  ADDWF  x75,F
02366:  MOVF   01,W
02368:  ADDWFC x76,F
0236A:  MOVF   02,W
0236C:  ADDWFC x77,F
0236E:  MOVF   03,W
02370:  ADDWFC x78,F
02372:  INCF   x89,F
02374:  BRA    2060
....................    }
....................    
....................    // subtract MAX and MIN from sum
....................    sumSin-=(sinMax+sinMin);
02376:  MOVF   x7D,W
02378:  ADDWF  x79,W
0237A:  MOVWF  00
0237C:  MOVF   x7E,W
0237E:  ADDWFC x7A,W
02380:  MOVWF  01
02382:  MOVF   x7F,W
02384:  ADDWFC x7B,W
02386:  MOVWF  02
02388:  MOVF   x80,W
0238A:  ADDWFC x7C,W
0238C:  MOVWF  03
0238E:  MOVF   00,W
02390:  SUBWF  x71,F
02392:  MOVF   01,W
02394:  SUBWFB x72,F
02396:  MOVF   02,W
02398:  SUBWFB x73,F
0239A:  MOVF   03,W
0239C:  SUBWFB x74,F
....................    sumCos-=(cosMax+cosMin);
0239E:  MOVF   x85,W
023A0:  ADDWF  x81,W
023A2:  MOVWF  00
023A4:  MOVF   x86,W
023A6:  ADDWFC x82,W
023A8:  MOVWF  01
023AA:  MOVF   x87,W
023AC:  ADDWFC x83,W
023AE:  MOVWF  02
023B0:  MOVF   x88,W
023B2:  ADDWFC x84,W
023B4:  MOVWF  03
023B6:  MOVF   00,W
023B8:  SUBWF  x75,F
023BA:  MOVF   01,W
023BC:  SUBWFB x76,F
023BE:  MOVF   02,W
023C0:  SUBWFB x77,F
023C2:  MOVF   03,W
023C4:  SUBWFB x78,F
....................    
....................    // calc AVG
....................    smData[ch].avgSin = sumSin / (BUFFER_SIZE-2);
023C6:  MOVF   x60,W
023C8:  MULLW  09
023CA:  MOVF   FF3,W
023CC:  CLRF   x8B
023CE:  MOVWF  x8A
023D0:  MOVLW  01
023D2:  ADDWF  x8A,W
023D4:  MOVWF  01
023D6:  MOVLW  00
023D8:  ADDWFC x8B,W
023DA:  MOVWF  03
023DC:  MOVF   01,W
023DE:  ADDLW  E9
023E0:  MOVWF  FE9
023E2:  MOVLW  01
023E4:  ADDWFC 03,W
023E6:  MOVWF  FEA
023E8:  MOVFF  FEA,78D
023EC:  MOVFF  FE9,78C
023F0:  BCF    FD8.1
023F2:  MOVFF  774,791
023F6:  MOVFF  773,790
023FA:  MOVFF  772,78F
023FE:  MOVFF  771,78E
02402:  CLRF   x95
02404:  CLRF   x94
02406:  CLRF   x93
02408:  MOVLW  03
0240A:  MOVWF  x92
0240C:  MOVLB  0
0240E:  RCALL  1E4A
02410:  MOVFF  78D,FEA
02414:  MOVFF  78C,FE9
02418:  MOVFF  00,FEF
0241C:  MOVFF  01,FEC
02420:  MOVFF  02,FEC
02424:  MOVFF  03,FEC
....................    smData[ch].avgCos = sumCos / (BUFFER_SIZE-2);
02428:  MOVLB  7
0242A:  MOVF   x60,W
0242C:  MULLW  09
0242E:  MOVF   FF3,W
02430:  CLRF   x8B
02432:  MOVWF  x8A
02434:  MOVLW  05
02436:  ADDWF  x8A,W
02438:  MOVWF  01
0243A:  MOVLW  00
0243C:  ADDWFC x8B,W
0243E:  MOVWF  03
02440:  MOVF   01,W
02442:  ADDLW  E9
02444:  MOVWF  FE9
02446:  MOVLW  01
02448:  ADDWFC 03,W
0244A:  MOVWF  FEA
0244C:  MOVFF  FEA,78D
02450:  MOVFF  FE9,78C
02454:  BCF    FD8.1
02456:  MOVFF  778,791
0245A:  MOVFF  777,790
0245E:  MOVFF  776,78F
02462:  MOVFF  775,78E
02466:  CLRF   x95
02468:  CLRF   x94
0246A:  CLRF   x93
0246C:  MOVLW  03
0246E:  MOVWF  x92
02470:  MOVLB  0
02472:  RCALL  1E4A
02474:  MOVFF  78D,FEA
02478:  MOVFF  78C,FE9
0247C:  MOVFF  00,FEF
02480:  MOVFF  01,FEC
02484:  MOVFF  02,FEC
02488:  MOVFF  03,FEC
0248C:  GOTO   4CE2 (RETURN)
.................... }
.................... 
.................... /*****************************************************************************/
.................... /* SENSOR MONITOR task - gets magnetoresistive sensor counts                 */
.................... /* gets two values each time the task is run                                 */
.................... /*****************************************************************************/
.................... void sensor_monitor_task(){
*
04C02:  MOVLB  7
04C04:  CLRF   x5B
04C06:  CLRF   x5A
04C08:  CLRF   x59
04C0A:  CLRF   x58
04C0C:  CLRF   x5F
04C0E:  CLRF   x5E
04C10:  CLRF   x5D
04C12:  CLRF   x5C
....................    static int8 ch = 0;
....................    signed int32 sinNew = 0;
....................    signed int32 cosNew = 0;
....................    
....................    if ( (!smData[ch].adcBusy) && smData[ch].dataReady ){
04C14:  MOVLB  1
04C16:  MOVF   xFD,W
04C18:  MULLW  09
04C1A:  MOVF   FF3,W
04C1C:  MOVLB  7
04C1E:  CLRF   x61
04C20:  MOVWF  x60
04C22:  MOVLW  E9
04C24:  ADDWF  x60,W
04C26:  MOVWF  FE9
04C28:  MOVLW  01
04C2A:  ADDWFC x61,W
04C2C:  MOVWF  FEA
04C2E:  BTFSC  FEF.1
04C30:  BRA    4DAE
04C32:  MOVLB  1
04C34:  MOVF   xFD,W
04C36:  MULLW  09
04C38:  MOVF   FF3,W
04C3A:  MOVLB  7
04C3C:  CLRF   x63
04C3E:  MOVWF  x62
04C40:  MOVLW  E9
04C42:  ADDWF  x62,W
04C44:  MOVWF  FE9
04C46:  MOVLW  01
04C48:  ADDWFC x63,W
04C4A:  MOVWF  FEA
04C4C:  BTFSS  FEF.0
04C4E:  BRA    4DAE
....................       smData[ch].adcBusy = true;
04C50:  MOVLB  1
04C52:  MOVF   xFD,W
04C54:  MULLW  09
04C56:  MOVF   FF3,W
04C58:  MOVLB  7
04C5A:  CLRF   x61
04C5C:  MOVWF  x60
04C5E:  MOVLW  E9
04C60:  ADDWF  x60,W
04C62:  MOVWF  FE9
04C64:  MOVLW  01
04C66:  ADDWFC x61,W
04C68:  MOVWF  FEA
04C6A:  BSF    FEF.1
....................       
....................       sinNew = ads_read_data(ch*2);
04C6C:  BCF    FD8.0
04C6E:  MOVLB  1
04C70:  RLCF   xFD,W
04C72:  MOVLB  7
04C74:  MOVWF  x60
04C76:  MOVWF  x61
04C78:  MOVLB  0
04C7A:  CALL   0902
04C7E:  MOVFF  03,75B
04C82:  MOVFF  02,75A
04C86:  MOVFF  01,759
04C8A:  MOVFF  00,758
....................       cosNew = ads_read_data(ch*2+1);      
04C8E:  BCF    FD8.0
04C90:  MOVLB  1
04C92:  RLCF   xFD,W
04C94:  ADDLW  01
04C96:  MOVLB  7
04C98:  MOVWF  x60
04C9A:  MOVWF  x61
04C9C:  MOVLB  0
04C9E:  CALL   0902
04CA2:  MOVFF  03,75F
04CA6:  MOVFF  02,75E
04CAA:  MOVFF  01,75D
04CAE:  MOVFF  00,75C
....................       
....................       if (adcFilter){
04CB2:  MOVLB  1
04CB4:  BTFSS  x78.0
04CB6:  BRA    4CE6
....................          iqm_ring_buffer(ch, sinNew, cosNew);
04CB8:  MOVFF  1FD,760
04CBC:  MOVFF  75B,764
04CC0:  MOVFF  75A,763
04CC4:  MOVFF  759,762
04CC8:  MOVFF  758,761
04CCC:  MOVFF  75F,768
04CD0:  MOVFF  75E,767
04CD4:  MOVFF  75D,766
04CD8:  MOVFF  75C,765
04CDC:  MOVLB  0
04CDE:  GOTO   1F34
....................       }
04CE2:  BRA    4D52
04CE4:  MOVLB  1
....................       else{
....................          smData[ch].avgSin = sinNew;
04CE6:  MOVF   xFD,W
04CE8:  MULLW  09
04CEA:  MOVF   FF3,W
04CEC:  MOVLB  7
04CEE:  CLRF   x61
04CF0:  MOVWF  x60
04CF2:  MOVLW  01
04CF4:  ADDWF  x60,W
04CF6:  MOVWF  01
04CF8:  MOVLW  00
04CFA:  ADDWFC x61,W
04CFC:  MOVWF  03
04CFE:  MOVF   01,W
04D00:  ADDLW  E9
04D02:  MOVWF  FE9
04D04:  MOVLW  01
04D06:  ADDWFC 03,W
04D08:  MOVWF  FEA
04D0A:  MOVFF  758,FEF
04D0E:  MOVFF  759,FEC
04D12:  MOVFF  75A,FEC
04D16:  MOVFF  75B,FEC
....................          smData[ch].avgCos = cosNew;
04D1A:  MOVLB  1
04D1C:  MOVF   xFD,W
04D1E:  MULLW  09
04D20:  MOVF   FF3,W
04D22:  MOVLB  7
04D24:  CLRF   x61
04D26:  MOVWF  x60
04D28:  MOVLW  05
04D2A:  ADDWF  x60,W
04D2C:  MOVWF  01
04D2E:  MOVLW  00
04D30:  ADDWFC x61,W
04D32:  MOVWF  03
04D34:  MOVF   01,W
04D36:  ADDLW  E9
04D38:  MOVWF  FE9
04D3A:  MOVLW  01
04D3C:  ADDWFC 03,W
04D3E:  MOVWF  FEA
04D40:  MOVFF  75C,FEF
04D44:  MOVFF  75D,FEC
04D48:  MOVFF  75E,FEC
04D4C:  MOVFF  75F,FEC
04D50:  MOVLB  0
....................       }
....................       
....................       sensor_process_data(ch);
04D52:  MOVFF  1FD,760
04D56:  GOTO   3E58
....................       ch = !ch;
04D5A:  MOVLB  1
04D5C:  MOVF   xFD,F
04D5E:  BZ    4D64
04D60:  MOVLW  00
04D62:  BRA    4D66
04D64:  MOVLW  01
04D66:  MOVWF  xFD
....................       
....................       smData[!ch].dataReady = false;
04D68:  MOVF   xFD,F
04D6A:  BZ    4D70
04D6C:  MOVLW  00
04D6E:  BRA    4D72
04D70:  MOVLW  01
04D72:  MULLW  09
04D74:  MOVF   FF3,W
04D76:  MOVLB  7
04D78:  CLRF   x61
04D7A:  MOVWF  x60
04D7C:  MOVLW  E9
04D7E:  ADDWF  x60,W
04D80:  MOVWF  FE9
04D82:  MOVLW  01
04D84:  ADDWFC x61,W
04D86:  MOVWF  FEA
04D88:  BCF    FEF.0
....................       smData[!ch].adcBusy = false;
04D8A:  MOVLB  1
04D8C:  MOVF   xFD,F
04D8E:  BZ    4D94
04D90:  MOVLW  00
04D92:  BRA    4D96
04D94:  MOVLW  01
04D96:  MULLW  09
04D98:  MOVF   FF3,W
04D9A:  MOVLB  7
04D9C:  CLRF   x61
04D9E:  MOVWF  x60
04DA0:  MOVLW  E9
04DA2:  ADDWF  x60,W
04DA4:  MOVWF  FE9
04DA6:  MOVLW  01
04DA8:  ADDWFC x61,W
04DAA:  MOVWF  FEA
04DAC:  BCF    FEF.1
....................    }
04DAE:  MOVLB  0
04DB0:  RETURN 0
.................... }
.................... /*****************************************************************************/
.................... /* INITIALIZE ADC's                                                          */
.................... /*****************************************************************************/
.................... void setup_external_ADCs(){
*
00A12:  MOVLB  7
00A14:  CLRF   x4D
00A16:  CLRF   x4E
00A18:  CLRF   x4F
00A1A:  CLRF   x50
....................    unsigned int8 rc0=0;
....................    unsigned int8 rc1=0;
....................    unsigned int8 rc2=0;
....................    unsigned int8 rc3=0;
....................    
....................    for (int ch = 0; ch < 4; ch++){
00A1C:  CLRF   x51
00A1E:  MOVF   x51,W
00A20:  SUBLW  03
00A22:  BNC   0A5A
....................       rc0=reg0config;
00A24:  MOVLW  30
00A26:  MOVWF  x4D
....................       rc1=reg1config;
00A28:  MOVLW  10
00A2A:  MOVWF  x4E
....................       rc2=reg2config;
00A2C:  MOVLW  80
00A2E:  MOVWF  x4F
....................       rc3=reg3config;
00A30:  CLRF   x50
....................       
....................       ADS1220init(ch, rc0, rc1, rc2, rc3);
00A32:  MOVFF  751,753
00A36:  MOVFF  74D,754
00A3A:  MOVFF  74E,755
00A3E:  MOVFF  74F,756
00A42:  MOVFF  750,757
00A46:  MOVLB  0
00A48:  BRA    0834
....................       delay_ms(100);
00A4A:  MOVLW  64
00A4C:  MOVLB  7
00A4E:  MOVWF  x5C
00A50:  MOVLB  0
00A52:  RCALL  0516
00A54:  MOVLB  7
00A56:  INCF   x51,F
00A58:  BRA    0A1E
....................    }
....................    
....................    if (adcFilter){
00A5A:  MOVLB  1
00A5C:  BTFSS  x78.0
00A5E:  BRA    0B80
....................       for (int i = 0; i < BUFFER_SIZE; i++){
00A60:  MOVLB  7
00A62:  CLRF   x52
00A64:  MOVF   x52,W
00A66:  SUBLW  04
00A68:  BTFSS  FD8.0
00A6A:  BRA    0B7E
....................          ads_start_conv_all();
00A6C:  MOVLB  0
00A6E:  BRA    08D2
....................          delay_ms(50);
00A70:  MOVLW  32
00A72:  MOVLB  7
00A74:  MOVWF  x5C
00A76:  MOVLB  0
00A78:  RCALL  0516
....................          push(sQ_x, &sIn_x, ads_read_data(0));
00A7A:  MOVLB  7
00A7C:  CLRF   x61
00A7E:  MOVLB  0
00A80:  RCALL  0902
00A82:  MOVFF  03,756
00A86:  MOVFF  02,755
00A8A:  MOVFF  01,754
00A8E:  MOVFF  00,753
00A92:  MOVLW  01
00A94:  MOVLB  7
00A96:  MOVWF  x8B
00A98:  MOVLW  95
00A9A:  MOVWF  x8A
00A9C:  MOVLW  01
00A9E:  MOVWF  x8D
00AA0:  MOVLW  E5
00AA2:  MOVWF  x8C
00AA4:  MOVFF  03,791
00AA8:  MOVFF  02,790
00AAC:  MOVFF  01,78F
00AB0:  MOVFF  00,78E
00AB4:  MOVLB  0
00AB6:  RCALL  09AC
....................          push(cQ_x, &cIn_x, ads_read_data(1));      
00AB8:  MOVLW  01
00ABA:  MOVLB  7
00ABC:  MOVWF  x61
00ABE:  MOVLB  0
00AC0:  RCALL  0902
00AC2:  MOVFF  03,756
00AC6:  MOVFF  02,755
00ACA:  MOVFF  01,754
00ACE:  MOVFF  00,753
00AD2:  MOVLW  01
00AD4:  MOVLB  7
00AD6:  MOVWF  x8B
00AD8:  MOVLW  A9
00ADA:  MOVWF  x8A
00ADC:  MOVLW  01
00ADE:  MOVWF  x8D
00AE0:  MOVLW  E6
00AE2:  MOVWF  x8C
00AE4:  MOVFF  03,791
00AE8:  MOVFF  02,790
00AEC:  MOVFF  01,78F
00AF0:  MOVFF  00,78E
00AF4:  MOVLB  0
00AF6:  RCALL  09AC
....................          push(sQ_y, &sIn_y, ads_read_data(2));
00AF8:  MOVLW  02
00AFA:  MOVLB  7
00AFC:  MOVWF  x61
00AFE:  MOVLB  0
00B00:  RCALL  0902
00B02:  MOVFF  03,756
00B06:  MOVFF  02,755
00B0A:  MOVFF  01,754
00B0E:  MOVFF  00,753
00B12:  MOVLW  01
00B14:  MOVLB  7
00B16:  MOVWF  x8B
00B18:  MOVLW  BD
00B1A:  MOVWF  x8A
00B1C:  MOVLW  01
00B1E:  MOVWF  x8D
00B20:  MOVLW  E7
00B22:  MOVWF  x8C
00B24:  MOVFF  03,791
00B28:  MOVFF  02,790
00B2C:  MOVFF  01,78F
00B30:  MOVFF  00,78E
00B34:  MOVLB  0
00B36:  RCALL  09AC
....................          push(cQ_y, &cIn_y, ads_read_data(3));      
00B38:  MOVLW  03
00B3A:  MOVLB  7
00B3C:  MOVWF  x61
00B3E:  MOVLB  0
00B40:  RCALL  0902
00B42:  MOVFF  03,756
00B46:  MOVFF  02,755
00B4A:  MOVFF  01,754
00B4E:  MOVFF  00,753
00B52:  MOVLW  01
00B54:  MOVLB  7
00B56:  MOVWF  x8B
00B58:  MOVLW  D1
00B5A:  MOVWF  x8A
00B5C:  MOVLW  01
00B5E:  MOVWF  x8D
00B60:  MOVLW  E8
00B62:  MOVWF  x8C
00B64:  MOVFF  03,791
00B68:  MOVFF  02,790
00B6C:  MOVFF  01,78F
00B70:  MOVFF  00,78E
00B74:  MOVLB  0
00B76:  RCALL  09AC
00B78:  MOVLB  7
00B7A:  INCF   x52,F
00B7C:  BRA    0A64
00B7E:  MOVLB  1
....................       }
....................    }
00B80:  MOVLB  0
00B82:  GOTO   0BE6 (RETURN)
.................... }
.................... 
.................... /*****************************************************************************/
.................... /* INITIALIZE MONITOR -- sets up ADC channels                                */
.................... /*****************************************************************************/
.................... void monitor_init(){
....................    setup_adc_ports(sAN6 | sAN16 | sAN17 | sAN24 | sAN25 | sAN26 | sAN27, NO_ANALOGS_P2, VSS_VDD);
00B86:  MOVLW  00
00B88:  MOVLB  F
00B8A:  MOVWF  x53
00B8C:  MOVLW  40
00B8E:  MOVWF  x0C
00B90:  MOVLW  00
00B92:  MOVWF  x14
00B94:  MOVLW  03
00B96:  MOVWF  x1C
00B98:  MOVLW  0F
00B9A:  MOVWF  x21
00B9C:  MOVLW  00
00B9E:  MOVWF  x29
....................    setup_adc(ADC_CLOCK_INTERNAL | ADC_TAD_MUL_255 | ADC_LEGACY_MODE | ADC_THRESHOLD_INT_DISABLED);
00BA0:  MOVLW  08
00BA2:  MOVWF  x55
00BA4:  CLRF   x56
00BA6:  CLRF   x52
00BA8:  SETF   x57
00BAA:  CLRF   F61
00BAC:  MOVLW  94
00BAE:  MOVWF  x5B
....................    output_high(EN_EXC);
00BB0:  MOVLW  E8
00BB2:  MOVWF  F8B
00BB4:  BSF    F86.0
....................    set_adc_channel(vMonN15); // internal MUX
00BB6:  MOVF   x5A,W
00BB8:  ANDLW  3F
00BBA:  MOVWF  01
00BBC:  MOVLW  06
00BBE:  MOVWF  x5A
00BC0:  BTFSS  x5B.7
00BC2:  BRA    0BD2
00BC4:  MOVF   01,W
00BC6:  SUBLW  06
00BC8:  BZ    0BD2
00BCA:  BSF    x5B.0
00BCC:  NOP   
00BCE:  BTFSC  x5B.0
00BD0:  BRA    0BCE
....................    delay_ms(10);
00BD2:  MOVLW  0A
00BD4:  MOVLB  7
00BD6:  MOVWF  x5C
00BD8:  MOVLB  0
00BDA:  RCALL  0516
....................    read_adc(ADC_START_ONLY);
00BDC:  MOVLB  F
00BDE:  BSF    x5B.0
00BE0:  NOP   
....................    setup_external_ADCs();
00BE2:  MOVLB  0
00BE4:  BRA    0A12
....................    intTimeoutReg = sensorSampleRate;
00BE6:  MOVLB  1
00BE8:  CLRF   x94
00BEA:  MOVLW  32
00BEC:  MOVWF  x93
00BEE:  MOVLB  0
00BF0:  GOTO   B82C (RETURN)
.................... }
.................... 
.................... #endif
.................... 
.................... #include <control.h>
.................... #ifndef control
.................... #define control
.................... #include <parameters.h>
.................... #ifndef parameters
.................... #define parameters
.................... 
.................... //#define use_ext_eeprom
.................... 
.................... /*****************************************************************************/
.................... /*****************************************************************************/
.................... /* PARAMETERS                                                                */
.................... /* Global parameters used by all routines                                    */
.................... /* These defaults are defined below. On first boot, they will be stored in   */
.................... /* EEProm. On subsequent boots, they will be reloaded from EEProm. Any       */
.................... /* configuation changes will be changed in EEprom, hence will be restored on */
.................... /* subsequent boot. All params start at page boundaries!!                    */
.................... /*****************************************************************************/
.................... /*****************************************************************************/
.................... #include <stddef.h>
.................... #include <stdlib.h>
.................... 
.................... typedef enum channelMap {chX, chY}; // Piezo channels
.................... typedef enum channelMode {MANUAL, MAGSNS}; // Voltage or Magnetic Sensor Control
.................... 
.................... /*****************************************************************************/
.................... /* CAT24C04 EEProm --- page size = 16 bytes, Write when LSB=0 Read when LSB=1*/
.................... /*****************************************************************************/
.................... #ifdef use_ext_eeprom
.................... #define EE_Slave_Addr 0xA0
.................... #define writeProtectPin EE_WP
.................... #define pageSize 16
.................... // EEProm is on 12C bus 1
.................... #use i2c(master, fast, sda=PIN_C4, scl=PIN_C3, FORCE_HW, STREAM=EEPROM)
.................... #endif
.................... 
.................... /*****************************************************************************/
.................... /*****************************************************************************/
.................... /* FUNCTIONS PROTOTYPES START HERE                                           */
.................... /*****************************************************************************/
.................... /*****************************************************************************/
.................... #ifdef use_ext_eeprom
.................... void ee_send_start(unsigned int16 address, BOOLEAN read);
.................... #endif
.................... void ee_save_reg(unsigned int8 *reg, unsigned int16 eeLocation, unsigned int8 length);
.................... void ee_load_reg(unsigned int8 *reg, unsigned int16 eeLocation, unsigned int8 length);
.................... void params_save_to_ee(void);
.................... void params_load_from_ee(void);
.................... void params_init(void);
.................... void params_invalidate(void);
.................... 
.................... /*****************************************************************************/
.................... /*****************************************************************************/
.................... /* PARAMETERS START HERE. All Params should have an EEPROM address that is   */
.................... /* at the start of an EERPOM page.                                           */ 
.................... /*****************************************************************************/
.................... /*****************************************************************************/
.................... 
.................... /*****************************************************************************/
.................... /* PID Parameters                                                            */
.................... /*****************************************************************************/
.................... #define pid_params_ee_addr 0
.................... #define pid_params_length 128  // length in bytes
.................... struct pidParams
.................... {
....................     float kP;      // proportional gain
....................     float kI;      // integral gain
....................     float kD;      // derivative gain
....................     float SP;      // set point-- desired output
....................     float PV;      // process variable-- measured output
....................     float PVold;   // oldPV value  
....................     float CV;      // control variable-- output -- 0 to 100%
....................     float I;       // integral value
....................     float maxSP;   // Max setpoint in microns
....................     float minSP;   // Min setpoint in microns
.................... }PID[2] = {
....................    //  P     I     D
....................     {0.01,   0.3,  0.1, 0,0,0,0,0,0,0}, 
....................     {0.01,   0.3,  0.1, 0,0,0,0,0,0,0}
....................     };
.................... 
.................... /*****************************************************************************/
.................... /* Output Channel Map                                                        */
.................... /*****************************************************************************/
.................... #define channel_map_ee_addr 128
.................... #define channel_map_length 2  // length in bytes
.................... channelMap chMap[2] = {chX, chY};
.................... 
.................... // @FLAG
.................... #define op_upper_bound 63  // CRYO
.................... #define op_lower_bound -63 // CRYO
.................... 
.................... // #define op_upper_bound 63  // AMBIENT 
.................... // #define op_lower_bound -12 // AMBIENT
.................... 
.................... //!#define op_upper_bound 100  // FULL 
.................... //!#define op_lower_bound -100 // FULL
.................... 
.................... 
.................... /*****************************************************************************/
.................... /* Input Channel Mode                                                        */
.................... /*****************************************************************************/
.................... #define channel_mode_ee_addr 144
.................... #define channel_mode_length 2  // length in bytes
.................... channelMode chMode[2] = {MANUAL, MANUAL};
.................... 
.................... /*****************************************************************************/
.................... /* ADC Calibration Constants                                                 */
.................... /*****************************************************************************/
.................... #define adc_cal_params_ee_addr 160
.................... #define adc_cal_params_length 32  // length in bytes
.................... struct adcCalParms
.................... {
....................    float sinOS;
....................    float cosOS;
....................    float sinGain;
....................    float cosGain;
.................... } adcCal[2] = {
....................                 {0,0,1,1},
....................                 {0,0,1,1}
....................               };
.................... 
.................... /*****************************************************************************/
.................... /* Sensor Calibration Constants                                              */
.................... /*****************************************************************************/
.................... #define sensor_cal_params_ee_addr 192
.................... #define sensor_cal_params_length 48  // length in bytes
.................... struct sensorCalParams
.................... {
....................    float c0;
....................    float c1;
....................    float c2;
....................    float c3;
....................    float c4;
....................    float c5;
.................... } sensorCal[2] = {
....................                     {0,1,0,0,0,0},
....................                     {0,1,0,0,0,0}
....................                  };
.................... 
.................... // fifth order polynomial constants
.................... 
.................... /*****************************************************************************/
.................... /* Monitor Calibration Constants                                             */
.................... /*****************************************************************************/
.................... #define mon_cal_params_ee_addr 240
.................... #define mon_cal_params_length 56  // length in bytes
.................... struct monCalParams
.................... {
....................    float vN15[2];  // offset and gain
....................    float v200[2];
....................    float v5V6[2];
....................    float v5VA[2];
....................    float v3V6X[2];
....................    float v3V3A[2];
....................    float v3V3D[2];
....................    
.................... }monCal = {
....................    {0, -0.02245509}, 
....................    {0,   0.2127659}, 
....................    {0, 0.008432515}, 
....................    {0, 0.008173486}, 
....................    {0, 0.009655914}, 
....................    {0, 0.007094828}, 
....................    {0, 0.007081720}
.................... };
.................... 
.................... /*****************************************************************************/
.................... /* PARAMS Valid                                                              */
.................... /*****************************************************************************/
.................... #define invalidate 0xFF
.................... #define isValid 0xAA
.................... #define params_valid_ee_addr 320
.................... #define params_valid_length 1  // length in bytes
.................... char paramsValid = isValid;
.................... // if data returns isValid from EEPROM then EEPROM has valid data
.................... 
.................... /*****************************************************************************/
.................... /*****************************************************************************/
.................... /* VOLATILE PARAMETERS                                                       */
.................... /*****************************************************************************/
.................... /*****************************************************************************/
.................... struct mv
.................... {
....................    float vN15; // internal voltages
....................    float v200;
....................    float v5V6;
....................    float v5VA;
....................    float v3V6X;
....................    float v3V3A;
....................    float v3V3D;
.................... }monitorVals = {0,0,0,0,0,0,0};
.................... 
.................... struct adcV
.................... {
....................    float sinRaw;           // adc raw count data
....................    float cosRaw;           // adc raw count data
....................    float sinCounts;        // calibrated counts
....................    float cosCounts;        // calibrated counts
....................    float sinLast;          // previous sin data
....................    float cosLast;          // previous cos data
....................    float p0;               // mid-pole position in microns
....................    signed int8  npoles;    // number of poles passed
....................    float pReal;            // real position in microns
....................    float pHome;            // Home position in microns
....................    BOOLEAN homeFlag;       // Flag to trigger the homing routine
.................... }adcVals[2] = 
.................... {
....................    {0,0,0,0,0,0,0,0,0,0,FALSE},
....................    {0,0,0,0,0,0,0,0,0,0,FALSE}
.................... };
.................... 
.................... BOOLEAN adcFilter = FALSE;
.................... 
.................... struct dacV
.................... {
....................     BOOLEAN invV;
....................     unsigned int16 ipVal;
....................     float opPcnt;
....................    
.................... }dacVals[2] = 
.................... {
....................     {FALSE,0,0},
....................     {FALSE,0,0}
.................... };
.................... 
.................... // used with timeouts
.................... unsigned int32 timeoutReg0 = 0; //All timers are defined in milliseconds, 
.................... unsigned int32 timeoutReg1 = 0; //with a resolution of 10ms
.................... unsigned int32 timeoutReg2 = 0;
.................... unsigned int16 intTimeoutReg = 0; // interrupting use for more precise timing
.................... /*****************************************************************************/
.................... /*****************************************************************************/
.................... /* FUNCTIONS START HERE                                                      */
.................... /*****************************************************************************/
.................... /*****************************************************************************/
.................... 
.................... /*****************************************************************************/
.................... /* ee_send_start --- sends the start messsage to the eeprom and set the addr */
.................... /*****************************************************************************/
.................... #ifdef use_ext_eeprom
.................... void ee_send_start(unsigned int16 address, BOOLEAN read = TRUE)
.................... {
....................    unsigned int8 romAddr = (unsigned int8)(address & 0x00FF);
....................    unsigned int8 slaveAddr = EE_Slave_Addr;
....................    #ifdef writeProtectPin
....................    output_low(writeProtectPin); // for write operations, clr WP pin
....................    #endif
....................    if (address > 0xFF) // if address > 8 bits
....................    { //add upper address bits (LSB of slave reserved are R/!W) 
....................       slaveAddr |= (unsigned int8)((address >> 7) & 0x000E) ;   
....................    }
....................    i2c_start(EEPROM);   // send start pulse on bus
....................    delay_ms(1);
....................    i2c_write(EEPROM, slaveAddr); // send slave address with R/!W clr (WRITE)
....................    i2c_write(EEPROM, romAddr); // rom address
....................    if (read) 
....................    {
....................       slaveAddr |= 0x01; // set the read bit
....................       delay_ms(1);
....................       i2c_start(EEPROM);
....................       delay_ms(1);
....................       i2c_write (EEPROM, slaveAddr); // send slave with R!W set (READ)
....................       #ifdef writeProtectPin
....................       output_high(writeProtectPin); // for read operations, set WP pin
....................       #endif
....................    }
.................... }
.................... #endif
.................... /*****************************************************************************/
.................... /* SAVE REGISTER TO EEPROM                                                   */
.................... /* note all registers are saved at a page boundary for simplicity            */
.................... /*****************************************************************************/
.................... void ee_save_reg(unsigned int8 *reg, unsigned int16 eeLocation, unsigned int8 length)
.................... #ifdef use_ext_eeprom
.................... {
....................    int pageCnt = length/pageSize;
....................    int lastPageLength = length%pageSize;
....................    
....................    int i = 0; // number of pages to write
....................    int j = 0; // number of characters to write on last page
....................    
....................    for ( i = 0; i < pageCnt ; i++)  // pages to writes
....................    {
....................       ee_send_start(eeLocation, FALSE); // start the right
....................       for (j = 0; j < pageSize ; j++) // write 16 bytes (one page)
....................       {
....................          i2c_write(EEPROM, *(reg + j + (i * pageSize)));
....................          delay_ms(1);
....................       }
....................       i2c_stop();
....................       delay_ms(5);
....................       eeLocation += pageSize;
....................    }   
....................    if (lastPageLength > 0)
....................    {
....................       ee_send_start(eeLocation, FALSE);
....................       for (j = 0; j < lastPageLength; j++)
....................       {
....................          i2c_write(EEPROM, *(reg + j + (i * pageSize)));
....................          delay_ms(1);
....................       }
....................    }   
....................    i2c_stop(EEPROM);
....................    delay_ms(3);
....................    #ifdef writeProtectPin
....................    output_high(writeProtectPin); // for read operations, set WP pin
....................    #endif  
.................... }
.................... #else
.................... {
....................    int i = 0;
....................    for (i = 0; i < length; i++)
....................    {
....................       write_eeprom(eeLocation+i, *(reg + i));
....................    }
.................... }
.................... #endif
.................... 
.................... /*****************************************************************************/
.................... /* READ REGISTER FROM EEPROM                                                 */
.................... /*****************************************************************************/
.................... void ee_load_reg(unsigned int8 *reg, unsigned int16 eeLocation, unsigned int8 length)
.................... #ifdef use_ext_eeprom
.................... {
....................    ee_send_start(eeLocation, TRUE);
....................    for (int i = 0; i < length; i++)
....................    {
....................       unsigned int8 data = i2c_read(EEPROM,1); // acknoledge after each byte
....................       *(reg + i) = data;
....................    }
....................    i2c_read(EEPROM,0); // dummy read without acknowlege
....................    delay_ms(1);
....................    i2c_stop(EEPROM); // end page read, must preceed stop
....................    delay_ms(1);
.................... }
.................... #else
.................... {
....................    int i = 0;
....................    for (i = 0; i < length; i++)
....................    {
....................       *(reg + i) = read_eeprom(eeLocation+i);
....................    }
.................... }
.................... #endif
.................... 
.................... /*****************************************************************************/
.................... /* SAVE TO ALL PARAMS EEPROM                                                 */
.................... /*****************************************************************************/
.................... void params_save_to_ee()
.................... {
....................    ee_save_reg(&PID, pid_params_ee_addr, pid_params_length);
....................    delay_ms(1);
....................    ee_save_reg(&chMap, channel_map_ee_addr, channel_map_length);
....................    delay_ms(1);
....................    ee_save_reg(&chMode, channel_mode_ee_addr, channel_mode_length);
....................    delay_ms(1);
....................    ee_save_reg(&adcCal, adc_cal_params_ee_addr, adc_cal_params_length);
....................    delay_ms(1);
....................    ee_save_reg(&sensorCal, sensor_cal_params_ee_addr, sensor_cal_params_length);
....................    delay_ms(1);
....................    ee_save_reg(&monCal, mon_cal_params_ee_addr, mon_cal_params_length);
....................    delay_ms(1);
....................    ee_save_reg(&paramsValid, params_valid_ee_addr, params_valid_length);
....................    delay_ms(1);
.................... }
.................... /*****************************************************************************/
.................... /* LOAD ALL PARAMS FROM EEPROM                                               */
.................... /*****************************************************************************/
.................... void params_load_from_ee()
.................... {
....................    ee_load_reg(&PID, pid_params_ee_addr, pid_params_length);
....................    ee_load_reg(&chMap, channel_map_ee_addr, channel_map_length);
....................    ee_load_reg(&chMode, channel_mode_ee_addr, channel_mode_length);
....................    ee_load_reg(&adcCal, adc_cal_params_ee_addr, adc_cal_params_length);
....................    ee_load_reg(&sensorCal, sensor_cal_params_ee_addr, sensor_cal_params_length);
....................    ee_load_reg(&monCal, mon_cal_params_ee_addr, mon_cal_params_length);
....................    ee_load_reg(&paramsValid, params_valid_ee_addr, params_valid_length);
.................... }
.................... 
.................... /*****************************************************************************/
.................... /* INITIALIZE PARAMS -- Include in main... Run on boot                       */
.................... /*****************************************************************************/
.................... void params_init()
.................... {
....................    ee_load_reg(&paramsValid, params_valid_ee_addr, params_valid_length);
....................    delay_ms(1);
....................    if (paramsValid != isValid)
....................    {
....................       paramsValid = isValid;
....................       params_save_to_ee(); // saves the base parameters on first boot
....................    }
....................    else
....................    {
....................       params_load_from_ee();
....................    }
.................... }
.................... 
.................... /*****************************************************************************/
.................... /* INVALIDATE PARAMS -- Restarting will load defauts                         */
.................... /*****************************************************************************/
.................... void params_invalidate()
.................... {
....................    paramsValid = invalidate;
....................    ee_save_reg(&paramsValid, params_valid_ee_addr, params_valid_length);
.................... }
.................... 
.................... #endif
.................... 
.................... #include <pid.h>
.................... #ifndef pidcontroller
.................... #define pidcontroller
.................... #include <parameters.h>
.................... #ifndef parameters
.................... #define parameters
.................... 
.................... //#define use_ext_eeprom
.................... 
.................... /*****************************************************************************/
.................... /*****************************************************************************/
.................... /* PARAMETERS                                                                */
.................... /* Global parameters used by all routines                                    */
.................... /* These defaults are defined below. On first boot, they will be stored in   */
.................... /* EEProm. On subsequent boots, they will be reloaded from EEProm. Any       */
.................... /* configuation changes will be changed in EEprom, hence will be restored on */
.................... /* subsequent boot. All params start at page boundaries!!                    */
.................... /*****************************************************************************/
.................... /*****************************************************************************/
.................... #include <stddef.h>
.................... #include <stdlib.h>
.................... 
.................... typedef enum channelMap {chX, chY}; // Piezo channels
.................... typedef enum channelMode {MANUAL, MAGSNS}; // Voltage or Magnetic Sensor Control
.................... 
.................... /*****************************************************************************/
.................... /* CAT24C04 EEProm --- page size = 16 bytes, Write when LSB=0 Read when LSB=1*/
.................... /*****************************************************************************/
.................... #ifdef use_ext_eeprom
.................... #define EE_Slave_Addr 0xA0
.................... #define writeProtectPin EE_WP
.................... #define pageSize 16
.................... // EEProm is on 12C bus 1
.................... #use i2c(master, fast, sda=PIN_C4, scl=PIN_C3, FORCE_HW, STREAM=EEPROM)
.................... #endif
.................... 
.................... /*****************************************************************************/
.................... /*****************************************************************************/
.................... /* FUNCTIONS PROTOTYPES START HERE                                           */
.................... /*****************************************************************************/
.................... /*****************************************************************************/
.................... #ifdef use_ext_eeprom
.................... void ee_send_start(unsigned int16 address, BOOLEAN read);
.................... #endif
.................... void ee_save_reg(unsigned int8 *reg, unsigned int16 eeLocation, unsigned int8 length);
.................... void ee_load_reg(unsigned int8 *reg, unsigned int16 eeLocation, unsigned int8 length);
.................... void params_save_to_ee(void);
.................... void params_load_from_ee(void);
.................... void params_init(void);
.................... void params_invalidate(void);
.................... 
.................... /*****************************************************************************/
.................... /*****************************************************************************/
.................... /* PARAMETERS START HERE. All Params should have an EEPROM address that is   */
.................... /* at the start of an EERPOM page.                                           */ 
.................... /*****************************************************************************/
.................... /*****************************************************************************/
.................... 
.................... /*****************************************************************************/
.................... /* PID Parameters                                                            */
.................... /*****************************************************************************/
.................... #define pid_params_ee_addr 0
.................... #define pid_params_length 128  // length in bytes
.................... struct pidParams
.................... {
....................     float kP;      // proportional gain
....................     float kI;      // integral gain
....................     float kD;      // derivative gain
....................     float SP;      // set point-- desired output
....................     float PV;      // process variable-- measured output
....................     float PVold;   // oldPV value  
....................     float CV;      // control variable-- output -- 0 to 100%
....................     float I;       // integral value
....................     float maxSP;   // Max setpoint in microns
....................     float minSP;   // Min setpoint in microns
.................... }PID[2] = {
....................    //  P     I     D
....................     {0.01,   0.3,  0.1, 0,0,0,0,0,0,0}, 
....................     {0.01,   0.3,  0.1, 0,0,0,0,0,0,0}
....................     };
.................... 
.................... /*****************************************************************************/
.................... /* Output Channel Map                                                        */
.................... /*****************************************************************************/
.................... #define channel_map_ee_addr 128
.................... #define channel_map_length 2  // length in bytes
.................... channelMap chMap[2] = {chX, chY};
.................... 
.................... // @FLAG
.................... #define op_upper_bound 63  // CRYO
.................... #define op_lower_bound -63 // CRYO
.................... 
.................... // #define op_upper_bound 63  // AMBIENT 
.................... // #define op_lower_bound -12 // AMBIENT
.................... 
.................... //!#define op_upper_bound 100  // FULL 
.................... //!#define op_lower_bound -100 // FULL
.................... 
.................... 
.................... /*****************************************************************************/
.................... /* Input Channel Mode                                                        */
.................... /*****************************************************************************/
.................... #define channel_mode_ee_addr 144
.................... #define channel_mode_length 2  // length in bytes
.................... channelMode chMode[2] = {MANUAL, MANUAL};
.................... 
.................... /*****************************************************************************/
.................... /* ADC Calibration Constants                                                 */
.................... /*****************************************************************************/
.................... #define adc_cal_params_ee_addr 160
.................... #define adc_cal_params_length 32  // length in bytes
.................... struct adcCalParms
.................... {
....................    float sinOS;
....................    float cosOS;
....................    float sinGain;
....................    float cosGain;
.................... } adcCal[2] = {
....................                 {0,0,1,1},
....................                 {0,0,1,1}
....................               };
.................... 
.................... /*****************************************************************************/
.................... /* Sensor Calibration Constants                                              */
.................... /*****************************************************************************/
.................... #define sensor_cal_params_ee_addr 192
.................... #define sensor_cal_params_length 48  // length in bytes
.................... struct sensorCalParams
.................... {
....................    float c0;
....................    float c1;
....................    float c2;
....................    float c3;
....................    float c4;
....................    float c5;
.................... } sensorCal[2] = {
....................                     {0,1,0,0,0,0},
....................                     {0,1,0,0,0,0}
....................                  };
.................... 
.................... // fifth order polynomial constants
.................... 
.................... /*****************************************************************************/
.................... /* Monitor Calibration Constants                                             */
.................... /*****************************************************************************/
.................... #define mon_cal_params_ee_addr 240
.................... #define mon_cal_params_length 56  // length in bytes
.................... struct monCalParams
.................... {
....................    float vN15[2];  // offset and gain
....................    float v200[2];
....................    float v5V6[2];
....................    float v5VA[2];
....................    float v3V6X[2];
....................    float v3V3A[2];
....................    float v3V3D[2];
....................    
.................... }monCal = {
....................    {0, -0.02245509}, 
....................    {0,   0.2127659}, 
....................    {0, 0.008432515}, 
....................    {0, 0.008173486}, 
....................    {0, 0.009655914}, 
....................    {0, 0.007094828}, 
....................    {0, 0.007081720}
.................... };
.................... 
.................... /*****************************************************************************/
.................... /* PARAMS Valid                                                              */
.................... /*****************************************************************************/
.................... #define invalidate 0xFF
.................... #define isValid 0xAA
.................... #define params_valid_ee_addr 320
.................... #define params_valid_length 1  // length in bytes
.................... char paramsValid = isValid;
.................... // if data returns isValid from EEPROM then EEPROM has valid data
.................... 
.................... /*****************************************************************************/
.................... /*****************************************************************************/
.................... /* VOLATILE PARAMETERS                                                       */
.................... /*****************************************************************************/
.................... /*****************************************************************************/
.................... struct mv
.................... {
....................    float vN15; // internal voltages
....................    float v200;
....................    float v5V6;
....................    float v5VA;
....................    float v3V6X;
....................    float v3V3A;
....................    float v3V3D;
.................... }monitorVals = {0,0,0,0,0,0,0};
.................... 
.................... struct adcV
.................... {
....................    float sinRaw;           // adc raw count data
....................    float cosRaw;           // adc raw count data
....................    float sinCounts;        // calibrated counts
....................    float cosCounts;        // calibrated counts
....................    float sinLast;          // previous sin data
....................    float cosLast;          // previous cos data
....................    float p0;               // mid-pole position in microns
....................    signed int8  npoles;    // number of poles passed
....................    float pReal;            // real position in microns
....................    float pHome;            // Home position in microns
....................    BOOLEAN homeFlag;       // Flag to trigger the homing routine
.................... }adcVals[2] = 
.................... {
....................    {0,0,0,0,0,0,0,0,0,0,FALSE},
....................    {0,0,0,0,0,0,0,0,0,0,FALSE}
.................... };
.................... 
.................... BOOLEAN adcFilter = FALSE;
.................... 
.................... struct dacV
.................... {
....................     BOOLEAN invV;
....................     unsigned int16 ipVal;
....................     float opPcnt;
....................    
.................... }dacVals[2] = 
.................... {
....................     {FALSE,0,0},
....................     {FALSE,0,0}
.................... };
.................... 
.................... // used with timeouts
.................... unsigned int32 timeoutReg0 = 0; //All timers are defined in milliseconds, 
.................... unsigned int32 timeoutReg1 = 0; //with a resolution of 10ms
.................... unsigned int32 timeoutReg2 = 0;
.................... unsigned int16 intTimeoutReg = 0; // interrupting use for more precise timing
.................... /*****************************************************************************/
.................... /*****************************************************************************/
.................... /* FUNCTIONS START HERE                                                      */
.................... /*****************************************************************************/
.................... /*****************************************************************************/
.................... 
.................... /*****************************************************************************/
.................... /* ee_send_start --- sends the start messsage to the eeprom and set the addr */
.................... /*****************************************************************************/
.................... #ifdef use_ext_eeprom
.................... void ee_send_start(unsigned int16 address, BOOLEAN read = TRUE)
.................... {
....................    unsigned int8 romAddr = (unsigned int8)(address & 0x00FF);
....................    unsigned int8 slaveAddr = EE_Slave_Addr;
....................    #ifdef writeProtectPin
....................    output_low(writeProtectPin); // for write operations, clr WP pin
....................    #endif
....................    if (address > 0xFF) // if address > 8 bits
....................    { //add upper address bits (LSB of slave reserved are R/!W) 
....................       slaveAddr |= (unsigned int8)((address >> 7) & 0x000E) ;   
....................    }
....................    i2c_start(EEPROM);   // send start pulse on bus
....................    delay_ms(1);
....................    i2c_write(EEPROM, slaveAddr); // send slave address with R/!W clr (WRITE)
....................    i2c_write(EEPROM, romAddr); // rom address
....................    if (read) 
....................    {
....................       slaveAddr |= 0x01; // set the read bit
....................       delay_ms(1);
....................       i2c_start(EEPROM);
....................       delay_ms(1);
....................       i2c_write (EEPROM, slaveAddr); // send slave with R!W set (READ)
....................       #ifdef writeProtectPin
....................       output_high(writeProtectPin); // for read operations, set WP pin
....................       #endif
....................    }
.................... }
.................... #endif
.................... /*****************************************************************************/
.................... /* SAVE REGISTER TO EEPROM                                                   */
.................... /* note all registers are saved at a page boundary for simplicity            */
.................... /*****************************************************************************/
.................... void ee_save_reg(unsigned int8 *reg, unsigned int16 eeLocation, unsigned int8 length)
.................... #ifdef use_ext_eeprom
.................... {
....................    int pageCnt = length/pageSize;
....................    int lastPageLength = length%pageSize;
....................    
....................    int i = 0; // number of pages to write
....................    int j = 0; // number of characters to write on last page
....................    
....................    for ( i = 0; i < pageCnt ; i++)  // pages to writes
....................    {
....................       ee_send_start(eeLocation, FALSE); // start the right
....................       for (j = 0; j < pageSize ; j++) // write 16 bytes (one page)
....................       {
....................          i2c_write(EEPROM, *(reg + j + (i * pageSize)));
....................          delay_ms(1);
....................       }
....................       i2c_stop();
....................       delay_ms(5);
....................       eeLocation += pageSize;
....................    }   
....................    if (lastPageLength > 0)
....................    {
....................       ee_send_start(eeLocation, FALSE);
....................       for (j = 0; j < lastPageLength; j++)
....................       {
....................          i2c_write(EEPROM, *(reg + j + (i * pageSize)));
....................          delay_ms(1);
....................       }
....................    }   
....................    i2c_stop(EEPROM);
....................    delay_ms(3);
....................    #ifdef writeProtectPin
....................    output_high(writeProtectPin); // for read operations, set WP pin
....................    #endif  
.................... }
.................... #else
.................... {
....................    int i = 0;
....................    for (i = 0; i < length; i++)
....................    {
....................       write_eeprom(eeLocation+i, *(reg + i));
....................    }
.................... }
.................... #endif
.................... 
.................... /*****************************************************************************/
.................... /* READ REGISTER FROM EEPROM                                                 */
.................... /*****************************************************************************/
.................... void ee_load_reg(unsigned int8 *reg, unsigned int16 eeLocation, unsigned int8 length)
.................... #ifdef use_ext_eeprom
.................... {
....................    ee_send_start(eeLocation, TRUE);
....................    for (int i = 0; i < length; i++)
....................    {
....................       unsigned int8 data = i2c_read(EEPROM,1); // acknoledge after each byte
....................       *(reg + i) = data;
....................    }
....................    i2c_read(EEPROM,0); // dummy read without acknowlege
....................    delay_ms(1);
....................    i2c_stop(EEPROM); // end page read, must preceed stop
....................    delay_ms(1);
.................... }
.................... #else
.................... {
....................    int i = 0;
....................    for (i = 0; i < length; i++)
....................    {
....................       *(reg + i) = read_eeprom(eeLocation+i);
....................    }
.................... }
.................... #endif
.................... 
.................... /*****************************************************************************/
.................... /* SAVE TO ALL PARAMS EEPROM                                                 */
.................... /*****************************************************************************/
.................... void params_save_to_ee()
.................... {
....................    ee_save_reg(&PID, pid_params_ee_addr, pid_params_length);
....................    delay_ms(1);
....................    ee_save_reg(&chMap, channel_map_ee_addr, channel_map_length);
....................    delay_ms(1);
....................    ee_save_reg(&chMode, channel_mode_ee_addr, channel_mode_length);
....................    delay_ms(1);
....................    ee_save_reg(&adcCal, adc_cal_params_ee_addr, adc_cal_params_length);
....................    delay_ms(1);
....................    ee_save_reg(&sensorCal, sensor_cal_params_ee_addr, sensor_cal_params_length);
....................    delay_ms(1);
....................    ee_save_reg(&monCal, mon_cal_params_ee_addr, mon_cal_params_length);
....................    delay_ms(1);
....................    ee_save_reg(&paramsValid, params_valid_ee_addr, params_valid_length);
....................    delay_ms(1);
.................... }
.................... /*****************************************************************************/
.................... /* LOAD ALL PARAMS FROM EEPROM                                               */
.................... /*****************************************************************************/
.................... void params_load_from_ee()
.................... {
....................    ee_load_reg(&PID, pid_params_ee_addr, pid_params_length);
....................    ee_load_reg(&chMap, channel_map_ee_addr, channel_map_length);
....................    ee_load_reg(&chMode, channel_mode_ee_addr, channel_mode_length);
....................    ee_load_reg(&adcCal, adc_cal_params_ee_addr, adc_cal_params_length);
....................    ee_load_reg(&sensorCal, sensor_cal_params_ee_addr, sensor_cal_params_length);
....................    ee_load_reg(&monCal, mon_cal_params_ee_addr, mon_cal_params_length);
....................    ee_load_reg(&paramsValid, params_valid_ee_addr, params_valid_length);
.................... }
.................... 
.................... /*****************************************************************************/
.................... /* INITIALIZE PARAMS -- Include in main... Run on boot                       */
.................... /*****************************************************************************/
.................... void params_init()
.................... {
....................    ee_load_reg(&paramsValid, params_valid_ee_addr, params_valid_length);
....................    delay_ms(1);
....................    if (paramsValid != isValid)
....................    {
....................       paramsValid = isValid;
....................       params_save_to_ee(); // saves the base parameters on first boot
....................    }
....................    else
....................    {
....................       params_load_from_ee();
....................    }
.................... }
.................... 
.................... /*****************************************************************************/
.................... /* INVALIDATE PARAMS -- Restarting will load defauts                         */
.................... /*****************************************************************************/
.................... void params_invalidate()
.................... {
....................    paramsValid = invalidate;
....................    ee_save_reg(&paramsValid, params_valid_ee_addr, params_valid_length);
.................... }
.................... 
.................... #endif
.................... 
.................... #include <math.h>
.................... ////////////////////////////////////////////////////////////////////////////
.................... ////        (C) Copyright 1996,2011 Custom Computer Services            ////
.................... //// This source code may only be used by licensed users of the CCS C   ////
.................... //// compiler.  This source code may only be distributed to other       ////
.................... //// licensed users of the CCS C compiler.  No other use, reproduction  ////
.................... //// or distribution is permitted without written permission.           ////
.................... //// Derivative programs created using this software in object code     ////
.................... //// form are not restricted in any way.                                ////
.................... ////////////////////////////////////////////////////////////////////////////
.................... ////                                                                    ////
.................... //// History:                                                           ////
.................... ////  * 9/20/2001 :  Improvments are made to sin/cos code.              ////
.................... ////                 The code now is small, much faster,                ////
.................... ////                 and more accurate.                                 ////
.................... ////  * 2/21/2007 :  Compiler handles & operator differently and does   ////
.................... ////                 not return generic (int8 *) so type cast is done   ////
.................... ////  * 6/19/2010 :  Divisions by constants converted to multiplication ////
.................... ////                 by its inverse to improve computation speed        ////
.................... ////  * 1/21/2011 :  Constants used for double precision math updated   ////
.................... ////                 Updated routines include 64 bit versions of cos,   ////
.................... ////                 asin,atan,exp,log and dependant functions          ////
.................... ////  * 1/31/2011 :  Optimized current 32-bit float routines for cos    ////
.................... ////                 and log function                                   ////
.................... ////  * 6/13/2011 :  Fixed PCD overload CEIL_FLOOR functions for values ////
.................... ////                 greater then 10000000 and less then -10000000      ////
.................... ////                                                                    ////
.................... ////////////////////////////////////////////////////////////////////////////
.................... 
.................... #ifndef MATH_H
.................... #define MATH_H
.................... 
.................... #ifdef PI
.................... #undef  PI
.................... #endif
.................... #define PI     3.1415926535897932
.................... 
.................... 
.................... #define SQRT2  1.4142135623730950
.................... 
.................... //float const ps[4] = {5.9304945, 21.125224, 8.9403076, 0.29730279};
.................... //float const qs[4] = {1.0000000, 15.035723, 17.764134, 2.4934718};
.................... 
.................... ///////////////////////////// Round Functions //////////////////////////////
.................... 
.................... float32 CEIL_FLOOR(float32 x, unsigned int8 n)
.................... {
....................    float32 y, res;
....................    unsigned int16 l;
....................    int1 s;
.................... 
....................    s = 0;
....................    y = x;
.................... 
....................    if (x < 0)
....................    {
....................       s = 1;
....................       y = -y;
....................    }
.................... 
....................    if (y <= 32768.0)
....................       res = (float32)(unsigned int16)y;
.................... 
....................  else if (y < 10000000.0)
....................    { 
....................       l = (unsigned int16)(y*0.000030517578125);
....................       y = 32768.0*(y*0.000030517578125 - (float32)l);
....................       res = 32768.0*(float32)l;
....................       res += (float32)(unsigned int16)y;
....................    }
.................... 
....................  else
....................   res = y;
.................... 
....................  y = y - (float32)(unsigned int16)y;
.................... 
....................  if (s)
....................   res = -res;
.................... 
....................  if (y != 0)
....................  {
....................   if (s == 1 && n == 0)
....................    res -= 1.0;
.................... 
....................   if (s == 0 && n == 1)
....................    res += 1.0;
....................  }
....................  if (x == 0)
....................     res = 0;
.................... 
....................  return (res);
.................... }
.................... 
.................... // Overloaded Functions to take care for new Data types in PCD
.................... // Overloaded function CEIL_FLOOR() for data type - Float48
.................... #if defined(__PCD__)
.................... float48 CEIL_FLOOR(float48 x, unsigned int8 n)
.................... {
....................    float48 y, res;
....................    unsigned int32 l;
....................    int1 s;
.................... 
....................    s = 0;
....................    y = x;
.................... 
....................    if (x < 0)
....................    {
....................       s = 1;
....................       y = -y;
....................    }
.................... 
....................    if (y <= 32768.0)
....................       res = (float48)(unsigned int16)y;
.................... 
....................    else if (y < 549755813888.0)
....................    {
....................       l = (unsigned int32)(y*0.000030517578125);
....................       y = 32768.0*(y*0.000030517578125 - (float48)l);
....................       res = 32768.0*(float48)l;
....................       res += (float48)(unsigned int16)y;
....................    }
....................    else
....................    {  
....................       res = y;
....................       y = 0.0;
....................    }
....................    
....................    if(y != 0)
....................       y = y - (float48)(unsigned int16)y;
.................... 
....................    if (s)
....................       res = -res;
.................... 
....................    if (y != 0)
....................    {
....................       if (s == 1 && n == 0)
....................          res -= 1.0;
.................... 
....................       if (s == 0 && n == 1)
....................          res += 1.0;
....................    }
....................    if (x == 0)
....................       res = 0;
.................... 
....................    return (res);
.................... }
.................... 
.................... 
.................... // Overloaded function CEIL_FLOOR() for data type - Float64
.................... float64 CEIL_FLOOR(float64 x, unsigned int8 n)
.................... {
....................    float64 y, res;
....................    int64 l;
....................    int1 s;
.................... 
....................    s = 0;
....................    y = x;
.................... 
....................    if (x < 0)
....................    {
....................       s = 1;
....................       y = -y;
....................    }
.................... 
....................    if (y <= 32768.0)
....................       res = (float64)(unsigned int16)y;
....................    else if (y < 4503599627370496.0)
....................    {
....................       l = (int64)(y*0.000030517578125);
....................       y = 32768.0*(y*0.000030517578125 - (float64)l);
....................       res = 32768.0*(float64)l;
....................       res += (float64)(unsigned int16)y;
....................    }
....................    else
....................    {
....................       res = y;
....................       y = 0.0;
....................    }
....................    
....................    if(y != 0)
....................       y = y - (float64)(unsigned int16)y;
.................... 
....................    if (s)
....................       res = -res;
.................... 
....................    if (y != 0)
....................    {
....................       if (s == 1 && n == 0)
....................          res -= 1.0;
.................... 
....................       if (s == 0 && n == 1)
....................          res += 1.0;
....................    }
....................    
....................    if (x == 0)
....................       res = 0;
.................... 
....................    return (res);
.................... }
.................... #endif
.................... 
.................... ////////////////////////////////////////////////////////////////////////////
.................... //   float floor(float x)
.................... ////////////////////////////////////////////////////////////////////////////
.................... // Description : rounds down the number x.
.................... // Date : N/A
.................... //
.................... float32 floor(float32 x)
.................... {
....................    return CEIL_FLOOR(x,0);
.................... }
.................... // Following 2 functions are overloaded functions of floor() for PCD
.................... // Overloaded function floor() for data type - Float48
.................... #if defined(__PCD__)
.................... float48 floor(float48 x)
.................... {
....................    return CEIL_FLOOR(x, 0);
.................... }
.................... 
.................... // Overloaded function floor() for data type - Float64
.................... float64 floor(float64 x)
.................... {
....................    return CEIL_FLOOR(x, 0);
.................... }
.................... #endif
.................... 
.................... 
.................... ////////////////////////////////////////////////////////////////////////////
.................... //   float ceil(float x)
.................... ////////////////////////////////////////////////////////////////////////////
.................... // Description : rounds up the number x.
.................... // Date : N/A
.................... //
.................... float32 ceil(float32 x)
.................... {
....................    return CEIL_FLOOR(x, 1);
.................... }
.................... // Following 2 functions are overloaded functions of ceil() for PCD
.................... // Overloaded function ceil() for data type - Float48
.................... #if defined(__PCD__)
.................... float48 ceil(float48 x)
.................... {
....................    return CEIL_FLOOR(x, 1);
.................... }
.................... 
.................... // Overloaded function ceil() for data type - Float64
.................... float64 ceil(float64 x)
.................... {
....................    return CEIL_FLOOR(x, 1);
.................... }
.................... #endif
.................... 
....................  ////////////////////////////////////////////////////////////////////////////
.................... //   float fabs(float x)
.................... ////////////////////////////////////////////////////////////////////////////
.................... // Description : Computes the absolute value of floating point number x
.................... // Returns : returns the absolute value of x
.................... // Date : N/A
.................... //
.................... #define fabs abs
.................... 
.................... ////////////////////////////////////////////////////////////////////////////
.................... //   float fmod(float x)
.................... ////////////////////////////////////////////////////////////////////////////
.................... // Description : Computes the floating point remainder of x/y
.................... // Returns : returns the value of x= i*y, for some integer i such that, if y
.................... // is non zero, the result has the same isgn of x na dmagnitude less than the
.................... // magnitude of y. If y is zero then a domain error occurs.
.................... // Date : N/A
.................... //
.................... 
.................... float fmod(float32 x,float32 y)
.................... {
....................    float32 i;
....................    if (y!=0.0)
....................    {
....................       i=(x/y < 0.0)? ceil(x/y): floor(x/y);
....................       return(x-(i*y));
....................    }
....................    else
....................    {
....................    #ifdef _ERRNO
....................    {
....................       errno=EDOM;
....................    }
....................    #endif
....................    }
.................... }
.................... //Overloaded function for fmod() for PCD
.................... // Overloaded function fmod() for data type - Float48
.................... #if defined(__PCD__)
.................... float48 fmod(float48 x,float48 y)
.................... {
....................    float48 i;
....................    if (y!=0.0)
....................    {
....................       i=(x/y < 0.0)? ceil(x/y): floor(x/y);
....................       return(x-(i*y));
....................    }
....................    else
....................    {
....................    #ifdef _ERRNO
....................    {
....................       errno=EDOM;
....................    }
....................    #endif
....................    }
.................... }
.................... // Overloaded function fmod() for data type - Float64
.................... float64 fmod(float64 x,float64 y)
.................... {
....................    float64 i;
....................    if (y!=0.0)
....................    {
....................       i=(x/y < 0.0)? ceil(x/y): floor(x/y);
....................       return(x-(i*y));
....................    }
....................    else
....................    {
....................    #ifdef _ERRNO
....................    {
....................       errno=EDOM;
....................    }
....................    #endif
....................    }
.................... }
.................... #endif
.................... //////////////////// Exponential and logarithmic functions ////////////////////
.................... ////////////////////////////////////////////////////////////////////////////
.................... //   float exp(float x)
.................... ////////////////////////////////////////////////////////////////////////////
.................... // Description : returns the value (e^x)
.................... // Date : N/A
.................... //
.................... #define LN2 0.6931471805599453
.................... #define LN2_INV 1.4426950408889634073
.................... 
.................... float const pe[6] = {0.000207455774, 0.00127100575, 0.00965065093,
....................                      0.0554965651,  0.240227138,  0.693147172};
.................... 
.................... 
.................... float32 exp(float32 x)
.................... {
....................    float32 y, res, r;
....................    #if defined(__PCD__)
....................    int8 data1;
....................    #endif
....................    signed int8 n;
....................    int1 s;
....................    #ifdef _ERRNO
....................    if(x > 88.722838)
....................    {
....................       errno=ERANGE;
....................       return(0);
....................    }
....................    #endif
....................    n = (signed int16)(x*LN2_INV);
....................    s = 0;
....................    y = x;
.................... 
....................    if (x < 0)
....................    {
....................       s = 1;
....................       n = -n;
....................       y = -y;
....................    }
.................... 
....................    res = 0.0;
.................... #if !defined(__PCD__)
....................    *((unsigned int8 *)(&res)) = n + 0x7F;
.................... #endif
.................... 
.................... #if defined(__PCD__)  // Takes care of IEEE format for PCD
....................    data1 = n+0x7F;
....................    if(bit_test(data1,0))
....................    bit_set(*(((unsigned int8 *)(&res)+2)),7);
....................    rotate_right(&data1,1);
....................    bit_clear(data1,7);
....................    *(((unsigned int8 *)(&res)+3)) = data1;
.................... #endif
.................... 
....................    y = y*LN2_INV - (float32)n;
.................... 
....................    r = pe[0]*y + pe[1];
....................    r = r*y + pe[2];
....................    r = r*y + pe[3];
....................    r = r*y + pe[4];
....................    r = r*y + pe[5];
.................... 
....................    res = res*(1.0 + y*r);
.................... 
....................    if (s)
....................       res = 1.0/res;
....................    return(res);
.................... }
.................... 
.................... 
.................... //Overloaded function for exp() for PCD
.................... // Overloaded function exp() for data type - Float48
.................... #if defined(__PCD__)
.................... float48 exp(float48 x)
.................... {
....................    float48 y, res, r;
....................    int8 data1;
....................    signed int8 n;
....................    int1 s;
....................    #ifdef _ERRNO
....................    if(x > 88.722838)
....................    {
....................       errno=ERANGE;
....................       return(0);
....................    }
....................    #endif
....................    n = (signed int16)(x*LN2_INV);
....................    s = 0;
....................    y = x;
.................... 
....................    if (x < 0)
....................    {
....................       s = 1;
....................       n = -n;
....................       y = -y;
....................    }
.................... 
....................    res = 0.0;
.................... 
....................    data1 = n+0x7F;
....................    if(bit_test(data1,0))
....................    bit_set(*(((unsigned int8 *)(&res)+4)),7);
....................    rotate_right(&data1,1);
....................    bit_clear(data1,7);
....................    *(((unsigned int8 *)(&res)+5)) = data1;
.................... 
....................    y = y*LN2_INV - (float48)n;
.................... 
....................    r = pe[0]*y + pe[1];
....................    r = r*y + pe[2];
....................    r = r*y + pe[3];
....................    r = r*y + pe[4];
....................    r = r*y + pe[5];
.................... 
....................    res = res*(1.0 + y*r);
.................... 
....................    if (s)
....................       res = 1.0/res;
....................    return(res);
.................... }
.................... 
.................... // Overloaded function exp() for data type - Float64
.................... float64 const pe_64[12] ={9.30741400474913e-011,-4.28655416283316e-011,
....................                           8.71486547014137e-009,9.84458531538385e-008,
....................                           1.32588296983536e-006,1.52489283823016e-005,
....................                           0.000154037598423921,0.00133335487036216,
....................                           0.00961812936407326,0.0555041086222122,
....................                           0.240226506962827,0.693147180559823};
.................... 
.................... float64 exp(float64 x)
.................... {
....................    float64 y, res, r;
....................    unsigned int16 data1, data2;
....................    unsigned int16 *p;
....................    signed int16 n;
....................    int1 s;
....................    #ifdef _ERRNO
....................    if(x > 709.7827128)
....................    {
....................       errno=ERANGE;
....................       return(0);
....................    }
....................    #endif
....................    y = x*LN2_INV;
....................    n = (signed int16)y;
....................    s = 0;
....................    y = x;
.................... 
....................    if (x < 0)
....................    {
....................       s = 1;
....................       n = -n;
....................       y = -y;
....................    }
.................... 
....................    res = 0.0;
.................... 
.................... #if !defined(__PCD__)
....................    *((unsigned int16 *)(&res)) = n + 0x7F;
.................... #endif
....................    p= (((unsigned int16 *)(&res))+3);
....................    data1 = *p;
....................    data2 = *p;   
....................    data1 = n + 0x3FF;
....................    data1 = data1 <<4;
....................    if(bit_test(data2,15))
....................    bit_set(data1,15);
....................    data2 = data2 & 0x000F;
....................    data1 ^= data2;
.................... 
....................    *(((unsigned int16 *)(&res)+3)) = data1;
.................... 
.................... 
....................    y = y*LN2_INV - (float64)n;
.................... 
....................    r = pe_64[0]*y + pe_64[1];
....................    r = r*y + pe_64[2];
....................    r = r*y + pe_64[3];
....................    r = r*y + pe_64[4];
....................    r = r*y + pe_64[5];
....................    r = r*y + pe_64[6];
....................    r = r*y + pe_64[7];
....................    r = r*y + pe_64[8];
....................    r = r*y + pe_64[9];
....................    r = r*y + pe_64[10];
....................    r = r*y + pe_64[11];
....................    
....................    res = res*(1.0 + y*r);
.................... 
....................    if (s)
....................       res = 1.0/res;
....................    return(res);
.................... }
.................... #ENDIF
.................... 
.................... 
.................... /************************************************************/
.................... 
.................... float32 const pl[4] = {-1.080310025160955, 1.999999947089217};
.................... float32 const ql[4] = {0.091284365719509, -0.873491916557671};
.................... 
.................... ////////////////////////////////////////////////////////////////////////////
.................... //   float log(float x)
.................... ////////////////////////////////////////////////////////////////////////////
.................... // Description : returns the the natural log of x
.................... // Date : N/A
.................... //
.................... float32 log(float32 x)
.................... {
....................    float32 y, res, r, y2;
....................    #if defined(__PCD__)
....................    unsigned int8  data1,data2;
....................    #endif
....................    signed int8 n;
....................    #ifdef _ERRNO
....................    if(x <0)
....................    {
....................       errno=EDOM;
....................    }
....................    if(x ==0)
....................    {
....................       errno=ERANGE;
....................       return(0);
....................    }
....................    #endif
....................    y = x;
.................... 
....................    if (y != 1.0)
....................    {
.................... #if !defined(__PCD__)
....................     *((unsigned int8 *)(&y)) = 0x7E; 
.................... #endif
.................... 
.................... #if defined(__PCD__) // Takes care of IEEE format
....................    data2 = *(((unsigned int8 *)(&y))+3);
....................    *(((unsigned int8 *)(&y))+3) = 0x3F;
....................    data1 = *(((unsigned int8 *)(&y))+2);
....................    bit_clear(data1,7);
....................    *(((unsigned int8 *)(&y))+2) = data1;
....................    if(bit_test(data2,7))
....................      bit_set(*(((unsigned int8 *)(&y))+3),7);
.................... #endif
.................... 
....................       y = (y - 1.0)/(y + 1.0);
.................... 
....................       y2=y*y;
.................... 
....................       res = pl[0]*y2 + pl[1];
.................... 
....................       r = ql[0]*y2 + ql[1];
....................       r = r*y2 + 1.0;
.................... 
....................       res = y*res/r;
.................... #if !defined(__PCD__)
....................       n = *((unsigned int8 *)(&x)) - 0x7E;
.................... #endif
.................... #if defined(__PCD__) 
....................     data1 = *(((unsigned int8 *)(&x)+3));
....................     rotate_left(&data1,1);
....................     data2 = *(((unsigned int8 *)(&x)+2));
....................     if(bit_test (data2,7))
....................       bit_set(data1,0);
....................     n = data1 - 0x7E;
.................... #endif
.................... 
....................       if (n<0) 
....................          r = -(float32)-n;
....................       else
....................          r = (float32)n;
.................... 
....................       res += r*LN2;
....................    }
.................... 
....................    else
....................       res = 0.0;
.................... 
....................    return(res);
.................... }
.................... 
.................... //Overloaded function for log() for PCD
.................... // Overloaded function log() for data type - Float48
.................... #if defined(__PCD__)
.................... // Overloaded function log() for data type - float64
.................... float64 const pl_64[4] = {-0.145694052150681, 1.365485300000370,
....................                           -3.120535668274329, 2.000000000000000};
.................... 
.................... float64 const ql_64[4] = {0.006047500465908, -0.208298281937234,
....................                           1.113943039156721, -1.893601167470470};
.................... 
.................... float48 log(float48 x)
.................... {
....................    float48 y, res, r, y2;
....................    unsigned int8  data1,data2;
....................    signed int8 n;
.................... #ifdef _ERRNO
....................    if(x <0)
....................    {
....................       errno=EDOM;
....................    }
....................    if(x ==0)
....................    {
....................       errno=ERANGE;
....................       return(0);
....................    }
.................... #endif
....................    y = x;
.................... 
....................    if (y != 1.0)
....................    {
.................... 
.................... #if !defined(__PCD__)
....................       *((unsigned int8 *)(&y)) = 0x7E; 
.................... #endif
....................       data2 = *(((unsigned int8 *)(&y))+5);
....................       *(((unsigned int8 *)(&y))+5) = 0x3F;
....................       data1 = *(((unsigned int8 *)(&y))+4);
....................       bit_clear(data1,7);
....................       *(((unsigned int8 *)(&y))+4) = data1;
.................... 
....................       if(bit_test(data2,7))
....................       bit_set(*(((unsigned int8 *)(&y))+4),7);
....................       y = (y - 1.0)/(y + 1.0);
.................... 
....................       y2=y*y;
.................... 
....................       res = pl_64[0]*y2 + pl_64[1];
....................       res = res*y2 + pl_64[2];
....................       res = res*y2 + pl_64[3];
.................... 
....................       r = ql_64[0]*y2 + ql_64[1];
....................       r = r*y2 + ql_64[2];
....................       r = r*y2 + ql_64[3];
....................       r = r*y2 + 1.0; 
....................       res = y*res/r;
.................... 
....................       data1 = *(((unsigned int8 *)(&x)+5));
....................       rotate_left(&data1,1);
....................       data2 = *(((unsigned int8 *)(&x)+4));
....................       if(bit_test (data2,7))
....................       bit_set(data1,0);
....................       
....................       n = data1 - 0x7E;
.................... 
....................       if (n<0)
....................       r = -(float48)-n;
....................       else
....................       r = (float48)n;
.................... 
....................       res += r*LN2;
....................    }
.................... 
....................    else
....................    res = 0.0;
.................... 
....................    return(res);
.................... }
.................... 
.................... float64 log(float64 x)
.................... {
....................    float64 y, res, r, y2;
....................    unsigned int16  data1,data2;
....................    unsigned int16 *p;
....................    signed int16 n;
....................    #ifdef _ERRNO
....................    if(x <0)
....................    {
....................       errno=EDOM;
....................    }
....................    if(x ==0)
....................    {
....................       errno=ERANGE;
....................       return(0);
....................    }
....................    #endif
....................    y = x;
.................... 
....................    if (y != 1.0)
....................    {
....................    #if !defined(__PCD__)
....................        *((unsigned int8 *)(&y)) = 0x7E; 
....................    #endif
....................       p= (((unsigned int16 *)(&y))+3);
....................       data1 = *p;
....................       data2 = *p;
....................       data1 = 0x3FE;
....................       data1 = data1 <<4;
....................       if(bit_test (data2,15))
....................          bit_set(data1,15);
....................       data2 = data2 & 0x000F;
....................       data1 ^=data2;
.................... 
....................       *p = data1;
.................... 
....................       y = (y - 1.0)/(y + 1.0);
.................... 
....................       y2=y*y;
.................... 
....................       res = pl_64[0]*y2 + pl_64[1];
....................       res = res*y2 + pl_64[2];
....................       res = res*y2 + pl_64[3];
.................... 
....................       r = ql_64[0]*y2 + ql_64[1];
....................       r = r*y2 + ql_64[2];
....................       r = r*y2 + ql_64[3];
....................       r = r*y2 + 1.0;
.................... 
....................       res = y*res/r;
....................  
....................       p= (((unsigned int16 *)(&x))+3);
....................       data1 = *p;
....................       bit_clear(data1,15);
....................       data1 = data1 >>4;    
....................       n = data1 - 0x3FE;
.................... 
.................... 
....................       if (n<0)
....................          r = -(float64)-n;
....................       else
....................          r = (float64)n;
.................... 
....................       res += r*LN2;
....................    }
.................... 
....................    else
....................       res = 0.0;
.................... 
....................    return(res);
.................... }
.................... #endif
.................... 
.................... 
.................... #define LN10 2.3025850929940456
.................... #define LN10_INV 0.4342944819032518276
.................... 
.................... ////////////////////////////////////////////////////////////////////////////
.................... //   float log10(float x)
.................... ////////////////////////////////////////////////////////////////////////////
.................... // Description : returns the the log base 10 of x
.................... // Date : N/A
.................... //
.................... float32 log10(float32 x)
.................... {
....................    float32 r;
.................... 
....................    r = log(x);
....................    r = r*LN10_INV;
....................    return(r);
.................... }
.................... 
.................... //Overloaded functions for log10() for PCD
.................... // Overloaded function log10() for data type - Float48
.................... #if defined(__PCD__)
.................... float48 log10(float48 x)
.................... {
....................    float48 r;
.................... 
....................    r = log(x);
....................    r = r*LN10_INV;
....................    return(r);
.................... }
.................... 
.................... // Overloaded function log10() for data type - Float64
.................... float64 log10(float64 x)
.................... {
....................    float64 r;
.................... 
....................    r = log(x);
....................    r = r*LN10_INV;
....................    return(r);
.................... }
.................... #endif
.................... ////////////////////////////////////////////////////////////////////////////
.................... //   float modf(float x)
.................... ////////////////////////////////////////////////////////////////////////////
.................... // Description :breaks the argument value int integral and fractional parts,
.................... // ach of which have the same sign as the argument.  It stores the integral part
.................... // as a float in the object pointed to by the iptr
.................... // Returns : returns the signed fractional part of value.
.................... // Date : N/A
.................... //
.................... 
.................... float32 modf(float32 value,float32 *iptr)
.................... {
....................    *iptr=(value < 0.0)? ceil(value): floor(value);
....................    return(value - *iptr);
.................... }
.................... //Overloaded functions for modf() for PCD
.................... // Overloaded function modf() for data type - Float48
.................... #if defined(__PCD__)
.................... float48 modf(float48 value,float48 *iptr)
.................... {
....................    *iptr=(value < 0.0)? ceil(value): floor(value);
....................    return(value - *iptr);
.................... }
.................... // Overloaded function modf() for data type - Float64
.................... float64 modf(float64 value,float64 *iptr)
.................... {
....................    *iptr=(value < 0.0)? ceil(value): floor(value);
....................    return(value - *iptr);
.................... }
.................... #endif
.................... 
.................... ////////////////////////////////////////////////////////////////////////////
.................... //   float pwr(float x,float y)
.................... ////////////////////////////////////////////////////////////////////////////
.................... // Description : returns the value (x^y)
.................... // Date : N/A
.................... // Note : 0 is returned when the function will generate an imaginary number
.................... //
.................... float32 pwr(float32 x,float32 y)
.................... {
....................    if(0 > x && fmod(y, 1) == 0) {
....................       if(fmod(y, 2) == 0) {
....................          return (exp(log(-x) * y));
....................       } else {
....................          return (-exp(log(-x) * y));
....................       }
....................    } else if(0 > x && fmod(y, 1) != 0) {
....................       return 0;
....................    } else {
....................       if(x != 0 || 0 >= y) {
....................          return (exp(log(x) * y));
....................       }
....................    }
.................... }
.................... //Overloaded functions for pwr() for PCD
.................... // Overloaded function pwr() for data type - Float48
.................... #if defined(__PCD__)
.................... float48 pwr(float48 x,float48 y)
.................... {
....................    if(0 > x && fmod(y, 1) == 0) {
....................       if(fmod(y, 2) == 0) {
....................          return (exp(log(-x) * y));
....................       } else {
....................          return (-exp(log(-x) * y));
....................       }
....................    } else if(0 > x && fmod(y, 1) != 0) {
....................       return 0;
....................    } else {
....................       if(x != 0 || 0 >= y) {
....................          return (exp(log(x) * y));
....................       } else return 0;
....................    }
.................... }
.................... // Overloaded function pwr() for data type - Float64
.................... float64 pwr(float64 x,float64 y)
.................... {
....................    if(0 > x && fmod(y, 1) == 0) {
....................       if(fmod(y, 2) == 0) {
....................          return (exp(log(-x) * y));
....................       } else {
....................          return (-exp(log(-x) * y));
....................       }
....................    } else if(0 > x && fmod(y, 1) != 0) {
....................       return 0;
....................    } else {
....................       if(x != 0 || 0 >= y) {
....................          return (exp(log(x) * y));
....................       } else return 0;
....................    }
.................... }
.................... #endif
.................... 
.................... //////////////////// Power functions ////////////////////
.................... 
.................... ////////////////////////////////////////////////////////////////////////////
.................... //   float pow(float x,float y)
.................... ////////////////////////////////////////////////////////////////////////////
.................... // Description : returns the value (x^y)
.................... // Date : N/A
.................... // Note : 0 is returned when the function will generate an imaginary number
.................... //
.................... float32 pow(float32 x,float32 y)
.................... {
....................    if(0 > x && fmod(y, 1) == 0) {
....................       if(fmod(y, 2) == 0) {
....................          return (exp(log(-x) * y));
....................       } else {
....................          return (-exp(log(-x) * y));
....................       }
....................    } else if(0 > x && fmod(y, 1) != 0) {
....................       return 0;
....................    } else {
....................       if(x != 0 || 0 >= y) {
....................          return (exp(log(x) * y));
....................       } else return 0;
....................    }
.................... }
.................... //Overloaded functions for pow() for PCD
.................... // Overloaded function for pow() data type - Float48
.................... #if defined(__PCD__)
.................... float48 pow(float48 x,float48 y)
.................... {
....................    if(0 > x && fmod(y, 1) == 0) {
....................       if(fmod(y, 2) == 0) {
....................          return (exp(log(-x) * y));
....................       } else {
....................          return (-exp(log(-x) * y));
....................       }
....................    } else if(0 > x && fmod(y, 1) != 0) {
....................       return 0;
....................    } else {
....................       if(x != 0 || 0 >= y) {
....................          return (exp(log(x) * y));
....................       } else return 0;
....................    }
.................... }
.................... 
.................... // Overloaded function pow() for data type - Float64
.................... float64 pow(float64 x,float64 y)
.................... {
....................    if(0 > x && fmod(y, 1) == 0) {
....................       if(fmod(y, 2) == 0) {
....................          return (exp(log(-x) * y));
....................       } else {
....................          return (-exp(log(-x) * y));
....................       }
....................    } else if(0 > x && fmod(y, 1) != 0) {
....................       return 0;
....................    } else {
....................       if(x != 0 || 0 >= y) {
....................          return (exp(log(x) * y));
....................       } else return 0;
....................    }
.................... }
.................... #endif
.................... 
.................... ////////////////////////////////////////////////////////////////////////////
.................... //   float sqrt(float x)
.................... ////////////////////////////////////////////////////////////////////////////
.................... // Description : returns the square root of x
.................... // Date : N/A
.................... //
.................... float32 sqrt(float32 x)
.................... {
....................    float32 y, res;
....................    #if defined(__PCD__)
....................    unsigned int16 data1,data2;
....................    #endif
....................    #if !defined(__PCD__)
....................    unsigned int8 *p;
....................    #endif
.................... 
....................    #ifdef _ERRNO
....................    if(x < 0)
....................    {
....................       errno=EDOM;
....................    }
....................    #endif
.................... 
....................    if( x<=0.0)
....................       return(0.0);
.................... 
....................    y=x;
....................    
....................    #if !defined(__PCD__)
....................     p=&y;
....................    (*p)=(unsigned int8)((((unsigned int16)(*p)) + 127) >> 1);
....................    #endif
....................    
....................    #if defined(__PCD__)
....................     data1 = *(((unsigned int8 *)(&y))+3);
....................     data2 = *(((unsigned int8 *)(&y))+2);
....................     rotate_left(&data1,1);    
....................     if(bit_test(data2,7))    
....................        bit_set(data1,0);    
....................     data1 = ((data1+127) >>1);
....................     bit_clear(data2,7);
....................     if(bit_test(data1,0))
....................        bit_set(data2,7);
....................     data1 = data1 >>1;
....................     *(((unsigned int8 *)(&y))+3) = data1;
....................     *(((unsigned int8 *)(&y))+2) = data2;
....................     
....................   #endif
.................... 
....................    do {
....................       res=y;
....................       y+=(x/y);
.................... 
....................       #if !defined(__PCD__)
....................      (*p)--;
....................    #endif
....................    
....................    #if defined(__PCD__)
....................     data1 = *(((unsigned int8 *)(&y))+3);
....................     data2 = *(((unsigned int8 *)(&y))+2);
....................     rotate_left(&data1,1);
....................     if(bit_test(data2,7))
....................        bit_set(data1,0);    
....................     data1--;
....................     bit_clear(data2,7);
....................     if(bit_test(data1,0))
....................        bit_set(data2,7);
....................     data1 = data1 >>1;
....................     *(((unsigned int8 *)(&y))+3) = data1;
....................     *(((unsigned int8 *)(&y))+2) = data2;
....................     
....................   #endif
....................    } while(res != y);
.................... 
....................    return(res);
.................... }
.................... //Overloaded functions for sqrt() for PCD
.................... // Overloaded function sqrt() for data type - Float48
.................... #if defined(__PCD__)
.................... float48 sqrt(float48 x)
.................... {
....................    float48 y, res;
....................    unsigned int16 data1,data2;
....................    unsigned int8 *p;
.................... 
....................    #ifdef _ERRNO
....................    if(x < 0)
....................    {
....................       errno=EDOM;
....................    }
....................    #endif
.................... 
....................    if( x<=0.0)
....................       return(0.0);
.................... 
....................    y=x;
....................    
....................    #if !defined(__PCD__)
....................     p=&y;
....................    (*p)=(unsigned int8)((((unsigned int16)(*p)) + 127) >> 1);
....................    #endif
....................    
....................    #if defined(__PCD__)
....................     p = (((unsigned int8 *)(&y))+5);
....................     data1 = *(((unsigned int8 *)(&y))+5);
....................     data2 = *(((unsigned int8 *)(&y))+4);
....................     rotate_left(&data1,1);
....................     if(bit_test(data2,7))
....................        bit_set(data1,0);    
....................     data1 = ((data1+127) >>1);
....................     bit_clear(data2,7);
....................     if(bit_test(data1,0))
....................        bit_set(data2,7);
....................     data1 = data1 >>1;
....................     *(((unsigned int8 *)(&y))+5) = data1;
....................     *(((unsigned int8 *)(&y))+4) = data2;
....................     
....................   #endif
.................... 
....................    do {
....................       res=y;
....................       y+=(x/y);
.................... 
....................       #if !defined(__PCD__)
....................      (*p)--;
....................    #endif
....................    
....................     data1 = *(((unsigned int8 *)(&y))+5);
....................     data2 = *(((unsigned int8 *)(&y))+4);
....................     rotate_left(&data1,1);
....................     if(bit_test(data2,7))
....................        bit_set(data1,0);    
....................     data1--;
....................     bit_clear(data2,7);
....................     if(bit_test(data1,0))
....................        bit_set(data2,7);
....................     data1 = data1 >>1;
....................     *(((unsigned int8 *)(&y))+5) = data1;
....................     *(((unsigned int8 *)(&y))+4) = data2;
....................     
....................    } while(res != y);
.................... 
....................    return(res);
.................... }
.................... 
.................... // Overloaded function sqrt() for data type - Float64
.................... float64 sqrt(float64 x)
.................... {
....................    float64 y, res;
....................    unsigned int16 *p;
....................    unsigned int16 temp1,temp2;
.................... 
....................    #ifdef _ERRNO
....................    if(x < 0)
....................    {
....................       errno=EDOM;
....................    }
....................    #endif
.................... 
....................    if( x<=0.0)
....................       return(0.0);
.................... 
....................    y=x;
....................    p= (((unsigned int16 *)(&y))+3);
....................    temp1 = *p;
....................    temp2 = *p;
....................    bit_clear(temp1,15);
....................    temp1 = (temp1>>4)+1023;
....................    temp1 = temp1 >> 1;
....................    temp1 = (temp1<<4) & 0xFFF0;
....................    if(bit_test(temp2,15))
....................       bit_set(temp1,15);
....................    temp2 = temp2 & 0x000F;
....................    temp1 ^= temp2;
....................    
....................    (*p) = temp1;
....................    
....................    do {
....................       res=y;
....................       y+=(x/y);
....................      temp1 = *p;
....................      temp2 = *p;
....................      bit_clear(temp1,15);
....................      temp1 = (temp1>>4);
....................      temp1--;
....................      temp1 = (temp1<<4) & 0xFFF0;
....................      if(bit_test(temp2,15))
....................         bit_set(temp1,15);
....................      temp2 = temp2 & 0x000F;
....................      temp1 ^= temp2;
....................      (*p) = temp1;
.................... 
....................    } while(res != y);
.................... 
....................    return(res);
.................... }
.................... #endif
.................... 
.................... ////////////////////////////// Trig Functions //////////////////////////////
.................... #ifdef PI_DIV_BY_TWO_INV
.................... #undef PI_DIV_BY_TWO_INV
.................... #endif
.................... #define PI_DIV_BY_TWO_INV 0.63661977236758134
.................... #ifdef PI_DIV_BY_TWO
.................... #undef PI_DIV_BY_TWO
.................... #endif
.................... #define PI_DIV_BY_TWO   1.5707963267948966
.................... #ifdef TWOBYPI
.................... #undef TWOBYPI
.................... #endif
.................... #define TWOBYPI          0.6366197723675813
.................... 
.................... ////////////////////////////////////////////////////////////////////////////
.................... //   float cos(float x)
.................... ////////////////////////////////////////////////////////////////////////////
.................... // Description : returns the cosine value of the angle x, which is in radian
.................... // Date : 9/20/2001
.................... //
.................... float32 cos(float32 x)
.................... {
....................    float32 y, t, t2 = 1.0;
....................    unsigned int8 quad, i;
....................    float32 frac;
....................    float32 p[5] = {                    //by the series definition for cosine
....................       -0.49999999456337096,            // sum ( ( (-1)^n * x^2n )/(2n)! )
....................        0.04166663896921267,
....................       -0.00138883894522527,
....................        0.00002476138231734,
....................       -0.00000026070414770
....................       //-0.00000000001147,
....................       // 0.00000000000005
....................    };
.................... 
....................    if (x < 0) x = -x;                  // absolute value of input
.................... 
....................    quad = (unsigned int8)(x * PI_DIV_BY_TWO_INV);    // quadrant
....................    frac = (x * PI_DIV_BY_TWO_INV) - quad;  // fractional part of input
....................    quad = quad % 4;                    // quadrant (0 to 3)
.................... 
....................    if (quad == 0 || quad == 2)
....................       t = frac * PI_DIV_BY_TWO;
....................    else if (quad == 1)
....................       t = (1-frac) * PI_DIV_BY_TWO;
....................    else // should be 3
....................       t = (frac-1) * PI_DIV_BY_TWO;
.................... 
....................    y = 1.0;
....................    t = t * t;
....................    for (i = 0; i <= 4; i++)
....................    {
....................       t2 = t2 * t;
....................       y = y + p[i] * t2;
....................    }
.................... 
....................    if (quad == 2 || quad == 1)
....................       y = -y;  // correct sign
.................... 
....................    return (y);
.................... }
.................... 
.................... 
.................... //Overloaded functions for cos() for PCD
.................... // Overloaded function cos() for data type - Float48
.................... #if defined(__PCD__)
.................... float48 cos(float48 x)
.................... {
....................    float48 y, t, t2 = 1.0;
....................    unsigned int8 quad, i;
....................    float48 frac;
....................    float48 p[6] = {                    //by the series definition for cosine
....................       -0.5,                            // sum ( ( (-1)^n * x^2n )/(2n)! )
....................        0.04166666666667,
....................       -0.00138888888889,
....................        0.00002480158730,
....................       -0.00000027557319,
....................        0.00000000208767
....................    };
.................... 
....................    if (x < 0) x = -x;                  // absolute value of input
.................... 
....................    quad = (unsigned int8)(x * PI_DIV_BY_TWO_INV);    // quadrant
....................    frac = (x * PI_DIV_BY_TWO_INV) - quad;  // fractional part of input
....................    quad = quad % 4;                    // quadrant (0 to 3)
.................... 
....................    if (quad == 0 || quad == 2)
....................       t = frac * PI_DIV_BY_TWO;
....................    else if (quad == 1)
....................       t = (1-frac) * PI_DIV_BY_TWO;
....................    else // should be 3
....................       t = (frac-1) * PI_DIV_BY_TWO;
.................... 
....................    y = 0.999999999781;
....................    t = t * t;
....................    for (i = 0; i <= 5; i++)
....................    {
....................       t2 = t2 * t;
....................       y = y + p[i] * t2;
....................    }
.................... 
....................    if (quad == 2 || quad == 1)
....................       y = -y;  // correct sign
.................... 
....................    return (y);
.................... }
.................... 
.................... // Overloaded function cos() for data type - Float64
.................... float64 cos(float64 x)
.................... {
....................    float64 y, t, t2 = 1.0;
....................    unsigned int8 quad, i;
....................    float64 frac;
....................    float64 p_64[9] = {               //by the series definition for cosine
....................      -0.49999999999998740,           // sum ( ( (-1)^n * x^2n )/(2n)! )             
....................       0.04166666666656518,
....................      -0.00138888888851691,
....................       0.00002480158658490,
....................      -0.00000027557239796,
....................       0.00000000208715031,
....................      -0.00000000001126577,
....................       0.00000000000000427,
....................       0.00000000000000372};
.................... 
....................    if (x < 0) x = -x;                  // absolute value of input
.................... 
....................    quad = (unsigned int8)(x * PI_DIV_BY_TWO_INV);    // quadrant
....................    frac = (x * PI_DIV_BY_TWO_INV) - quad;  // fractional part of input
....................    quad = quad % 4;                    // quadrant (0 to 3)
.................... 
....................    if (quad == 0 || quad == 2)
....................       t = frac * PI_DIV_BY_TWO;
....................    else if (quad == 1)
....................       t = (1-frac) * PI_DIV_BY_TWO;
....................    else // should be 3
....................       t = (frac-1) * PI_DIV_BY_TWO;
.................... 
....................    y = 1.0;
....................    t = t * t;
....................    for (i = 0; i <= 8; i++)
....................    {
....................       t2 = t2 * t;
....................       y = y + p_64[i] * t2;
....................    }
.................... 
....................    if (quad == 2 || quad == 1)
....................       y = -y;  // correct sign
.................... 
....................    return (y);
.................... }
.................... 
.................... #endif
.................... 
.................... ////////////////////////////////////////////////////////////////////////////
.................... //   float sin(float x)
.................... ////////////////////////////////////////////////////////////////////////////
.................... // Description : returns the sine value of the angle x, which is in radian
.................... // Date : 9/20/2001
.................... //
.................... float32 sin(float32 x)
.................... {
....................    return cos(x - PI_DIV_BY_TWO);
.................... }
.................... 
.................... //Overloaded functions for sin() for PCD
.................... // Overloaded function sin() for data type - Float48
.................... #if defined(__PCD__)
.................... float48 sin(float48 x)
.................... {
....................    return cos(x - PI_DIV_BY_TWO);
.................... }
.................... 
.................... // Overloaded function sin() for data type - Float48
.................... float64 sin(float64 x)
.................... {
....................    return cos(x - PI_DIV_BY_TWO);
.................... }
.................... #endif
.................... 
.................... ////////////////////////////////////////////////////////////////////////////
.................... //   float tan(float x)
.................... ////////////////////////////////////////////////////////////////////////////
.................... // Description : returns the tangent value of the angle x, which is in radian
.................... // Date : 9/20/2001
.................... //
.................... float32 tan(float32 x)
.................... {
....................    float32 c, s;
.................... 
....................    c = cos(x);
....................    if (c == 0.0)
....................       return (1.0e+36);
.................... 
....................    s = sin(x);
....................    return(s/c);
.................... }
.................... //Overloaded functions for tan() for PCD
.................... // Overloaded function tan() for data type - Float48
.................... #if defined(__PCD__)
.................... float48 tan(float48 x)
.................... {
....................    float48 c, s;
.................... 
....................    c = cos(x);
....................    if (c == 0.0)
....................       return (1.0e+36);
.................... 
....................    s = sin(x);
....................    return(s/c);
.................... }
.................... 
.................... // Overloaded function tan() for data type - Float48
.................... float64 tan(float64 x)
.................... {
....................    float64 c, s;
.................... 
....................    c = cos(x);
....................    if (c == 0.0)
....................       return (1.0e+36);
.................... 
....................    s = sin(x);
....................    return(s/c);
.................... }
.................... #endif
.................... 
.................... float32 const pas[3] = {0.49559947, -4.6145309, 5.6036290};
.................... float32 const qas[3] = {1.0000000,  -5.5484666, 5.6036290};
.................... 
.................... float32 ASIN_COS(float32 x, unsigned int8 n)
.................... {
....................    float32 y, res, r, y2;
....................    int1 s;
....................    #ifdef _ERRNO
....................    if(x <-1 || x > 1)
....................    {
....................       errno=EDOM;
....................    }
....................    #endif
....................    s = 0;
....................    y = x;
.................... 
....................    if (x < 0)
....................    {
....................       s = 1;
....................       y = -y;
....................    }
.................... 
....................    if (y > 0.5)
....................    {
....................       y = sqrt((1.0 - y)*0.5);
....................       n += 2;
....................    }
.................... 
....................    y2=y*y;
.................... 
....................    res = pas[0]*y2 + pas[1];
....................    res = res*y2 + pas[2];
.................... 
....................    r = qas[0]*y2 + qas[1];
....................    r = r*y2 + qas[2];
.................... 
....................    res = y*res/r;
.................... 
....................    if (n & 2)     // |x| > 0.5
....................       res = PI_DIV_BY_TWO - 2.0*res;
....................    if (s)
....................       res = -res;
....................    if (n & 1)           // take arccos
....................       res = PI_DIV_BY_TWO - res;
.................... 
....................    return(res);
.................... }
.................... 
.................... 
.................... //Overloaded functions for ASIN_COS() for PCD
.................... // Overloaded function ASIN_COS() for data type - Float48
.................... #if defined(__PCD__)
.................... float48 ASIN_COS(float48 x, unsigned int8 n)
.................... {
....................    float48 y, res, r, y2;
....................    int1 s;
....................    #ifdef _ERRNO
....................    if(x <-1 || x > 1)
....................    {
....................       errno=EDOM;
....................    }
....................    #endif
....................    s = 0;
....................    y = x;
.................... 
....................    if (x < 0)
....................    {
....................       s = 1;
....................       y = -y;
....................    }
.................... 
....................    if (y > 0.5)
....................    {
....................       y = sqrt((1.0 - y)*0.5);
....................       n += 2;
....................    }
.................... 
....................    y2=y*y;
.................... 
....................    res = pas[0]*y2 + pas[1];
....................    res = res*y2 + pas[2];
.................... 
....................    r = qas[0]*y2 + qas[1];
....................    r = r*y2 + qas[2];
.................... 
....................    res = y*res/r;
.................... 
....................    if (n & 2)     // |x| > 0.5
....................       res = PI_DIV_BY_TWO - 2.0*res;
....................    if (s)
....................       res = -res;
....................    if (n & 1)           // take arccos
....................       res = PI_DIV_BY_TWO - res;
.................... 
....................    return(res);
.................... }
.................... 
.................... // Overloaded function ASIN_COS() for data type - Float64
.................... double pas_64[5]={1.000000000000000,-2.069938587724477,1.421444580548907,
....................                  -0.360690137621842,0.024929451660228};
.................... 
.................... double qas_64[5]={-2.236605254391134,1.719212122946451,-0.524122954476133,
....................                    0.052808872045749,-0.000662536036570};
....................                    
.................... float64 ASIN_COS(float64 x, unsigned int8 n)
.................... {
....................    float64 y, res, r, y2;
....................    int1 s;
....................    #ifdef _ERRNO
....................    if(x <-1 || x > 1)
....................    {
....................       errno=EDOM;
....................    }
....................    #endif
....................    s = 0;
....................    y = x;
.................... 
....................    if (x < 0)
....................    {
....................       s = 1;
....................       y = -y;
....................    }
.................... 
....................    if (y > 0.5)
....................    {
....................       y = sqrt((1.0 - y)*0.5);
....................       n += 2;
....................    }
.................... 
....................    y2=y*y;
.................... 
....................    res = pas_64[4]*y2 + pas_64[3];
....................    res = res*y2 + pas_64[2];
....................    res = res*y2 + pas_64[1];
....................    res = res*y2 + pas_64[0];
.................... 
....................    r = qas_64[4]*y2 + qas_64[3];
....................    r = r*y2 + qas_64[2];
....................    r = r*y2 + qas_64[1];
....................    r = r*y2 + qas_64[0];
....................    r = r*y2 + 1.0;
.................... 
....................    res = y*res/r;
.................... 
....................    if (n & 2)     // |x| > 0.5
....................       res = PI_DIV_BY_TWO - 2.0*res;
....................    if (s)
....................       res = -res;
....................    if (n & 1)           // take arccos
....................       res = PI_DIV_BY_TWO - res;
.................... 
....................    return(res);
.................... }
.................... #endif
.................... 
.................... ////////////////////////////////////////////////////////////////////////////
.................... //   float asin(float x)
.................... ////////////////////////////////////////////////////////////////////////////
.................... // Description : returns the arcsine value of the value x.
.................... // Date : N/A
.................... //
.................... float32 asin(float32 x)
.................... {
....................    float32 r;
.................... 
....................    r = ASIN_COS(x, 0);
....................    return(r);
.................... }
.................... //Overloaded functions for asin() for PCD
.................... // Overloaded function asin() for data type - Float48
.................... #if defined(__PCD__)
.................... float48 asin(float48 x)
.................... {
....................    float48 r;
.................... 
....................    r = ASIN_COS(x, 0);
....................    return(r);
.................... }
.................... 
.................... // Overloaded function asin() for data type - Float64
.................... float64 asin(float64 x)
.................... {
....................    float64 r;
.................... 
....................    r = ASIN_COS(x, 0);
....................    return(r);
.................... }
.................... #endif
.................... 
.................... ////////////////////////////////////////////////////////////////////////////
.................... //   float acos(float x)
.................... ////////////////////////////////////////////////////////////////////////////
.................... // Description : returns the arccosine value of the value x.
.................... // Date : N/A
.................... //
.................... float32 acos(float32 x)
.................... {
....................    float32 r;
.................... 
....................    r = ASIN_COS(x, 1);
....................    return(r);
.................... }
.................... //Overloaded functions for acos() for PCD
.................... // Overloaded function acos() for data type - Float48
.................... #if defined(__PCD__)
.................... float48 acos(float48 x)
.................... {
....................    float48 r;
.................... 
....................    r = ASIN_COS(x, 1);
....................    return(r);
.................... }
.................... 
.................... // Overloaded function acos() for data type - Float64
.................... float64 acos(float64 x)
.................... {
....................    float64 r;
.................... 
....................    r = ASIN_COS(x, 1);
....................    return(r);
.................... }
.................... #endif
.................... 
.................... float32 const pat[4] = {0.17630401, 5.6710795, 22.376096, 19.818457};
.................... float32 const qat[4] = {1.0000000,  11.368190, 28.982246, 19.818457};
.................... 
.................... ////////////////////////////////////////////////////////////////////////////
.................... //   float atan(float x)
.................... ////////////////////////////////////////////////////////////////////////////
.................... // Description : returns the arctangent value of the value x.
.................... // Date : N/A
.................... //
.................... float32 atan(float32 x)
.................... {
....................    float32 y, res, r;
....................    int1 s, flag;
.................... 
....................    s = 0;
....................    flag = 0;
....................    y = x;
.................... 
....................    if (x < 0)
....................    {
....................       s = 1;
....................       y = -y;
....................    }
.................... 
....................    if (y > 1.0)
....................    {
....................       y = 1.0/y;
....................       flag = 1;
....................    }
.................... 
....................    res = pat[0]*y*y + pat[1];
....................    res = res*y*y + pat[2];
....................    res = res*y*y + pat[3];
.................... 
....................    r = qat[0]*y*y + qat[1];
....................    r = r*y*y + qat[2];
....................    r = r*y*y + qat[3];
.................... 
....................    res = y*res/r;
.................... 
.................... 
....................    if (flag)                              // for |x| > 1
....................       res = PI_DIV_BY_TWO - res;
....................    if (s)
....................       res = -res;
.................... 
....................    return(res);
.................... }
.................... //Overloaded functions for atan() for PCD
.................... // Overloaded function atan() for data type - Float48
.................... #if defined(__PCD__)
.................... float48 atan(float48 x)
.................... {
....................    float48 y, res, r;
....................    int1 s, flag;
.................... 
....................    s = 0;
....................    flag = 0;
....................    y = x;
.................... 
....................    if (x < 0)
....................    {
....................       s = 1;
....................       y = -y;
....................    }
.................... 
....................    if (y > 1.0)
....................    {
....................       y = 1.0/y;
....................       flag = 1;
....................    }
.................... 
....................    res = pat[0]*y*y + pat[1];
....................    res = res*y*y + pat[2];
....................    res = res*y*y + pat[3];
.................... 
....................    r = qat[0]*y*y + qat[1];
....................    r = r*y*y + qat[2];
....................    r = r*y*y + qat[3];
.................... 
....................    res = y*res/r;
.................... 
.................... 
....................    if (flag)                              // for |x| > 1
....................       res = PI_DIV_BY_TWO - res;
....................    if (s)
....................       res = -res;
.................... 
....................    return(res);
.................... }
.................... 
.................... float64 pat_64[6]={0.999999999999999,2.249923645595566,1.771541617806449,
....................                    0.579678874003185,0.072162702162882,0.002281100141660};
.................... 
.................... float64 qat_64[6]={2.583256978928510,2.432627277466967,1.016760379885393,
....................                    0.182482977188688,0.011155377971690,0.000100013019160};
.................... // Overloaded function atan() for data type - Float64
.................... float64 atan(float64 x)
.................... {
....................    float64 y,y2, res, r;
....................    int1 s, flag;
.................... 
....................    s = 0;
....................    flag = 0;
....................    y = x;
.................... 
....................    if (x < 0)
....................    {
....................       s = 1;
....................       y = -y;
....................    }
.................... 
....................    if (y > 1.0)
....................    {
....................       y = 1.0/y;
....................       flag = 1;
....................    }
....................    y2 = y*y;
....................    res = pat_64[5]*y2 + pat_64[4];
....................    res = res*y2 + pat_64[3];
....................    res = res*y2 + pat_64[2];
....................    res = res*y2 + pat_64[1];
....................    res = res*y2 + pat_64[0];
.................... 
....................    r = qat_64[5]*y2 + qat_64[4];
....................    r = r*y2 + qat_64[3];
....................    r = r*y2 + qat_64[2];
....................    r = r*y2 + qat_64[1];
....................    r = r*y2 + qat_64[0];
....................    r = r*y2 + 1.0;
.................... 
....................    res = y*res/r;
.................... 
.................... 
....................    if (flag)                              // for |x| > 1
....................       res = PI_DIV_BY_TWO - res;
....................    if (s)
....................       res = -res;
.................... 
....................    return(res);
.................... }
.................... #endif
.................... 
.................... /////////////////////////////////////////////////////////////////////////////
.................... //   float atan2(float y, float x)
.................... /////////////////////////////////////////////////////////////////////////////
.................... // Description :computes the principal value of arc tangent of y/x, using the
.................... // signs of both the arguments to determine the quadrant of the return value
.................... // Returns : returns the arc tangent of y/x.
.................... // Date : N/A
.................... //
.................... 
.................... float32 atan2(float32 y,float32 x)
.................... {
....................    float32 z;
....................    int1 sign;
....................    unsigned int8 quad;
....................    sign=0;
....................    quad=0; //quadrant
....................    quad=((y<=0.0)?((x<=0.0)?3:4):((x<0.0)?2:1));
....................    if(y<0.0)
....................    {
....................       sign=1;
....................       y=-y;
....................    }
....................    if(x<0.0)
....................    {
....................       x=-x;
....................    }
....................    if (x==0.0)
....................    {
....................       if(y==0.0)
....................       {
....................       #ifdef _ERRNO
....................       {
....................          errno=EDOM;
....................       }
....................       #endif
....................       }
....................       else
....................       {
....................          if(sign)
....................          {
....................          return (-(PI_DIV_BY_TWO));
....................          }
....................          else
....................          {
....................          return (PI_DIV_BY_TWO);
....................          }
....................       }
....................    }
....................    else
....................    {
....................       z=y/x;
....................       switch(quad)
....................       {
....................          case 1:
....................          {
....................             return atan(z);
....................             break;
....................          }
....................          case 2:
....................          {
.................... //            return (atan(z)+PI_DIV_BY_TWO);  //2L3122
....................             return (PI-atan(z));
....................             break;
....................          }
....................          case 3:
....................          {
....................             return (atan(z)-PI);
....................             break;
....................          }
....................          case 4:
....................          {
....................             return (-atan(z));
....................             break;
....................          }
....................       }
....................    }
.................... }
.................... 
.................... //Overloaded functions for atan2() for PCD
.................... // Overloaded function atan2() for data type - Float48
.................... #if defined(__PCD__)
.................... float48 atan2(float48 y,float48 x)
.................... {
....................    float48 z;
....................    int1 sign;
....................    unsigned int8 quad;
....................    sign=0;
....................    quad=0; //quadrant
....................    quad=((y<=0.0)?((x<=0.0)?3:4):((x<0.0)?2:1));
....................    if(y<0.0)
....................    {
....................       sign=1;
....................       y=-y;
....................    }
....................    if(x<0.0)
....................    {
....................       x=-x;
....................    }
....................    if (x==0.0)
....................    {
....................       if(y==0.0)
....................       {
....................       #ifdef _ERRNO
....................       {
....................          errno=EDOM;
....................       }
....................       #endif
....................       }
....................       else
....................       {
....................          if(sign)
....................          {
....................          return (-(PI_DIV_BY_TWO));
....................          }
....................          else
....................          {
....................          return (PI_DIV_BY_TWO);
....................          }
....................       }
....................    }
....................    else
....................    {
....................       z=y/x;
....................       switch(quad)
....................       {
....................          case 1:
....................          {
....................             return atan(z);
....................             break;
....................          }
....................          case 2:
....................          {
.................... //            return (atan(z)+PI_DIV_BY_TWO);  //2L3122
....................             return (PI-atan(z));
....................             break;
....................          }
....................          case 3:
....................          {
....................             return (atan(z)-PI);
....................             break;
....................          }
....................          case 4:
....................          {
....................             return (-atan(z));
....................             break;
....................          }
....................       }
....................    }
.................... }
.................... 
.................... // Overloaded function atan2() for data type - Float64
.................... float64 atan2(float64 y,float64 x)
.................... {
....................    float64 z;
....................    int1 sign;
....................    unsigned int8 quad;
....................    sign=0;
....................    quad=0; //quadrant
....................    quad=((y<=0.0)?((x<=0.0)?3:4):((x<0.0)?2:1));
....................    if(y<0.0)
....................    {
....................       sign=1;
....................       y=-y;
....................    }
....................    if(x<0.0)
....................    {
....................       x=-x;
....................    }
....................    if (x==0.0)
....................    {
....................       if(y==0.0)
....................       {
....................       #ifdef _ERRNO
....................       {
....................          errno=EDOM;
....................       }
....................       #endif
....................       }
....................       else
....................       {
....................          if(sign)
....................          {
....................          return (-(PI_DIV_BY_TWO));
....................          }
....................          else
....................          {
....................          return (PI_DIV_BY_TWO);
....................          }
....................       }
....................    }
....................    else
....................    {
....................       z=y/x;
....................       switch(quad)
....................       {
....................          case 1:
....................          {
....................             return atan(z);
....................             break;
....................          }
....................          case 2:
....................          {
.................... //            return (atan(z)+PI_DIV_BY_TWO);  //2L3122
....................             return (PI-atan(z));
....................             break;
....................          }
....................          case 3:
....................          {
....................             return (atan(z)-PI);
....................             break;
....................          }
....................          case 4:
....................          {
....................             return (-atan(z));
....................             break;
....................          }
....................       }
....................    }
.................... }
.................... #endif
.................... 
.................... //////////////////// Hyperbolic functions ////////////////////
.................... 
.................... ////////////////////////////////////////////////////////////////////////////
.................... //   float cosh(float x)
.................... ////////////////////////////////////////////////////////////////////////////
.................... // Description : Computes the hyperbolic cosine value of x
.................... // Returns : returns the hyperbolic cosine value of x
.................... // Date : N/A
.................... //
.................... 
.................... float32 cosh(float32 x)
.................... {
....................    return ((exp(x)+exp(-x))*0.5);
.................... }
.................... //Overloaded functions for cosh() for PCD
.................... // Overloaded function cosh() for data type - Float48
.................... #if defined(__PCD__)
.................... float48 cosh(float48 x)
.................... {
....................    return ((exp(x)+exp(-x))*0.5);
.................... }
.................... 
.................... // Overloaded function cosh() for data type - Float64
.................... float64 cosh(float64 x)
.................... {
....................    return ((exp(x)+exp(-x))*0.5);
.................... }
.................... #endif
.................... 
.................... ////////////////////////////////////////////////////////////////////////////
.................... //   float sinh(float x)
.................... ////////////////////////////////////////////////////////////////////////////
.................... // Description : Computes the hyperbolic sine value of x
.................... // Returns : returns the hyperbolic sine value of x
.................... // Date : N/A
.................... //
.................... 
.................... float32 sinh(float32 x)
.................... {
.................... 
....................    return ((exp(x) - exp(-x))*0.5);
.................... }
.................... //Overloaded functions for sinh() for PCD
.................... // Overloaded function sinh() for data type - Float48
.................... #if defined(__PCD__)
.................... float48 sinh(float48 x)
.................... {
.................... 
....................    return ((exp(x) - exp(-x))*0.5);
.................... }
.................... 
.................... // Overloaded function sinh() for data type - Float48
.................... float64 sinh(float64 x)
.................... {
.................... 
....................    return ((exp(x) - exp(-x))*0.5);
.................... }
.................... #endif
.................... 
.................... ////////////////////////////////////////////////////////////////////////////
.................... //   float tanh(float x)
.................... ////////////////////////////////////////////////////////////////////////////
.................... // Description : Computes the hyperbolic tangent value of x
.................... // Returns : returns the hyperbolic tangent value of x
.................... // Date : N/A
.................... //
.................... 
.................... float32 tanh(float32 x)
.................... {
....................    return(sinh(x)/cosh(x));
.................... }
.................... //Overloaded functions for tanh() for PCD
.................... // Overloaded function tanh() for data type - Float48
.................... #if defined(__PCD__)
.................... float48 tanh(float48 x)
.................... {
....................    return(sinh(x)/cosh(x));
.................... }
.................... 
.................... // Overloaded function tanh() for data type - Float64
.................... float64 tanh(float64 x)
.................... {
....................    return(sinh(x)/cosh(x));
.................... }
.................... #endif
.................... 
.................... ////////////////////////////////////////////////////////////////////////////
.................... //   float frexp(float x, signed int *exp)
.................... ////////////////////////////////////////////////////////////////////////////
.................... // Description : breaks a floating point number into a normalized fraction and an integral
.................... // power of 2. It stores the integer in the signed int object pointed to by exp.
.................... // Returns : returns the value x, such that x is a double with magnitude in the interval
.................... // [1/2,1) or zero, and value equals x times 2 raised to the power *exp.If value is zero,
.................... // both parts of the result are zero.
.................... // Date : N/A
.................... //
.................... 
.................... #define LOG2 .30102999566398119521
.................... #define LOG2_INV 3.32192809488736234787
.................... float32 frexp(float32 x, signed int8 *exp)
.................... {
....................    float32 res;
....................    int1 sign = 0;
....................    if(x == 0.0)
....................    {
....................       *exp=0;
....................       return (0.0);
....................    }
....................    if(x < 0.0)
....................    {
....................      x=-x;
....................      sign=1;
....................    }
....................    if (x > 1.0)
....................    {
....................       *exp=(ceil(log10(x)*LOG2_INV));
....................       res=x/(pow(2, *exp));
....................       if (res == 1)
....................       {
....................          *exp=*exp+1;
....................           res=.5;
....................       }
....................    }
....................    else
....................    {
....................       if(x < 0.5)
....................       {
....................          *exp=-1;
....................          res=x*2;
....................       }
....................       else
....................       {
....................          *exp=0;
....................           res=x;
....................       }
....................    }
....................    if(sign)
....................    {
....................       res=-res;
....................    }
....................    return res;
.................... }
.................... 
.................... //Overloaded functions for frexp() for PCD
.................... // Overloaded function frexp() for data type - Float48
.................... #if defined(__PCD__)
.................... float48 frexp(float48 x, signed int8 *exp)
.................... {
....................    float48 res;
....................    int1 sign = 0;
....................    if(x == 0.0)
....................    {
....................       *exp=0;
....................       return (0.0);
....................    }
....................    if(x < 0.0)
....................    {
....................      x=-x;
....................      sign=1;
....................    }
....................    if (x > 1.0)
....................    {
....................       *exp=(ceil(log10(x)*LOG2_INV));
....................       res=x/(pow(2, *exp));
....................       if (res == 1)
....................       {
....................          *exp=*exp+1;
....................           res=.5;
....................       }
....................    }
....................    else
....................    {
....................       if(x < 0.5)
....................       {
....................          *exp=-1;
....................          res=x*2;
....................       }
....................       else
....................       {
....................          *exp=0;
....................           res=x;
....................       }
....................    }
....................    if(sign)
....................    {
....................       res=-res;
....................    }
....................    return res;
.................... }
.................... 
.................... // Overloaded function frexp() for data type - Float64
.................... float64 frexp(float64 x, signed int8 *exp)
.................... {
....................    float64 res;
....................    int1 sign = 0;
....................    if(x == 0.0)
....................    {
....................       *exp=0;
....................       return (0.0);
....................    }
....................    if(x < 0.0)
....................    {
....................      x=-x;
....................      sign=1;
....................    }
....................    if (x > 1.0)
....................    {
....................       *exp=(ceil(log10(x)*LOG2_INV));
....................       res=x/(pow(2, *exp));
....................       if (res == 1)
....................       {
....................          *exp=*exp+1;
....................           res=.5;
....................       }
....................    }
....................    else
....................    {
....................       if(x < 0.5)
....................       {
....................          *exp=-1;
....................          res=x*2;
....................       }
....................       else
....................       {
....................          *exp=0;
....................           res=x;
....................       }
....................    }
....................    if(sign)
....................    {
....................       res=-res;
....................    }
....................    return res;
.................... }
.................... #endif
.................... 
.................... //////////////////////////////////////////////////////////////////////////////
.................... //   float ldexp(float x, signed int *exp)
.................... //////////////////////////////////////////////////////////////////////////////
.................... // Description : multiplies a floating point number by an integral power of 2.
.................... // Returns : returns the value of x times 2 raised to the power exp.
.................... // Date : N/A
.................... //
.................... 
.................... float32 ldexp(float32 value, signed int8 exp)
.................... {
....................    return (value * pow(2,exp));
.................... }
.................... //Overloaded functions for ldexp() for PCD
.................... // Overloaded function ldexp() for data type - Float48
.................... 
.................... #if defined(__PCD__)
.................... float48 ldexp(float48 value, signed int8 exp)
.................... {
....................    return (value * pow(2,exp));
.................... }
.................... // Overloaded function ldexp() for data type - Float64
.................... float64 ldexp(float64 value, signed int8 exp)
.................... {
....................    return (value * pow(2,exp));
.................... }
.................... #endif
.................... 
.................... #endif
.................... 
.................... 
.................... /*****************************************************************************/
.................... /* UPDATE the Control Variable (CV)                                          */
.................... /*****************************************************************************/
.................... void pid_update (channelMap ch){
*
0132C:  MOVLB  7
0132E:  MOVF   x5D,W
01330:  MULLW  28
01332:  MOVF   FF3,W
01334:  CLRF   x6B
01336:  MOVWF  x6A
01338:  MOVLW  0C
0133A:  ADDWF  x6A,W
0133C:  MOVWF  01
0133E:  MOVLW  00
01340:  ADDWFC x6B,W
01342:  MOVWF  03
01344:  MOVF   01,W
01346:  ADDLW  35
01348:  MOVWF  FE9
0134A:  MOVLW  00
0134C:  ADDWFC 03,W
0134E:  MOVWF  FEA
01350:  MOVFF  FEF,7A7
01354:  MOVFF  FEC,7A8
01358:  MOVFF  FEC,7A9
0135C:  MOVFF  FEC,7AA
01360:  MOVF   x5D,W
01362:  MULLW  28
01364:  MOVF   FF3,W
01366:  CLRF   x6F
01368:  MOVWF  x6E
0136A:  MOVLW  10
0136C:  ADDWF  x6E,W
0136E:  MOVWF  01
01370:  MOVLW  00
01372:  ADDWFC x6F,W
01374:  MOVWF  03
01376:  MOVF   01,W
01378:  ADDLW  35
0137A:  MOVWF  FE9
0137C:  MOVLW  00
0137E:  ADDWFC 03,W
01380:  MOVWF  FEA
01382:  MOVFF  FEF,7AB
01386:  MOVFF  FEC,01
0138A:  MOVFF  FEC,02
0138E:  MOVFF  FEC,03
01392:  MOVFF  FEA,76F
01396:  MOVFF  FE9,76E
0139A:  BSF    FD8.1
0139C:  MOVFF  03,7AE
013A0:  MOVFF  02,7AD
013A4:  MOVFF  01,7AC
013A8:  MOVLB  0
013AA:  RCALL  0EC0
013AC:  MOVFF  76F,FEA
013B0:  MOVFF  76E,FE9
013B4:  MOVFF  03,761
013B8:  MOVFF  02,760
013BC:  MOVFF  01,75F
013C0:  MOVFF  00,75E
....................    float err = PID[ch].SP - PID[ch].PV;  // error = set value - measured
....................    
....................    PID[ch].I += err*PID[ch].kI;
013C4:  MOVLB  7
013C6:  MOVF   x5D,W
013C8:  MULLW  28
013CA:  MOVF   FF3,W
013CC:  CLRF   x6B
013CE:  MOVWF  x6A
013D0:  MOVLW  1C
013D2:  ADDWF  x6A,W
013D4:  MOVWF  01
013D6:  MOVLW  00
013D8:  ADDWFC x6B,W
013DA:  MOVWF  03
013DC:  MOVF   01,W
013DE:  ADDLW  35
013E0:  MOVWF  01
013E2:  MOVLW  00
013E4:  ADDWFC 03,F
013E6:  MOVFF  01,76A
013EA:  MOVFF  03,76B
013EE:  MOVFF  03,FEA
013F2:  MOVFF  01,FE9
013F6:  MOVFF  FEF,76C
013FA:  MOVFF  FEC,76D
013FE:  MOVFF  FEC,76E
01402:  MOVFF  FEC,76F
01406:  MOVF   x5D,W
01408:  MULLW  28
0140A:  MOVF   FF3,W
0140C:  CLRF   x71
0140E:  MOVWF  x70
01410:  MOVLW  04
01412:  ADDWF  x70,W
01414:  MOVWF  01
01416:  MOVLW  00
01418:  ADDWFC x71,W
0141A:  MOVWF  03
0141C:  MOVF   01,W
0141E:  ADDLW  35
01420:  MOVWF  FE9
01422:  MOVLW  00
01424:  ADDWFC 03,W
01426:  MOVWF  FEA
01428:  MOVFF  FEF,7A7
0142C:  MOVFF  FEC,01
01430:  MOVFF  FEC,02
01434:  MOVFF  FEC,03
01438:  MOVFF  761,7A6
0143C:  MOVFF  760,7A5
01440:  MOVFF  75F,7A4
01444:  MOVFF  75E,7A3
01448:  MOVFF  03,7AA
0144C:  MOVFF  02,7A9
01450:  MOVFF  01,7A8
01454:  MOVLB  0
01456:  RCALL  11FA
01458:  BCF    FD8.1
0145A:  MOVFF  76F,7AA
0145E:  MOVFF  76E,7A9
01462:  MOVFF  76D,7A8
01466:  MOVFF  76C,7A7
0146A:  MOVFF  03,7AE
0146E:  MOVFF  02,7AD
01472:  MOVFF  01,7AC
01476:  MOVFF  00,7AB
0147A:  RCALL  0EC0
0147C:  MOVFF  76B,FEA
01480:  MOVFF  76A,FE9
01484:  MOVFF  00,FEF
01488:  MOVFF  01,FEC
0148C:  MOVFF  02,FEC
01490:  MOVFF  03,FEC
....................    if (PID[ch].I > op_upper_bound) PID[ch].I = op_upper_bound; // anti-windup
01494:  MOVLB  7
01496:  MOVF   x5D,W
01498:  MULLW  28
0149A:  MOVF   FF3,W
0149C:  CLRF   x6B
0149E:  MOVWF  x6A
014A0:  MOVLW  1C
014A2:  ADDWF  x6A,W
014A4:  MOVWF  01
014A6:  MOVLW  00
014A8:  ADDWFC x6B,W
014AA:  MOVWF  03
014AC:  MOVF   01,W
014AE:  ADDLW  35
014B0:  MOVWF  FE9
014B2:  MOVLW  00
014B4:  ADDWFC 03,W
014B6:  MOVWF  FEA
014B8:  MOVFF  FEF,7A7
014BC:  MOVFF  FEC,76B
014C0:  MOVFF  FEC,7A9
014C4:  MOVFF  FEC,7AA
014C8:  CLRF   xA6
014CA:  CLRF   xA5
014CC:  MOVLW  7C
014CE:  MOVWF  xA4
014D0:  MOVLW  84
014D2:  MOVWF  xA3
014D4:  MOVFF  76B,7A8
014D8:  MOVLB  0
014DA:  RCALL  0E46
014DC:  BNC   1510
014DE:  MOVLB  7
014E0:  MOVF   x5D,W
014E2:  MULLW  28
014E4:  MOVF   FF3,W
014E6:  CLRF   x6B
014E8:  MOVWF  x6A
014EA:  MOVLW  1C
014EC:  ADDWF  x6A,W
014EE:  MOVWF  01
014F0:  MOVLW  00
014F2:  ADDWFC x6B,W
014F4:  MOVWF  03
014F6:  MOVF   01,W
014F8:  ADDLW  35
014FA:  MOVWF  FE9
014FC:  MOVLW  00
014FE:  ADDWFC 03,W
01500:  MOVWF  FEA
01502:  MOVLW  84
01504:  MOVWF  FEF
01506:  MOVLW  7C
01508:  MOVWF  FEC
0150A:  CLRF   FEC
0150C:  CLRF   FEC
0150E:  BRA    158A
....................    else if (PID[ch].I < op_lower_bound) PID[ch].I = op_lower_bound;
01510:  MOVLB  7
01512:  MOVF   x5D,W
01514:  MULLW  28
01516:  MOVF   FF3,W
01518:  CLRF   x6B
0151A:  MOVWF  x6A
0151C:  MOVLW  1C
0151E:  ADDWF  x6A,W
01520:  MOVWF  01
01522:  MOVLW  00
01524:  ADDWFC x6B,W
01526:  MOVWF  03
01528:  MOVF   01,W
0152A:  ADDLW  35
0152C:  MOVWF  FE9
0152E:  MOVLW  00
01530:  ADDWFC 03,W
01532:  MOVWF  FEA
01534:  MOVFF  FEF,7A3
01538:  MOVFF  FEC,76B
0153C:  MOVFF  FEC,7A5
01540:  MOVFF  FEC,7A6
01544:  MOVFF  76B,7A4
01548:  CLRF   xAA
0154A:  CLRF   xA9
0154C:  MOVLW  FC
0154E:  MOVWF  xA8
01550:  MOVLW  84
01552:  MOVWF  xA7
01554:  MOVLB  0
01556:  RCALL  0E46
01558:  BNC   158C
0155A:  MOVLB  7
0155C:  MOVF   x5D,W
0155E:  MULLW  28
01560:  MOVF   FF3,W
01562:  CLRF   x6B
01564:  MOVWF  x6A
01566:  MOVLW  1C
01568:  ADDWF  x6A,W
0156A:  MOVWF  01
0156C:  MOVLW  00
0156E:  ADDWFC x6B,W
01570:  MOVWF  03
01572:  MOVF   01,W
01574:  ADDLW  35
01576:  MOVWF  FE9
01578:  MOVLW  00
0157A:  ADDWFC 03,W
0157C:  MOVWF  FEA
0157E:  MOVLW  84
01580:  MOVWF  FEF
01582:  MOVLW  FC
01584:  MOVWF  FEC
01586:  CLRF   FEC
01588:  CLRF   FEC
0158A:  MOVLB  0
....................    
....................    float P = err * PID[ch].kP;  // proportional value
....................    
....................    float D = PID[ch].kD * (PID[ch].PV - PID[ch].PVold);  // derivative value
0158C:  MOVLB  7
0158E:  MOVF   x5D,W
01590:  MULLW  28
01592:  MOVF   FF3,W
01594:  CLRF   x6B
01596:  MOVWF  x6A
01598:  MOVLW  35
0159A:  ADDWF  x6A,W
0159C:  MOVWF  FE9
0159E:  MOVLW  00
015A0:  ADDWFC x6B,W
015A2:  MOVWF  FEA
015A4:  MOVFF  FEF,7A7
015A8:  MOVFF  FEC,01
015AC:  MOVFF  FEC,02
015B0:  MOVFF  FEC,03
015B4:  MOVFF  761,7A6
015B8:  MOVFF  760,7A5
015BC:  MOVFF  75F,7A4
015C0:  MOVFF  75E,7A3
015C4:  MOVFF  03,7AA
015C8:  MOVFF  02,7A9
015CC:  MOVFF  01,7A8
015D0:  MOVLB  0
015D2:  RCALL  11FA
015D4:  MOVFF  03,765
015D8:  MOVFF  02,764
015DC:  MOVFF  01,763
015E0:  MOVFF  00,762
015E4:  MOVLB  7
015E6:  MOVF   x5D,W
015E8:  MULLW  28
015EA:  MOVF   FF3,W
015EC:  CLRF   x6D
015EE:  MOVWF  x6C
015F0:  MOVLW  08
015F2:  ADDWF  x6C,W
015F4:  MOVWF  01
015F6:  MOVLW  00
015F8:  ADDWFC x6D,W
015FA:  MOVWF  03
015FC:  MOVF   01,W
015FE:  ADDLW  35
01600:  MOVWF  FE9
01602:  MOVLW  00
01604:  ADDWFC 03,W
01606:  MOVWF  FEA
01608:  MOVFF  FEF,76C
0160C:  MOVFF  FEC,76D
01610:  MOVFF  FEC,76E
01614:  MOVFF  FEC,76F
01618:  MOVF   x5D,W
0161A:  MULLW  28
0161C:  MOVF   FF3,W
0161E:  CLRF   x71
01620:  MOVWF  x70
01622:  MOVLW  10
01624:  ADDWF  x70,W
01626:  MOVWF  01
01628:  MOVLW  00
0162A:  ADDWFC x71,W
0162C:  MOVWF  03
0162E:  MOVF   01,W
01630:  ADDLW  35
01632:  MOVWF  FE9
01634:  MOVLW  00
01636:  ADDWFC 03,W
01638:  MOVWF  FEA
0163A:  MOVFF  FEF,7A7
0163E:  MOVFF  FEC,7A8
01642:  MOVFF  FEC,7A9
01646:  MOVFF  FEC,7AA
0164A:  MOVF   x5D,W
0164C:  MULLW  28
0164E:  MOVF   FF3,W
01650:  CLRF   x75
01652:  MOVWF  x74
01654:  MOVLW  14
01656:  ADDWF  x74,W
01658:  MOVWF  01
0165A:  MOVLW  00
0165C:  ADDWFC x75,W
0165E:  MOVWF  03
01660:  MOVF   01,W
01662:  ADDLW  35
01664:  MOVWF  FE9
01666:  MOVLW  00
01668:  ADDWFC 03,W
0166A:  MOVWF  FEA
0166C:  MOVFF  FEF,7AB
01670:  MOVFF  FEC,01
01674:  MOVFF  FEC,02
01678:  MOVFF  FEC,03
0167C:  MOVFF  FEA,775
01680:  MOVFF  FE9,774
01684:  BSF    FD8.1
01686:  MOVFF  03,7AE
0168A:  MOVFF  02,7AD
0168E:  MOVFF  01,7AC
01692:  MOVLB  0
01694:  RCALL  0EC0
01696:  MOVFF  775,FEA
0169A:  MOVFF  774,FE9
0169E:  MOVFF  76F,7A6
016A2:  MOVFF  76E,7A5
016A6:  MOVFF  76D,7A4
016AA:  MOVFF  76C,7A3
016AE:  MOVFF  03,7AA
016B2:  MOVFF  02,7A9
016B6:  MOVFF  01,7A8
016BA:  MOVFF  00,7A7
016BE:  RCALL  11FA
016C0:  MOVFF  03,769
016C4:  MOVFF  02,768
016C8:  MOVFF  01,767
016CC:  MOVFF  00,766
....................    
....................    PID[ch].CV = P + PID[ch].I + D;  // new control variable
016D0:  MOVLB  7
016D2:  MOVF   x5D,W
016D4:  MULLW  28
016D6:  MOVF   FF3,W
016D8:  CLRF   x6B
016DA:  MOVWF  x6A
016DC:  MOVLW  18
016DE:  ADDWF  x6A,W
016E0:  MOVWF  01
016E2:  MOVLW  00
016E4:  ADDWFC x6B,W
016E6:  MOVWF  03
016E8:  MOVF   01,W
016EA:  ADDLW  35
016EC:  MOVWF  01
016EE:  MOVLW  00
016F0:  ADDWFC 03,F
016F2:  MOVFF  01,76A
016F6:  MOVFF  03,76B
016FA:  MOVF   x5D,W
016FC:  MULLW  28
016FE:  MOVF   FF3,W
01700:  CLRF   x6D
01702:  MOVWF  x6C
01704:  MOVLW  1C
01706:  ADDWF  x6C,W
01708:  MOVWF  01
0170A:  MOVLW  00
0170C:  ADDWFC x6D,W
0170E:  MOVWF  03
01710:  MOVF   01,W
01712:  ADDLW  35
01714:  MOVWF  FE9
01716:  MOVLW  00
01718:  ADDWFC 03,W
0171A:  MOVWF  FEA
0171C:  MOVFF  FEF,7AB
01720:  MOVFF  FEC,01
01724:  MOVFF  FEC,02
01728:  MOVFF  FEC,03
0172C:  MOVFF  FEA,76D
01730:  MOVFF  FE9,76C
01734:  BCF    FD8.1
01736:  MOVFF  765,7AA
0173A:  MOVFF  764,7A9
0173E:  MOVFF  763,7A8
01742:  MOVFF  762,7A7
01746:  MOVFF  03,7AE
0174A:  MOVFF  02,7AD
0174E:  MOVFF  01,7AC
01752:  MOVLB  0
01754:  CALL   0EC0
01758:  MOVFF  76D,FEA
0175C:  MOVFF  76C,FE9
01760:  MOVFF  03,771
01764:  MOVFF  02,770
01768:  MOVFF  01,76F
0176C:  MOVFF  00,76E
01770:  BCF    FD8.1
01772:  MOVFF  03,7AA
01776:  MOVFF  02,7A9
0177A:  MOVFF  01,7A8
0177E:  MOVFF  00,7A7
01782:  MOVFF  769,7AE
01786:  MOVFF  768,7AD
0178A:  MOVFF  767,7AC
0178E:  MOVFF  766,7AB
01792:  CALL   0EC0
01796:  MOVFF  76B,FEA
0179A:  MOVFF  76A,FE9
0179E:  MOVFF  00,FEF
017A2:  MOVFF  01,FEC
017A6:  MOVFF  02,FEC
017AA:  MOVFF  03,FEC
....................    if (PID[ch].CV > op_upper_bound) PID[ch].CV = op_upper_bound; // limit positive output
017AE:  MOVLB  7
017B0:  MOVF   x5D,W
017B2:  MULLW  28
017B4:  MOVF   FF3,W
017B6:  CLRF   x6B
017B8:  MOVWF  x6A
017BA:  MOVLW  18
017BC:  ADDWF  x6A,W
017BE:  MOVWF  01
017C0:  MOVLW  00
017C2:  ADDWFC x6B,W
017C4:  MOVWF  03
017C6:  MOVF   01,W
017C8:  ADDLW  35
017CA:  MOVWF  FE9
017CC:  MOVLW  00
017CE:  ADDWFC 03,W
017D0:  MOVWF  FEA
017D2:  MOVFF  FEF,7A7
017D6:  MOVFF  FEC,76B
017DA:  MOVFF  FEC,7A9
017DE:  MOVFF  FEC,7AA
017E2:  CLRF   xA6
017E4:  CLRF   xA5
017E6:  MOVLW  7C
017E8:  MOVWF  xA4
017EA:  MOVLW  84
017EC:  MOVWF  xA3
017EE:  MOVFF  76B,7A8
017F2:  MOVLB  0
017F4:  CALL   0E46
017F8:  BNC   182C
017FA:  MOVLB  7
017FC:  MOVF   x5D,W
017FE:  MULLW  28
01800:  MOVF   FF3,W
01802:  CLRF   x6B
01804:  MOVWF  x6A
01806:  MOVLW  18
01808:  ADDWF  x6A,W
0180A:  MOVWF  01
0180C:  MOVLW  00
0180E:  ADDWFC x6B,W
01810:  MOVWF  03
01812:  MOVF   01,W
01814:  ADDLW  35
01816:  MOVWF  FE9
01818:  MOVLW  00
0181A:  ADDWFC 03,W
0181C:  MOVWF  FEA
0181E:  MOVLW  84
01820:  MOVWF  FEF
01822:  MOVLW  7C
01824:  MOVWF  FEC
01826:  CLRF   FEC
01828:  CLRF   FEC
0182A:  BRA    18A8
....................    else if (PID[ch].CV < op_lower_bound) PID[ch].CV = op_lower_bound; // limit negative output
0182C:  MOVLB  7
0182E:  MOVF   x5D,W
01830:  MULLW  28
01832:  MOVF   FF3,W
01834:  CLRF   x6B
01836:  MOVWF  x6A
01838:  MOVLW  18
0183A:  ADDWF  x6A,W
0183C:  MOVWF  01
0183E:  MOVLW  00
01840:  ADDWFC x6B,W
01842:  MOVWF  03
01844:  MOVF   01,W
01846:  ADDLW  35
01848:  MOVWF  FE9
0184A:  MOVLW  00
0184C:  ADDWFC 03,W
0184E:  MOVWF  FEA
01850:  MOVFF  FEF,7A3
01854:  MOVFF  FEC,76B
01858:  MOVFF  FEC,7A5
0185C:  MOVFF  FEC,7A6
01860:  MOVFF  76B,7A4
01864:  CLRF   xAA
01866:  CLRF   xA9
01868:  MOVLW  FC
0186A:  MOVWF  xA8
0186C:  MOVLW  84
0186E:  MOVWF  xA7
01870:  MOVLB  0
01872:  CALL   0E46
01876:  BNC   18A8
01878:  MOVLB  7
0187A:  MOVF   x5D,W
0187C:  MULLW  28
0187E:  MOVF   FF3,W
01880:  CLRF   x6B
01882:  MOVWF  x6A
01884:  MOVLW  18
01886:  ADDWF  x6A,W
01888:  MOVWF  01
0188A:  MOVLW  00
0188C:  ADDWFC x6B,W
0188E:  MOVWF  03
01890:  MOVF   01,W
01892:  ADDLW  35
01894:  MOVWF  FE9
01896:  MOVLW  00
01898:  ADDWFC 03,W
0189A:  MOVWF  FEA
0189C:  MOVLW  84
0189E:  MOVWF  FEF
018A0:  MOVLW  FC
018A2:  MOVWF  FEC
018A4:  CLRF   FEC
018A6:  CLRF   FEC
018A8:  MOVLB  0
018AA:  GOTO   1922 (RETURN)
.................... }
.................... 
.................... /*****************************************************************************/
.................... /* PID Task - looks for change to PV and updates CV                          */
.................... /*****************************************************************************/
.................... void pid_task(channelMap ch){
....................    static int index = 0;
....................    if (PID[ch].SP != PID[ch].PV) pid_update(ch);
018AE:  MOVLB  7
018B0:  MOVF   x5C,W
018B2:  MULLW  28
018B4:  MOVF   FF3,W
018B6:  CLRF   x5E
018B8:  MOVWF  x5D
018BA:  MOVLW  0C
018BC:  ADDWF  x5D,W
018BE:  MOVWF  01
018C0:  MOVLW  00
018C2:  ADDWFC x5E,W
018C4:  MOVWF  03
018C6:  MOVF   01,W
018C8:  ADDLW  35
018CA:  MOVWF  FE9
018CC:  MOVLW  00
018CE:  ADDWFC 03,W
018D0:  MOVWF  FEA
018D2:  MOVFF  FEF,7A3
018D6:  MOVFF  FEC,7A4
018DA:  MOVFF  FEC,7A5
018DE:  MOVFF  FEC,7A6
018E2:  MOVF   x5C,W
018E4:  MULLW  28
018E6:  MOVF   FF3,W
018E8:  CLRF   x62
018EA:  MOVWF  x61
018EC:  MOVLW  10
018EE:  ADDWF  x61,W
018F0:  MOVWF  01
018F2:  MOVLW  00
018F4:  ADDWFC x62,W
018F6:  MOVWF  03
018F8:  MOVF   01,W
018FA:  ADDLW  35
018FC:  MOVWF  FE9
018FE:  MOVLW  00
01900:  ADDWFC 03,W
01902:  MOVWF  FEA
01904:  MOVFF  FEF,7A7
01908:  MOVFF  FEC,7A8
0190C:  MOVFF  FEC,7A9
01910:  MOVFF  FEC,7AA
01914:  MOVLB  0
01916:  CALL   0E46
0191A:  BZ    1922
0191C:  MOVFF  75C,75D
01920:  BRA    132C
....................    if ((index++) >= numChannels) index = 0;
01922:  MOVLB  1
01924:  MOVF   xFE,W
01926:  INCF   xFE,F
01928:  SUBLW  01
0192A:  BC    192E
0192C:  CLRF   xFE
0192E:  MOVLB  0
01930:  GOTO   1A40 (RETURN)
.................... }
.................... 
.................... #endif
.................... 
.................... #include <stdbool.h>
.................... ///////////////////////////////////////////////////////////////////////////
.................... ////                                                                   ////
.................... ////                          stdbool.h                                ////
.................... ////                                                                   ////
.................... //// Standard boolean definitions                                      ////
.................... ////                                                                   ////
.................... ///////////////////////////////////////////////////////////////////////////
.................... ////        (C) Copyright 1996,2012 Custom Computer Services           ////
.................... //// This source code may only be used by licensed users of the CCS C  ////
.................... //// compiler.  This source code may only be distributed to other      ////
.................... //// licensed users of the CCS C compiler.  No other use, reproduction ////
.................... //// or distribution is permitted without written permission.          ////
.................... //// Derivative programs created using this software in object code    ////
.................... //// form are not restricted in any way.                               ////
.................... ///////////////////////////////////////////////////////////////////////////
.................... 
.................... #ifndef __STDBOOL_H__
.................... #define __STDBOOL_H__
.................... 
.................... #if !getenv("CASE")
....................    // remove TRUE and FALSE added by CCS's device .h file, only if
....................    // compiler has case sensitivty off.
.................... 
....................    #if defined(TRUE)
....................       #undef TRUE
....................    #endif
....................    
....................    #if defined(FALSE)
....................       #undef FALSE
....................    #endif
.................... #endif
.................... 
.................... typedef int1   bool;
.................... #define true   1
.................... #define false  0
.................... #define __bool_true_false_are_defined  1
.................... 
.................... #endif
.................... 
.................... 
.................... #pin_select SCK1=PIN_C3
.................... #pin_select SDO1=PIN_C2
.................... #use spi (MASTER, SPI1, BAUD=100000, MODE=2, STREAM=SPI_ctrl)
*
00BF4:  CLRF   03
00BF6:  MOVF   F91,W
00BF8:  MOVFF  75E,F91
00BFC:  RRCF   F94,W
00BFE:  BNC   0BFC
00C00:  MOVF   F91,W
00C02:  MOVWF  02
00C04:  MOVFF  75D,F91
00C08:  RRCF   F94,W
00C0A:  BNC   0C08
00C0C:  MOVF   F91,W
00C0E:  MOVWF  01
00C10:  MOVFF  75C,F91
00C14:  RRCF   F94,W
00C16:  BNC   0C14
00C18:  MOVFF  F91,00
00C1C:  RETURN 0
.................... 
.................... #define DACfullScale 655.35 // full scale/100 because CV = %
.................... 
.................... /*****************************************************************************/
.................... /*  Inverts the output voltage ( -180V - 0V )                                */ 
.................... /*****************************************************************************/
.................... void invert_voltage(channelMap ch, BOOLEAN inv_v){
....................    if ( inv_v ) {
*
0116E:  MOVLB  7
01170:  MOVF   x5D,F
01172:  BZ    11B6
....................       if (chMap[0] == ch) output_low(INV_HVX);
01174:  MOVLW  00
01176:  MOVLB  0
01178:  BTFSC  x85.0
0117A:  MOVLW  01
0117C:  MOVLB  7
0117E:  SUBWF  x5C,W
01180:  BNZ   1188
01182:  MOVLW  04
01184:  MOVWF  F88
01186:  BCF    F83.4
....................       if (chMap[1] == ch) output_low(INV_HVY);
01188:  MOVLW  00
0118A:  MOVLB  0
0118C:  BTFSC  x85.1
0118E:  MOVLW  01
01190:  MOVLB  7
01192:  SUBWF  x5C,W
01194:  BNZ   119C
01196:  MOVLW  04
01198:  MOVWF  F88
0119A:  BCF    F83.5
....................       dacVals[ch].invV = TRUE;
0119C:  MOVF   x5C,W
0119E:  MULLW  07
011A0:  MOVF   FF3,W
011A2:  CLRF   x5F
011A4:  MOVWF  x5E
011A6:  MOVLW  79
011A8:  ADDWF  x5E,W
011AA:  MOVWF  FE9
011AC:  MOVLW  01
011AE:  ADDWFC x5F,W
011B0:  MOVWF  FEA
011B2:  BSF    FEF.0
....................    }
011B4:  BRA    11F6
....................    else {
....................       if (chMap[0] == ch) output_high(INV_HVX);
011B6:  MOVLW  00
011B8:  MOVLB  0
011BA:  BTFSC  x85.0
011BC:  MOVLW  01
011BE:  MOVLB  7
011C0:  SUBWF  x5C,W
011C2:  BNZ   11CA
011C4:  MOVLW  04
011C6:  MOVWF  F88
011C8:  BSF    F83.4
....................       if (chMap[1] == ch) output_high(INV_HVY);
011CA:  MOVLW  00
011CC:  MOVLB  0
011CE:  BTFSC  x85.1
011D0:  MOVLW  01
011D2:  MOVLB  7
011D4:  SUBWF  x5C,W
011D6:  BNZ   11DE
011D8:  MOVLW  04
011DA:  MOVWF  F88
011DC:  BSF    F83.5
....................       dacVals[ch].invV = FALSE;
011DE:  MOVF   x5C,W
011E0:  MULLW  07
011E2:  MOVF   FF3,W
011E4:  CLRF   x5F
011E6:  MOVWF  x5E
011E8:  MOVLW  79
011EA:  ADDWF  x5E,W
011EC:  MOVWF  FE9
011EE:  MOVLW  01
011F0:  ADDWFC x5F,W
011F2:  MOVWF  FEA
011F4:  BCF    FEF.0
....................    }
011F6:  MOVLB  0
011F8:  RETURN 0
.................... }
.................... 
.................... /*****************************************************************************/
.................... /*  Nano DAC's have a 16bit serial shift register. Data is sync'ed to output */ 
.................... /*****************************************************************************/
.................... void set_nanoDAC_outputs(channelMap ch){
*
01934:  MOVLB  7
01936:  CLRF   x5B
01938:  CLRF   x5A
....................     unsigned int16 txData = 0;
....................    
....................     // use dacVals.opPcnt values if channel is manual mode
....................     // else, use PID control variable
....................     if (chMode[ch] == MANUAL){
0193A:  MOVFF  759,75C
0193E:  CLRF   x5E
01940:  MOVLW  86
01942:  MOVWF  x5D
01944:  MOVLB  0
01946:  CALL   1138
0194A:  MOVF   01,F
0194C:  BNZ   1A3A
....................         if ( dacVals[ch].opPcnt < 0) invert_voltage(ch, TRUE); 
0194E:  MOVLB  7
01950:  MOVF   x59,W
01952:  MULLW  07
01954:  MOVF   FF3,W
01956:  CLRF   x5D
01958:  MOVWF  x5C
0195A:  MOVLW  03
0195C:  ADDWF  x5C,W
0195E:  MOVWF  01
01960:  MOVLW  00
01962:  ADDWFC x5D,W
01964:  MOVWF  03
01966:  MOVF   01,W
01968:  ADDLW  79
0196A:  MOVWF  FE9
0196C:  MOVLW  01
0196E:  ADDWFC 03,W
01970:  MOVWF  FEA
01972:  MOVFF  FEF,7A3
01976:  MOVFF  FEC,7A4
0197A:  MOVFF  FEC,7A5
0197E:  MOVFF  FEC,7A6
01982:  CLRF   xAA
01984:  CLRF   xA9
01986:  CLRF   xA8
01988:  CLRF   xA7
0198A:  MOVLB  0
0198C:  CALL   0E46
01990:  BNC   19A4
01992:  MOVFF  759,75C
01996:  MOVLW  01
01998:  MOVLB  7
0199A:  MOVWF  x5D
0199C:  MOVLB  0
0199E:  CALL   116E
019A2:  BRA    19B2
....................         else                         invert_voltage(ch, FALSE);
019A4:  MOVFF  759,75C
019A8:  MOVLB  7
019AA:  CLRF   x5D
019AC:  MOVLB  0
019AE:  CALL   116E
....................       
....................         txData = (unsigned int16)(abs(dacVals[ch].opPcnt) * DACfullScale);
019B2:  MOVLB  7
019B4:  MOVF   x59,W
019B6:  MULLW  07
019B8:  MOVF   FF3,W
019BA:  CLRF   x5D
019BC:  MOVWF  x5C
019BE:  MOVLW  03
019C0:  ADDWF  x5C,W
019C2:  MOVWF  01
019C4:  MOVLW  00
019C6:  ADDWFC x5D,W
019C8:  MOVWF  03
019CA:  MOVF   01,W
019CC:  ADDLW  79
019CE:  MOVWF  FE9
019D0:  MOVLW  01
019D2:  ADDWFC 03,W
019D4:  MOVWF  FEA
019D6:  MOVFF  FEF,00
019DA:  MOVFF  FEC,01
019DE:  MOVFF  FEC,02
019E2:  MOVFF  FEC,03
019E6:  BCF    01.7
019E8:  MOVFF  03,75F
019EC:  MOVFF  02,75E
019F0:  MOVFF  01,75D
019F4:  MOVFF  00,75C
019F8:  MOVFF  03,7A6
019FC:  MOVFF  02,7A5
01A00:  MOVFF  01,7A4
01A04:  MOVFF  00,7A3
01A08:  MOVLW  66
01A0A:  MOVWF  xAA
01A0C:  MOVLW  D6
01A0E:  MOVWF  xA9
01A10:  MOVLW  23
01A12:  MOVWF  xA8
01A14:  MOVLW  88
01A16:  MOVWF  xA7
01A18:  MOVLB  0
01A1A:  CALL   11FA
01A1E:  MOVFF  03,7A6
01A22:  MOVFF  02,7A5
01A26:  MOVFF  01,7A4
01A2A:  MOVFF  00,7A3
01A2E:  RCALL  12F0
01A30:  MOVFF  02,75B
01A34:  MOVFF  01,75A
....................     }
01A38:  BRA    1B2C
....................     else {
....................         pid_task(ch);
01A3A:  MOVFF  759,75C
01A3E:  BRA    18AE
....................         if ( PID[(int)ch].CV < 0 ) invert_voltage(ch, TRUE); 
01A40:  MOVLB  7
01A42:  MOVF   x59,W
01A44:  MULLW  28
01A46:  MOVF   FF3,W
01A48:  CLRF   x5D
01A4A:  MOVWF  x5C
01A4C:  MOVLW  18
01A4E:  ADDWF  x5C,W
01A50:  MOVWF  01
01A52:  MOVLW  00
01A54:  ADDWFC x5D,W
01A56:  MOVWF  03
01A58:  MOVF   01,W
01A5A:  ADDLW  35
01A5C:  MOVWF  FE9
01A5E:  MOVLW  00
01A60:  ADDWFC 03,W
01A62:  MOVWF  FEA
01A64:  MOVFF  FEF,7A3
01A68:  MOVFF  FEC,7A4
01A6C:  MOVFF  FEC,7A5
01A70:  MOVFF  FEC,7A6
01A74:  CLRF   xAA
01A76:  CLRF   xA9
01A78:  CLRF   xA8
01A7A:  CLRF   xA7
01A7C:  MOVLB  0
01A7E:  CALL   0E46
01A82:  BNC   1A96
01A84:  MOVFF  759,75C
01A88:  MOVLW  01
01A8A:  MOVLB  7
01A8C:  MOVWF  x5D
01A8E:  MOVLB  0
01A90:  CALL   116E
01A94:  BRA    1AA4
....................         else                       invert_voltage(ch, FALSE);
01A96:  MOVFF  759,75C
01A9A:  MOVLB  7
01A9C:  CLRF   x5D
01A9E:  MOVLB  0
01AA0:  CALL   116E
....................       
....................         txData = (unsigned int16)(abs(PID[(int)ch].CV) * DACfullScale);
01AA4:  MOVLB  7
01AA6:  MOVF   x59,W
01AA8:  MULLW  28
01AAA:  MOVF   FF3,W
01AAC:  CLRF   x5D
01AAE:  MOVWF  x5C
01AB0:  MOVLW  18
01AB2:  ADDWF  x5C,W
01AB4:  MOVWF  01
01AB6:  MOVLW  00
01AB8:  ADDWFC x5D,W
01ABA:  MOVWF  03
01ABC:  MOVF   01,W
01ABE:  ADDLW  35
01AC0:  MOVWF  FE9
01AC2:  MOVLW  00
01AC4:  ADDWFC 03,W
01AC6:  MOVWF  FEA
01AC8:  MOVFF  FEF,00
01ACC:  MOVFF  FEC,01
01AD0:  MOVFF  FEC,02
01AD4:  MOVFF  FEC,03
01AD8:  BCF    01.7
01ADA:  MOVFF  03,75F
01ADE:  MOVFF  02,75E
01AE2:  MOVFF  01,75D
01AE6:  MOVFF  00,75C
01AEA:  MOVFF  03,7A6
01AEE:  MOVFF  02,7A5
01AF2:  MOVFF  01,7A4
01AF6:  MOVFF  00,7A3
01AFA:  MOVLW  66
01AFC:  MOVWF  xAA
01AFE:  MOVLW  D6
01B00:  MOVWF  xA9
01B02:  MOVLW  23
01B04:  MOVWF  xA8
01B06:  MOVLW  88
01B08:  MOVWF  xA7
01B0A:  MOVLB  0
01B0C:  CALL   11FA
01B10:  MOVFF  03,7A6
01B14:  MOVFF  02,7A5
01B18:  MOVFF  01,7A4
01B1C:  MOVFF  00,7A3
01B20:  CALL   12F0
01B24:  MOVFF  02,75B
01B28:  MOVFF  01,75A
....................     }
....................    
....................     dacVals[ch].ipVal = txData;
01B2C:  MOVLB  7
01B2E:  MOVF   x59,W
01B30:  MULLW  07
01B32:  MOVF   FF3,W
01B34:  CLRF   x5D
01B36:  MOVWF  x5C
01B38:  MOVLW  01
01B3A:  ADDWF  x5C,W
01B3C:  MOVWF  01
01B3E:  MOVLW  00
01B40:  ADDWFC x5D,W
01B42:  MOVWF  03
01B44:  MOVF   01,W
01B46:  ADDLW  79
01B48:  MOVWF  FE9
01B4A:  MOVLW  01
01B4C:  ADDWFC 03,W
01B4E:  MOVWF  FEA
01B50:  MOVFF  75B,FEC
01B54:  MOVF   FED,F
01B56:  MOVFF  75A,FEF
....................    
....................     // use channel map to decide which outputs channels to update
....................     // strobe _sync low to push data to the outputs
....................     if (chMap[0] == ch) output_high(_SYNC_X);
01B5A:  MOVLW  00
01B5C:  MOVLB  0
01B5E:  BTFSC  x85.0
01B60:  MOVLW  01
01B62:  MOVLB  7
01B64:  SUBWF  x59,W
01B66:  BNZ   1B6E
01B68:  MOVLW  E8
01B6A:  MOVWF  F8B
01B6C:  BSF    F86.2
....................     if (chMap[1] == ch) output_high(_SYNC_Y);
01B6E:  MOVLW  00
01B70:  MOVLB  0
01B72:  BTFSC  x85.1
01B74:  MOVLW  01
01B76:  MOVLB  7
01B78:  SUBWF  x59,W
01B7A:  BNZ   1B82
01B7C:  MOVLW  E8
01B7E:  MOVWF  F8B
01B80:  BSF    F86.1
....................    
....................     delay_ms(1);
01B82:  MOVLW  01
01B84:  MOVWF  x5C
01B86:  MOVLB  0
01B88:  CALL   0516
....................    
....................     if (chMap[0] == ch) output_low(_SYNC_X);
01B8C:  MOVLW  00
01B8E:  BTFSC  x85.0
01B90:  MOVLW  01
01B92:  MOVLB  7
01B94:  SUBWF  x59,W
01B96:  BNZ   1B9E
01B98:  MOVLW  E8
01B9A:  MOVWF  F8B
01B9C:  BCF    F86.2
....................     if (chMap[1] == ch) output_low(_SYNC_Y);
01B9E:  MOVLW  00
01BA0:  MOVLB  0
01BA2:  BTFSC  x85.1
01BA4:  MOVLW  01
01BA6:  MOVLB  7
01BA8:  SUBWF  x59,W
01BAA:  BNZ   1BB2
01BAC:  MOVLW  E8
01BAE:  MOVWF  F8B
01BB0:  BCF    F86.1
....................     delay_ms(1);
01BB2:  MOVLW  01
01BB4:  MOVWF  x5C
01BB6:  MOVLB  0
01BB8:  CALL   0516
....................    
....................     // shift 16 bits of data
....................     spi_xfer(SPI_ctrl, txData, 24);
01BBC:  MOVLB  7
01BBE:  CLRF   x5F
01BC0:  CLRF   x5E
01BC2:  MOVFF  75B,75D
01BC6:  MOVFF  75A,75C
01BCA:  MOVLB  0
01BCC:  CALL   0BF4
....................     delay_ms(1);
01BD0:  MOVLW  01
01BD2:  MOVLB  7
01BD4:  MOVWF  x5C
01BD6:  MOVLB  0
01BD8:  CALL   0516
....................    
....................     if (chMap[0] == ch) output_high(_SYNC_X);
01BDC:  MOVLW  00
01BDE:  BTFSC  x85.0
01BE0:  MOVLW  01
01BE2:  MOVLB  7
01BE4:  SUBWF  x59,W
01BE6:  BNZ   1BEE
01BE8:  MOVLW  E8
01BEA:  MOVWF  F8B
01BEC:  BSF    F86.2
....................     if (chMap[1] == ch) output_high(_SYNC_Y);
01BEE:  MOVLW  00
01BF0:  MOVLB  0
01BF2:  BTFSC  x85.1
01BF4:  MOVLW  01
01BF6:  MOVLB  7
01BF8:  SUBWF  x59,W
01BFA:  BNZ   1C02
01BFC:  MOVLW  E8
01BFE:  MOVWF  F8B
01C00:  BSF    F86.1
01C02:  MOVLB  0
01C04:  RETURN 0
.................... }
.................... 
.................... /*****************************************************************************/
.................... /*  Axis homing routines and helper functions                                */ 
.................... /*****************************************************************************/
.................... void slew_to_upper_bound(channelMap ch){
....................     while (dacVals[ch].opPcnt < op_upper_bound){
01C06:  MOVLB  7
01C08:  MOVF   x58,W
01C0A:  MULLW  07
01C0C:  MOVF   FF3,W
01C0E:  CLRF   x5A
01C10:  MOVWF  x59
01C12:  MOVLW  03
01C14:  ADDWF  x59,W
01C16:  MOVWF  01
01C18:  MOVLW  00
01C1A:  ADDWFC x5A,W
01C1C:  MOVWF  03
01C1E:  MOVF   01,W
01C20:  ADDLW  79
01C22:  MOVWF  FE9
01C24:  MOVLW  01
01C26:  ADDWFC 03,W
01C28:  MOVWF  FEA
01C2A:  MOVFF  FEF,7A3
01C2E:  MOVFF  FEC,7A4
01C32:  MOVFF  FEC,7A5
01C36:  MOVFF  FEC,7A6
01C3A:  CLRF   xAA
01C3C:  CLRF   xA9
01C3E:  MOVLW  7C
01C40:  MOVWF  xA8
01C42:  MOVLW  84
01C44:  MOVWF  xA7
01C46:  MOVLB  0
01C48:  CALL   0E46
01C4C:  BNC   1CD6
....................         dacVals[ch].opPcnt += 10;   // increase output by 10%
01C4E:  MOVLB  7
01C50:  MOVF   x58,W
01C52:  MULLW  07
01C54:  MOVF   FF3,W
01C56:  CLRF   x5A
01C58:  MOVWF  x59
01C5A:  MOVLW  03
01C5C:  ADDWF  x59,W
01C5E:  MOVWF  01
01C60:  MOVLW  00
01C62:  ADDWFC x5A,W
01C64:  MOVWF  03
01C66:  MOVF   01,W
01C68:  ADDLW  79
01C6A:  MOVWF  FE9
01C6C:  MOVLW  01
01C6E:  ADDWFC 03,W
01C70:  MOVWF  FEA
01C72:  MOVFF  FEA,760
01C76:  MOVFF  FE9,75F
01C7A:  BCF    FD8.1
01C7C:  MOVFF  FEF,7A7
01C80:  MOVFF  FEC,7A8
01C84:  MOVFF  FEC,7A9
01C88:  MOVFF  FEC,7AA
01C8C:  CLRF   xAE
01C8E:  CLRF   xAD
01C90:  MOVLW  20
01C92:  MOVWF  xAC
01C94:  MOVLW  82
01C96:  MOVWF  xAB
01C98:  MOVLB  0
01C9A:  CALL   0EC0
01C9E:  MOVFF  760,FEA
01CA2:  MOVFF  75F,FE9
01CA6:  MOVFF  00,FEF
01CAA:  MOVFF  01,FEC
01CAE:  MOVFF  02,FEC
01CB2:  MOVFF  03,FEC
....................         set_nanoDAC_outputs(ch);
01CB6:  MOVFF  758,759
01CBA:  RCALL  1934
....................         delay_ms(1000);
01CBC:  MOVLW  04
01CBE:  MOVLB  7
01CC0:  MOVWF  x59
01CC2:  MOVLW  FA
01CC4:  MOVWF  x5C
01CC6:  MOVLB  0
01CC8:  CALL   0516
01CCC:  MOVLB  7
01CCE:  DECFSZ x59,F
01CD0:  BRA    1CC2
01CD2:  BRA    1C08
01CD4:  MOVLB  0
....................     }
....................     dacVals[ch].opPcnt = op_upper_bound;    // set output to upper bound
01CD6:  MOVLB  7
01CD8:  MOVF   x58,W
01CDA:  MULLW  07
01CDC:  MOVF   FF3,W
01CDE:  CLRF   x5A
01CE0:  MOVWF  x59
01CE2:  MOVLW  03
01CE4:  ADDWF  x59,W
01CE6:  MOVWF  01
01CE8:  MOVLW  00
01CEA:  ADDWFC x5A,W
01CEC:  MOVWF  03
01CEE:  MOVF   01,W
01CF0:  ADDLW  79
01CF2:  MOVWF  FE9
01CF4:  MOVLW  01
01CF6:  ADDWFC 03,W
01CF8:  MOVWF  FEA
01CFA:  MOVLW  84
01CFC:  MOVWF  FEF
01CFE:  MOVLW  7C
01D00:  MOVWF  FEC
01D02:  CLRF   FEC
01D04:  CLRF   FEC
....................     set_nanoDAC_outputs(ch);
01D06:  MOVFF  758,759
01D0A:  MOVLB  0
01D0C:  RCALL  1934
....................     delay_ms(1000);
01D0E:  MOVLW  04
01D10:  MOVLB  7
01D12:  MOVWF  x59
01D14:  MOVLW  FA
01D16:  MOVWF  x5C
01D18:  MOVLB  0
01D1A:  CALL   0516
01D1E:  MOVLB  7
01D20:  DECFSZ x59,F
01D22:  BRA    1D14
01D24:  MOVLB  0
01D26:  RETURN 0
.................... }
.................... 
.................... void slew_to_lower_bound(channelMap ch){
....................     while (dacVals[ch].opPcnt > op_lower_bound){
01D28:  MOVLB  7
01D2A:  MOVF   x58,W
01D2C:  MULLW  07
01D2E:  MOVF   FF3,W
01D30:  CLRF   x5A
01D32:  MOVWF  x59
01D34:  MOVLW  03
01D36:  ADDWF  x59,W
01D38:  MOVWF  01
01D3A:  MOVLW  00
01D3C:  ADDWFC x5A,W
01D3E:  MOVWF  03
01D40:  MOVF   01,W
01D42:  ADDLW  79
01D44:  MOVWF  FE9
01D46:  MOVLW  01
01D48:  ADDWFC 03,W
01D4A:  MOVWF  FEA
01D4C:  MOVFF  FEF,7A7
01D50:  MOVFF  FEC,7A8
01D54:  MOVFF  FEC,7A9
01D58:  MOVFF  FEC,7AA
01D5C:  CLRF   xA6
01D5E:  CLRF   xA5
01D60:  MOVLW  FC
01D62:  MOVWF  xA4
01D64:  MOVLW  84
01D66:  MOVWF  xA3
01D68:  MOVLB  0
01D6A:  CALL   0E46
01D6E:  BNC   1DF8
....................         dacVals[ch].opPcnt -= 10;   // decrease output by 10%
01D70:  MOVLB  7
01D72:  MOVF   x58,W
01D74:  MULLW  07
01D76:  MOVF   FF3,W
01D78:  CLRF   x5A
01D7A:  MOVWF  x59
01D7C:  MOVLW  03
01D7E:  ADDWF  x59,W
01D80:  MOVWF  01
01D82:  MOVLW  00
01D84:  ADDWFC x5A,W
01D86:  MOVWF  03
01D88:  MOVF   01,W
01D8A:  ADDLW  79
01D8C:  MOVWF  FE9
01D8E:  MOVLW  01
01D90:  ADDWFC 03,W
01D92:  MOVWF  FEA
01D94:  MOVFF  FEA,760
01D98:  MOVFF  FE9,75F
01D9C:  BSF    FD8.1
01D9E:  MOVFF  FEF,7A7
01DA2:  MOVFF  FEC,7A8
01DA6:  MOVFF  FEC,7A9
01DAA:  MOVFF  FEC,7AA
01DAE:  CLRF   xAE
01DB0:  CLRF   xAD
01DB2:  MOVLW  20
01DB4:  MOVWF  xAC
01DB6:  MOVLW  82
01DB8:  MOVWF  xAB
01DBA:  MOVLB  0
01DBC:  CALL   0EC0
01DC0:  MOVFF  760,FEA
01DC4:  MOVFF  75F,FE9
01DC8:  MOVFF  00,FEF
01DCC:  MOVFF  01,FEC
01DD0:  MOVFF  02,FEC
01DD4:  MOVFF  03,FEC
....................         set_nanoDAC_outputs(ch);
01DD8:  MOVFF  758,759
01DDC:  RCALL  1934
....................         delay_ms(1000);
01DDE:  MOVLW  04
01DE0:  MOVLB  7
01DE2:  MOVWF  x59
01DE4:  MOVLW  FA
01DE6:  MOVWF  x5C
01DE8:  MOVLB  0
01DEA:  CALL   0516
01DEE:  MOVLB  7
01DF0:  DECFSZ x59,F
01DF2:  BRA    1DE4
01DF4:  BRA    1D2A
01DF6:  MOVLB  0
....................     }
....................     dacVals[ch].opPcnt = op_lower_bound;    // set output to lower bound
01DF8:  MOVLB  7
01DFA:  MOVF   x58,W
01DFC:  MULLW  07
01DFE:  MOVF   FF3,W
01E00:  CLRF   x5A
01E02:  MOVWF  x59
01E04:  MOVLW  03
01E06:  ADDWF  x59,W
01E08:  MOVWF  01
01E0A:  MOVLW  00
01E0C:  ADDWFC x5A,W
01E0E:  MOVWF  03
01E10:  MOVF   01,W
01E12:  ADDLW  79
01E14:  MOVWF  FE9
01E16:  MOVLW  01
01E18:  ADDWFC 03,W
01E1A:  MOVWF  FEA
01E1C:  MOVLW  84
01E1E:  MOVWF  FEF
01E20:  MOVLW  FC
01E22:  MOVWF  FEC
01E24:  CLRF   FEC
01E26:  CLRF   FEC
....................     set_nanoDAC_outputs(ch);
01E28:  MOVFF  758,759
01E2C:  MOVLB  0
01E2E:  RCALL  1934
....................     delay_ms(1000);
01E30:  MOVLW  04
01E32:  MOVLB  7
01E34:  MOVWF  x59
01E36:  MOVLW  FA
01E38:  MOVWF  x5C
01E3A:  MOVLB  0
01E3C:  CALL   0516
01E40:  MOVLB  7
01E42:  DECFSZ x59,F
01E44:  BRA    1E36
01E46:  MOVLB  0
01E48:  RETURN 0
.................... }
.................... 
.................... void home_axis(channelMap ch){
*
04DB2:  MOVLB  7
04DB4:  CLRF   x51
04DB6:  CLRF   x50
04DB8:  CLRF   x4F
04DBA:  CLRF   x4E
04DBC:  CLRF   x55
04DBE:  CLRF   x54
04DC0:  CLRF   x53
04DC2:  CLRF   x52
04DC4:  MOVLW  03
04DC6:  MOVWF  x56
....................     float maxSP = 0;
....................     float minSP = 0;
....................     int loops = 3;
....................     
....................     adcVals[ch].pHome = 0;
04DC8:  MOVF   x4D,W
04DCA:  MULLW  26
04DCC:  MOVF   FF3,W
04DCE:  CLRF   x59
04DD0:  MOVWF  x58
04DD2:  MOVLW  21
04DD4:  ADDWF  x58,W
04DD6:  MOVWF  01
04DD8:  MOVLW  00
04DDA:  ADDWFC x59,W
04DDC:  MOVWF  03
04DDE:  MOVF   01,W
04DE0:  ADDLW  2C
04DE2:  MOVWF  FE9
04DE4:  MOVLW  01
04DE6:  ADDWFC 03,W
04DE8:  MOVWF  FEA
04DEA:  CLRF   FEF
04DEC:  CLRF   FEC
04DEE:  CLRF   FEC
04DF0:  CLRF   FEC
....................     
....................     // Slew up and down a couple times then set output to 0 to settle the piezo
....................     dacVals[ch].opPcnt = 0;
04DF2:  MOVF   x4D,W
04DF4:  MULLW  07
04DF6:  MOVF   FF3,W
04DF8:  CLRF   x59
04DFA:  MOVWF  x58
04DFC:  MOVLW  03
04DFE:  ADDWF  x58,W
04E00:  MOVWF  01
04E02:  MOVLW  00
04E04:  ADDWFC x59,W
04E06:  MOVWF  03
04E08:  MOVF   01,W
04E0A:  ADDLW  79
04E0C:  MOVWF  FE9
04E0E:  MOVLW  01
04E10:  ADDWFC 03,W
04E12:  MOVWF  FEA
04E14:  CLRF   FEF
04E16:  CLRF   FEC
04E18:  CLRF   FEC
04E1A:  CLRF   FEC
....................     chMode[ch] = MANUAL;
04E1C:  MOVFF  74D,76F
04E20:  CLRF   x70
04E22:  CLRF   x72
04E24:  MOVLW  86
04E26:  MOVWF  x71
04E28:  MOVLB  0
04E2A:  CALL   0E04
....................     slew_to_upper_bound(ch);
04E2E:  MOVFF  74D,758
04E32:  CALL   1C06
....................     slew_to_lower_bound(ch);
04E36:  MOVFF  74D,758
04E3A:  CALL   1D28
....................     slew_to_upper_bound(ch);
04E3E:  MOVFF  74D,758
04E42:  CALL   1C06
....................     slew_to_lower_bound(ch);
04E46:  MOVFF  74D,758
04E4A:  CALL   1D28
....................     dacVals[ch].opPcnt = 0;
04E4E:  MOVLB  7
04E50:  MOVF   x4D,W
04E52:  MULLW  07
04E54:  MOVF   FF3,W
04E56:  CLRF   x59
04E58:  MOVWF  x58
04E5A:  MOVLW  03
04E5C:  ADDWF  x58,W
04E5E:  MOVWF  01
04E60:  MOVLW  00
04E62:  ADDWFC x59,W
04E64:  MOVWF  03
04E66:  MOVF   01,W
04E68:  ADDLW  79
04E6A:  MOVWF  FE9
04E6C:  MOVLW  01
04E6E:  ADDWFC 03,W
04E70:  MOVWF  FEA
04E72:  CLRF   FEF
04E74:  CLRF   FEC
04E76:  CLRF   FEC
04E78:  CLRF   FEC
....................     set_nanoDAC_outputs(ch);
04E7A:  MOVFF  74D,759
04E7E:  MOVLB  0
04E80:  CALL   1934
....................     delay_ms(5000);
04E84:  MOVLW  14
04E86:  MOVLB  7
04E88:  MOVWF  x58
04E8A:  MOVLW  FA
04E8C:  MOVWF  x5C
04E8E:  MOVLB  0
04E90:  CALL   0516
04E94:  MOVLB  7
04E96:  DECFSZ x58,F
04E98:  BRA    4E8A
....................     
....................     for (int i=0; i<loops; i++){
04E9A:  CLRF   x57
04E9C:  MOVF   x56,W
04E9E:  SUBWF  x57,W
04EA0:  BTFSC  FD8.0
04EA2:  BRA    4FB0
....................         slew_to_upper_bound(ch);
04EA4:  MOVFF  74D,758
04EA8:  MOVLB  0
04EAA:  CALL   1C06
....................         sensor_monitor_task();
04EAE:  RCALL  4C02
....................         maxSP+=adcVals[ch].pReal;
04EB0:  MOVLB  7
04EB2:  MOVF   x4D,W
04EB4:  MULLW  26
04EB6:  MOVF   FF3,W
04EB8:  CLRF   x59
04EBA:  MOVWF  x58
04EBC:  MOVLW  1D
04EBE:  ADDWF  x58,W
04EC0:  MOVWF  01
04EC2:  MOVLW  00
04EC4:  ADDWFC x59,W
04EC6:  MOVWF  03
04EC8:  MOVF   01,W
04ECA:  ADDLW  2C
04ECC:  MOVWF  FE9
04ECE:  MOVLW  01
04ED0:  ADDWFC 03,W
04ED2:  MOVWF  FEA
04ED4:  MOVFF  FEF,7AB
04ED8:  MOVFF  FEC,01
04EDC:  MOVFF  FEC,02
04EE0:  MOVFF  FEC,03
04EE4:  MOVFF  FEA,759
04EE8:  MOVFF  FE9,758
04EEC:  BCF    FD8.1
04EEE:  MOVFF  751,7AA
04EF2:  MOVFF  750,7A9
04EF6:  MOVFF  74F,7A8
04EFA:  MOVFF  74E,7A7
04EFE:  MOVFF  03,7AE
04F02:  MOVFF  02,7AD
04F06:  MOVFF  01,7AC
04F0A:  MOVLB  0
04F0C:  CALL   0EC0
04F10:  MOVFF  759,FEA
04F14:  MOVFF  758,FE9
04F18:  MOVFF  03,751
04F1C:  MOVFF  02,750
04F20:  MOVFF  01,74F
04F24:  MOVFF  00,74E
....................         
....................         slew_to_lower_bound(ch);
04F28:  MOVFF  74D,758
04F2C:  CALL   1D28
....................         sensor_monitor_task();
04F30:  RCALL  4C02
....................         minSP+=adcVals[ch].pReal;
04F32:  MOVLB  7
04F34:  MOVF   x4D,W
04F36:  MULLW  26
04F38:  MOVF   FF3,W
04F3A:  CLRF   x59
04F3C:  MOVWF  x58
04F3E:  MOVLW  1D
04F40:  ADDWF  x58,W
04F42:  MOVWF  01
04F44:  MOVLW  00
04F46:  ADDWFC x59,W
04F48:  MOVWF  03
04F4A:  MOVF   01,W
04F4C:  ADDLW  2C
04F4E:  MOVWF  FE9
04F50:  MOVLW  01
04F52:  ADDWFC 03,W
04F54:  MOVWF  FEA
04F56:  MOVFF  FEF,7AB
04F5A:  MOVFF  FEC,01
04F5E:  MOVFF  FEC,02
04F62:  MOVFF  FEC,03
04F66:  MOVFF  FEA,759
04F6A:  MOVFF  FE9,758
04F6E:  BCF    FD8.1
04F70:  MOVFF  755,7AA
04F74:  MOVFF  754,7A9
04F78:  MOVFF  753,7A8
04F7C:  MOVFF  752,7A7
04F80:  MOVFF  03,7AE
04F84:  MOVFF  02,7AD
04F88:  MOVFF  01,7AC
04F8C:  MOVLB  0
04F8E:  CALL   0EC0
04F92:  MOVFF  759,FEA
04F96:  MOVFF  758,FE9
04F9A:  MOVFF  03,755
04F9E:  MOVFF  02,754
04FA2:  MOVFF  01,753
04FA6:  MOVFF  00,752
04FAA:  MOVLB  7
04FAC:  INCF   x57,F
04FAE:  BRA    4E9C
....................     }
....................     
....................     PID[ch].maxSP = maxSP / (float)loops;
04FB0:  MOVF   x4D,W
04FB2:  MULLW  28
04FB4:  MOVF   FF3,W
04FB6:  CLRF   x59
04FB8:  MOVWF  x58
04FBA:  MOVLW  20
04FBC:  ADDWF  x58,W
04FBE:  MOVWF  01
04FC0:  MOVLW  00
04FC2:  ADDWFC x59,W
04FC4:  MOVWF  03
04FC6:  MOVF   01,W
04FC8:  ADDLW  35
04FCA:  MOVWF  FE9
04FCC:  MOVLW  00
04FCE:  ADDWFC 03,W
04FD0:  MOVWF  FEA
04FD2:  CLRF   xA8
04FD4:  MOVFF  756,7A7
04FD8:  MOVLB  0
04FDA:  CALL   2E74
04FDE:  MOVFF  751,79F
04FE2:  MOVFF  750,79E
04FE6:  MOVFF  74F,79D
04FEA:  MOVFF  74E,79C
04FEE:  MOVFF  03,7A3
04FF2:  MOVFF  02,7A2
04FF6:  MOVFF  01,7A1
04FFA:  MOVFF  00,7A0
04FFE:  CALL   24EA
05002:  MOVFF  00,FEF
05006:  MOVFF  01,FEC
0500A:  MOVFF  02,FEC
0500E:  MOVFF  03,FEC
....................     PID[ch].minSP = minSP / (float)loops;
05012:  MOVLB  7
05014:  MOVF   x4D,W
05016:  MULLW  28
05018:  MOVF   FF3,W
0501A:  CLRF   x59
0501C:  MOVWF  x58
0501E:  MOVLW  24
05020:  ADDWF  x58,W
05022:  MOVWF  01
05024:  MOVLW  00
05026:  ADDWFC x59,W
05028:  MOVWF  03
0502A:  MOVF   01,W
0502C:  ADDLW  35
0502E:  MOVWF  FE9
05030:  MOVLW  00
05032:  ADDWFC 03,W
05034:  MOVWF  FEA
05036:  CLRF   xA8
05038:  MOVFF  756,7A7
0503C:  MOVLB  0
0503E:  CALL   2E74
05042:  MOVFF  755,79F
05046:  MOVFF  754,79E
0504A:  MOVFF  753,79D
0504E:  MOVFF  752,79C
05052:  MOVFF  03,7A3
05056:  MOVFF  02,7A2
0505A:  MOVFF  01,7A1
0505E:  MOVFF  00,7A0
05062:  CALL   24EA
05066:  MOVFF  00,FEF
0506A:  MOVFF  01,FEC
0506E:  MOVFF  02,FEC
05072:  MOVFF  03,FEC
....................     adcVals[ch].pHome = (maxSP+minSP) / ((float)loops*2);
05076:  MOVLB  7
05078:  MOVF   x4D,W
0507A:  MULLW  26
0507C:  MOVF   FF3,W
0507E:  CLRF   x59
05080:  MOVWF  x58
05082:  MOVLW  21
05084:  ADDWF  x58,W
05086:  MOVWF  01
05088:  MOVLW  00
0508A:  ADDWFC x59,W
0508C:  MOVWF  03
0508E:  MOVF   01,W
05090:  ADDLW  2C
05092:  MOVWF  FE9
05094:  MOVLW  01
05096:  ADDWFC 03,W
05098:  MOVWF  FEA
0509A:  MOVFF  FEA,75B
0509E:  MOVFF  FE9,75A
050A2:  BCF    FD8.1
050A4:  MOVFF  751,7AA
050A8:  MOVFF  750,7A9
050AC:  MOVFF  74F,7A8
050B0:  MOVFF  74E,7A7
050B4:  MOVFF  755,7AE
050B8:  MOVFF  754,7AD
050BC:  MOVFF  753,7AC
050C0:  MOVFF  752,7AB
050C4:  MOVLB  0
050C6:  CALL   0EC0
050CA:  MOVFF  75B,FEA
050CE:  MOVFF  75A,FE9
050D2:  MOVFF  03,75F
050D6:  MOVFF  02,75E
050DA:  MOVFF  01,75D
050DE:  MOVFF  00,75C
050E2:  MOVLB  7
050E4:  CLRF   xA8
050E6:  MOVFF  756,7A7
050EA:  MOVLB  0
050EC:  CALL   2E74
050F0:  MOVFF  03,763
050F4:  MOVFF  02,762
050F8:  MOVFF  01,761
050FC:  MOVFF  00,760
05100:  MOVFF  03,7A6
05104:  MOVFF  02,7A5
05108:  MOVFF  01,7A4
0510C:  MOVFF  00,7A3
05110:  MOVLB  7
05112:  CLRF   xAA
05114:  CLRF   xA9
05116:  CLRF   xA8
05118:  MOVLW  80
0511A:  MOVWF  xA7
0511C:  MOVLB  0
0511E:  CALL   11FA
05122:  MOVFF  75F,79F
05126:  MOVFF  75E,79E
0512A:  MOVFF  75D,79D
0512E:  MOVFF  75C,79C
05132:  MOVFF  03,7A3
05136:  MOVFF  02,7A2
0513A:  MOVFF  01,7A1
0513E:  MOVFF  00,7A0
05142:  CALL   24EA
05146:  MOVFF  00,FEF
0514A:  MOVFF  01,FEC
0514E:  MOVFF  02,FEC
05152:  MOVFF  03,FEC
....................     dacVals[ch].opPcnt = 0;
05156:  MOVLB  7
05158:  MOVF   x4D,W
0515A:  MULLW  07
0515C:  MOVF   FF3,W
0515E:  CLRF   x59
05160:  MOVWF  x58
05162:  MOVLW  03
05164:  ADDWF  x58,W
05166:  MOVWF  01
05168:  MOVLW  00
0516A:  ADDWFC x59,W
0516C:  MOVWF  03
0516E:  MOVF   01,W
05170:  ADDLW  79
05172:  MOVWF  FE9
05174:  MOVLW  01
05176:  ADDWFC 03,W
05178:  MOVWF  FEA
0517A:  CLRF   FEF
0517C:  CLRF   FEC
0517E:  CLRF   FEC
05180:  CLRF   FEC
....................     set_nanoDAC_outputs(ch);
05182:  MOVFF  74D,759
05186:  MOVLB  0
05188:  CALL   1934
....................     delay_ms(1000);
0518C:  MOVLW  04
0518E:  MOVLB  7
05190:  MOVWF  x58
05192:  MOVLW  FA
05194:  MOVWF  x5C
05196:  MOVLB  0
05198:  CALL   0516
0519C:  MOVLB  7
0519E:  DECFSZ x58,F
051A0:  BRA    5192
....................     adcVals[ch].homeFlag = False;
051A2:  MOVF   x4D,W
051A4:  MULLW  26
051A6:  MOVF   FF3,W
051A8:  CLRF   x59
051AA:  MOVWF  x58
051AC:  MOVLW  25
051AE:  ADDWF  x58,W
051B0:  MOVWF  01
051B2:  MOVLW  00
051B4:  ADDWFC x59,W
051B6:  MOVWF  03
051B8:  MOVF   01,W
051BA:  ADDLW  2C
051BC:  MOVWF  FE9
051BE:  MOVLW  01
051C0:  ADDWFC 03,W
051C2:  MOVWF  FEA
051C4:  BCF    FEF.0
051C6:  MOVLB  0
051C8:  RETURN 0
.................... }
.................... 
.................... /*****************************************************************************/
.................... /*  control task sets up the outputs channels                                */ 
.................... /*****************************************************************************/
.................... void control_task(){
....................    static int state = 0;
....................    
....................    switch (state)
*
0576E:  MOVLB  1
05770:  MOVF   xFF,W
05772:  XORLW  00
05774:  MOVLB  0
05776:  BZ    577E
05778:  XORLW  01
0577A:  BZ    5792
0577C:  BRA    57A4
....................    {
....................       case 0:
....................          set_nanoDAC_outputs(chX);
0577E:  MOVLB  7
05780:  CLRF   x59
05782:  MOVLB  0
05784:  CALL   1934
....................          state = 1;
05788:  MOVLW  01
0578A:  MOVLB  1
0578C:  MOVWF  xFF
....................       break;
0578E:  MOVLB  0
05790:  BRA    57A4
....................       case 1:
....................          set_nanoDAC_outputs(chY);
05792:  MOVLW  01
05794:  MOVLB  7
05796:  MOVWF  x59
05798:  MOVLB  0
0579A:  CALL   1934
....................          state = 0;
0579E:  MOVLB  1
057A0:  CLRF   xFF
....................       break;
057A2:  MOVLB  0
....................    }
057A4:  GOTO   B86E (RETURN)
.................... }
.................... 
.................... /*****************************************************************************/
.................... /*  control task sets up the outputs channels                                */ 
.................... /*****************************************************************************/
.................... void control_init(){
....................    spi_xfer(SPI_ctrl, 0, 24);
*
00C1E:  MOVLB  7
00C20:  CLRF   x5F
00C22:  CLRF   x5E
00C24:  CLRF   x5D
00C26:  CLRF   x5C
00C28:  MOVLB  0
00C2A:  RCALL  0BF4
....................    output_low(_SYNC_X);
00C2C:  MOVLW  E8
00C2E:  MOVWF  F8B
00C30:  BCF    F86.2
....................    output_low(_SYNC_Y);
00C32:  MOVWF  F8B
00C34:  BCF    F86.1
....................    output_high(_SYNC_X);
00C36:  MOVWF  F8B
00C38:  BSF    F86.2
....................    output_high(_SYNC_Y);
00C3A:  MOVWF  F8B
00C3C:  BSF    F86.1
00C3E:  GOTO   B830 (RETURN)
.................... }
.................... #endif
.................... 
.................... #include <serialport.h>
.................... #ifndef serialPort
.................... #define serialPort
.................... #include <cmdBuffer.h>
.................... #ifndef cmd_buffer
.................... #define cmd_buffer
.................... 
.................... /*****************************************************************************/
.................... /* DIFCS COMMAND BUFFER                                                      */
.................... /* The beginning of a message is signified by an address record. The address */
.................... /* is 4 characters. The first 2 are the hardware identifier (TC - temperature*/
.................... /* controller, DC - difics controller, etc..) The second 2 characters dev-   */
.................... /* ice ID... Valid values are 00 thru 0F. A device ID of FF writes to all    */
.................... /* boards. This might be used to feed angles data to all listeners.          */
.................... /*****************************************************************************/
.................... 
.................... // t,p0,p1,p2,p3,p4,p5,p6
.................... // t is the start character, p0 is the address, p1 is command, p2-6 are params
.................... // these characters used for storing messages
.................... 
.................... #define startChr '~' // start character. Also diagnostic command type
.................... #define diagCmdType startChr
.................... #define endChr '\n'
.................... #define delimiter ','
.................... #define ignoreChr1 '\r'
.................... #define ignoreChr2 ' '
.................... #define noRecordFound (char)0xFF
.................... 
.................... #define numRecords 4
.................... #define numParam 7
.................... #define lenParam 25
.................... 
.................... #define useSerial
.................... //#define useTCPIP
.................... 
.................... typedef enum cmdMode {tcp, ser};
.................... 
.................... // this structure holds a command. This is used by the serial routine as well
.................... // as the TCP routine to store an incoming command + parameters
.................... // in the case of TCP socket id is also passed in this structure
.................... typedef struct cmd 
.................... {
....................    BOOLEAN full;        // if full, command is ready to execute
....................    unsigned int8 chrIndex;
....................    unsigned int8 paramIndex;
....................    unsigned int8 recReadIndex;
....................    unsigned int8 recWriteIndex;
....................    #ifdef useTCPIP
....................    TCP_SOCKET s;              // socket ID for TCP commands 
....................    #endif
....................    char t;
....................    char p[numParam][lenParam];   // only used with ~ type command
.................... };
.................... 
.................... #ifdef useSerial
.................... struct cmd SERcmd[numRecords]; // holds serial command 
.................... unsigned int8 SRI = 0; //usb readindex
.................... unsigned int8 SWI = 0; //usb write index
.................... #endif
.................... 
.................... #ifdef useTCPIP
.................... struct cmd TCPcmd[numRecords]; // holds TCP command
.................... unsigned int8 TRI = 0; //usb readindex
.................... unsigned int8 TWI = 0; //usb write index
.................... #endif
.................... 
.................... char retData[100]; // this is used to hold return data 
.................... 
.................... #ifdef useSerial
.................... /*****************************************************************************/
.................... /* RESET SER COMMAND -- ready for a new command                              */
.................... /*****************************************************************************/
.................... void resetSERcmd(unsigned int8 recNum)
.................... {
....................    if (recNum < numRecords)
00C42:  MOVLB  7
00C44:  MOVF   x4E,W
00C46:  SUBLW  03
00C48:  BTFSS  FD8.0
00C4A:  BRA    0DAA
....................    {
....................       for (int i = 0; i <numParam; i ++)
00C4C:  CLRF   x4F
00C4E:  MOVF   x4F,W
00C50:  SUBLW  06
00C52:  BNC   0CA0
....................       {
....................          SERcmd[recNum].p[i][0] = '\0';
00C54:  CLRF   x94
00C56:  MOVFF  74E,793
00C5A:  CLRF   x96
00C5C:  MOVLW  B5
00C5E:  MOVWF  x95
00C60:  MOVLB  0
00C62:  RCALL  095E
00C64:  MOVFF  02,751
00C68:  MOVFF  01,750
00C6C:  MOVLW  06
00C6E:  MOVLB  7
00C70:  ADDWF  x50,F
00C72:  MOVLW  00
00C74:  ADDWFC x51,F
00C76:  CLRF   x94
00C78:  MOVFF  74F,793
00C7C:  CLRF   x96
00C7E:  MOVLW  19
00C80:  MOVWF  x95
00C82:  MOVLB  0
00C84:  RCALL  095E
00C86:  MOVF   01,W
00C88:  MOVLB  7
00C8A:  ADDWF  x50,F
00C8C:  MOVF   02,W
00C8E:  ADDWFC x51,F
00C90:  MOVFF  750,FE9
00C94:  MOVLW  02
00C96:  ADDWF  x51,W
00C98:  MOVWF  FEA
00C9A:  CLRF   FEF
00C9C:  INCF   x4F,F
00C9E:  BRA    0C4E
....................       }
....................       SERcmd[recNum].t = 0;
00CA0:  CLRF   x94
00CA2:  MOVFF  74E,793
00CA6:  CLRF   x96
00CA8:  MOVLW  B5
00CAA:  MOVWF  x95
00CAC:  MOVLB  0
00CAE:  RCALL  095E
00CB0:  MOVFF  01,750
00CB4:  MOVLW  05
00CB6:  MOVLB  7
00CB8:  ADDWF  01,W
00CBA:  MOVWF  01
00CBC:  MOVLW  00
00CBE:  ADDWFC 02,W
00CC0:  MOVWF  03
00CC2:  MOVFF  01,FE9
00CC6:  MOVLW  02
00CC8:  ADDWF  03,W
00CCA:  MOVWF  FEA
00CCC:  CLRF   FEF
....................       SERcmd[recNum].chrIndex = 0;
00CCE:  CLRF   x94
00CD0:  MOVFF  74E,793
00CD4:  CLRF   x96
00CD6:  MOVLW  B5
00CD8:  MOVWF  x95
00CDA:  MOVLB  0
00CDC:  RCALL  095E
00CDE:  MOVFF  01,750
00CE2:  MOVLW  01
00CE4:  MOVLB  7
00CE6:  ADDWF  01,W
00CE8:  MOVWF  01
00CEA:  MOVLW  00
00CEC:  ADDWFC 02,W
00CEE:  MOVWF  03
00CF0:  MOVFF  01,FE9
00CF4:  MOVLW  02
00CF6:  ADDWF  03,W
00CF8:  MOVWF  FEA
00CFA:  CLRF   FEF
....................       SERcmd[recNum].paramIndex = 0;
00CFC:  CLRF   x94
00CFE:  MOVFF  74E,793
00D02:  CLRF   x96
00D04:  MOVLW  B5
00D06:  MOVWF  x95
00D08:  MOVLB  0
00D0A:  RCALL  095E
00D0C:  MOVFF  01,750
00D10:  MOVLW  02
00D12:  MOVLB  7
00D14:  ADDWF  01,W
00D16:  MOVWF  01
00D18:  MOVLW  00
00D1A:  ADDWFC 02,W
00D1C:  MOVWF  03
00D1E:  MOVFF  01,FE9
00D22:  MOVLW  02
00D24:  ADDWF  03,W
00D26:  MOVWF  FEA
00D28:  CLRF   FEF
....................       SERcmd[recNum].recReadIndex = 0;
00D2A:  CLRF   x94
00D2C:  MOVFF  74E,793
00D30:  CLRF   x96
00D32:  MOVLW  B5
00D34:  MOVWF  x95
00D36:  MOVLB  0
00D38:  RCALL  095E
00D3A:  MOVFF  01,750
00D3E:  MOVLW  03
00D40:  MOVLB  7
00D42:  ADDWF  01,W
00D44:  MOVWF  01
00D46:  MOVLW  00
00D48:  ADDWFC 02,W
00D4A:  MOVWF  03
00D4C:  MOVFF  01,FE9
00D50:  MOVLW  02
00D52:  ADDWF  03,W
00D54:  MOVWF  FEA
00D56:  CLRF   FEF
....................       SERcmd[recNum].recWriteIndex = 0;
00D58:  CLRF   x94
00D5A:  MOVFF  74E,793
00D5E:  CLRF   x96
00D60:  MOVLW  B5
00D62:  MOVWF  x95
00D64:  MOVLB  0
00D66:  RCALL  095E
00D68:  MOVFF  01,750
00D6C:  MOVLW  04
00D6E:  MOVLB  7
00D70:  ADDWF  01,W
00D72:  MOVWF  01
00D74:  MOVLW  00
00D76:  ADDWFC 02,W
00D78:  MOVWF  03
00D7A:  MOVFF  01,FE9
00D7E:  MOVLW  02
00D80:  ADDWF  03,W
00D82:  MOVWF  FEA
00D84:  CLRF   FEF
....................       SERcmd[recNum].full = FALSE;
00D86:  CLRF   x94
00D88:  MOVFF  74E,793
00D8C:  CLRF   x96
00D8E:  MOVLW  B5
00D90:  MOVWF  x95
00D92:  MOVLB  0
00D94:  RCALL  095E
00D96:  MOVLB  7
00D98:  MOVFF  01,FE9
00D9C:  MOVLW  02
00D9E:  ADDWF  02,W
00DA0:  MOVWF  FEA
00DA2:  BCF    FEF.0
....................       retData[0] = '\0';
00DA4:  MOVLB  4
00DA6:  CLRF   xD6
00DA8:  MOVLB  7
....................    }
00DAA:  MOVLB  0
00DAC:  RETURN 0
.................... }
.................... 
.................... /*****************************************************************************/
.................... /* Get next serial read index (SRI)                                          */
.................... /*****************************************************************************/
.................... BOOLEAN getNextSERReadIndex()
.................... {
....................    while (!SERcmd[SRI].full)
*
05D36:  MOVLB  7
05D38:  CLRF   x94
05D3A:  MOVFF  4D4,793
05D3E:  CLRF   x96
05D40:  MOVLW  B5
05D42:  MOVWF  x95
05D44:  MOVLB  0
05D46:  CALL   095E
05D4A:  MOVFF  02,74F
05D4E:  MOVFF  01,74E
05D52:  MOVLB  7
05D54:  MOVFF  01,FE9
05D58:  MOVLW  02
05D5A:  ADDWF  02,W
05D5C:  MOVWF  FEA
05D5E:  BTFSC  FEF.0
05D60:  BRA    5D82
....................    {
....................       if (SRI == SWI) return FALSE;
05D62:  MOVLB  4
05D64:  MOVF   xD5,W
05D66:  SUBWF  xD4,W
05D68:  BNZ   5D70
05D6A:  MOVLW  00
05D6C:  MOVWF  01
05D6E:  BRA    5D88
....................       SRI +=1;
05D70:  MOVLW  01
05D72:  ADDWF  xD4,F
....................       if (SRI >= numRecords) SRI=0;
05D74:  MOVF   xD4,W
05D76:  SUBLW  03
05D78:  BC    5D7C
05D7A:  CLRF   xD4
05D7C:  MOVLB  0
05D7E:  BRA    5D36
05D80:  MOVLB  7
....................    }
....................    return TRUE;
05D82:  MOVLW  01
05D84:  MOVWF  01
05D86:  MOVLB  4
05D88:  MOVLB  0
05D8A:  GOTO   B2A4 (RETURN)
.................... }
.................... 
.................... /*****************************************************************************/
.................... /* Get next serial write index (SWI)                                         */
.................... /*****************************************************************************/
.................... void setNextSERWriteIndex()
.................... {
....................    SWI +=1;
*
057E0:  MOVLW  01
057E2:  MOVLB  4
057E4:  ADDWF  xD5,F
....................    if (SWI >= numRecords) SWI=0;
057E6:  MOVF   xD5,W
057E8:  SUBLW  03
057EA:  BC    57EE
057EC:  CLRF   xD5
057EE:  MOVLB  0
057F0:  RETURN 0
.................... }
.................... #endif
.................... 
.................... #ifdef useTCPIP
.................... /*****************************************************************************/
.................... /* RESET TCP COMMAND -- ready for a new command                              */
.................... /*****************************************************************************/
.................... void resetTCPcmd(unsigned int8 recNum)
.................... {
....................    if(recNum < numRecords)
....................    {
....................       for (int i = 0; i <numParam; i ++)
....................       {
....................          TCPcmd[recNum].p[i][0] = '\0';
....................       }
....................       TCPcmd[recNum].t = 0;
....................       TCPcmd[recNum].chrIndex = 0;
....................       TCPcmd[recNum].paramIndex = 0;
....................       TCPcmd[recNum].full = FALSE;
....................    }
.................... }
.................... 
.................... /*****************************************************************************/
.................... /* Get next TCP read index (TRI)                                             */
.................... /*****************************************************************************/
.................... BOOLEAN getNextTCPReadIndex()
.................... {
....................    while (!TCPcmd[TRI].full)
....................    {
....................       if (TRI == TWI) return FALSE;
....................       TRI +=1;
....................       if (TRI >= numRecords) TRI=0;
....................    }
....................    return TRUE;
.................... }
.................... 
.................... /*****************************************************************************/
.................... /* Get next TCP write index (TWI)                                            */
.................... /*****************************************************************************/
.................... void setNextTCPWriteIndex()
.................... {
....................    TWI +=1;
....................    if (TWI >= numRecords) TWI=0;
.................... }
.................... #endif
.................... #endif
.................... 
.................... 
.................... #include <io.h>
.................... #ifndef IO
.................... #define IO
.................... 
.................... #use FIXED_IO( A_outputs=PIN_A5,PIN_A4 )
.................... #use FIXED_IO( B_outputs=PIN_B7,PIN_B6,PIN_B5,PIN_B4,PIN_B3,PIN_B1,PIN_B0 )
.................... #use FIXED_IO( C_outputs=PIN_C6,PIN_C5,PIN_C3,PIN_C2 )
.................... #use FIXED_IO( D_outputs=PIN_D7,PIN_D6,PIN_D5 )
.................... #use FIXED_IO( E_outputs=PIN_E2,PIN_E1,PIN_E0 )
.................... 
.................... #define A0           PIN_A0
.................... #define A1           PIN_A1
.................... #define A2           PIN_A2
.................... #define A3           PIN_A3
.................... #define _CS_ACC1     PIN_A4
.................... #define _CS_ACC0     PIN_A5
.................... #define MON_N15V     PIN_A6
.................... 
.................... #define _CS_YCOS     PIN_B0
.................... #define SCLK_B       PIN_B1
.................... #define MISO_B       PIN_B2
.................... #define MOSI_B       PIN_B3
.................... #define INV_HVX      PIN_B4
.................... #define INV_HVY      PIN_B5
.................... 
.................... #define MON_200V     PIN_C0
.................... #define MON_3V6X     PIN_C1
.................... #define MOSI_A       PIN_C2
.................... #define SCLK_A       PIN_C3
.................... #define MISO_A       PIN_C4
.................... #define TX_ENABLE    PIN_C5
.................... #define TX_PIN       PIN_C6
.................... #define RX_PIN       PIN_C7
.................... 
.................... #define MON_5V6      PIN_D0
.................... #define MON_5VA      PIN_D1
.................... #define MON_3V3D     PIN_D2
.................... #define MON_3V3A     PIN_D3
.................... #define RS485_FLT    PIN_D4
.................... #define _CS_XSIN     PIN_D5
.................... #define _CS_XCOS     PIN_D6
.................... #define _CS_YSIN     PIN_D7
.................... 
.................... #define EN_EXC       PIN_E0
.................... #define _SYNC_Y      PIN_E1
.................... #define _SYNC_X      PIN_E2
.................... 
.................... #pin_select U1TX = PIN_C6
.................... #pin_select U1RX = PIN_C7
.................... 
.................... // initialization states
.................... #define portA_reset 0x00
.................... #define portB_reset 0x00
.................... #define portC_reset 0x00
.................... #define portD_reset 0x00
.................... #define portE_reset 0x00
.................... 
.................... #define portA_pullups 0xFF
.................... #define portB_pullups 0x00
.................... #define portC_pullups 0x00
.................... #define portD_pullups 0xFF
.................... #define portE_pullups 0x00
.................... 
.................... /*****************************************************************************/
.................... /* INITIALIZE IO                                                             */
.................... /*****************************************************************************/
.................... void IO_init()
.................... {
....................    output_a(portA_reset);
....................    output_b(portB_reset);
....................    output_c(portC_reset);
....................    output_d(portD_reset);
....................    output_e(portE_reset);
....................    
....................    port_a_pullups(portA_pullups);
....................    port_b_pullups(portB_pullups);
....................    port_c_pullups(portC_pullups);
....................    port_d_pullups(portD_pullups);
....................    port_e_pullups(portE_pullups);
....................    
....................    set_analog_pins(MON_N15V, MON_200V, MON_5V6, MON_5VA, MON_3V6X, MON_3V3A, MON_3V3D);
.................... }
.................... 
.................... #endif
.................... 
.................... 
.................... #define use_RS485 // adds RX enable pin//
.................... 
.................... #define oneByteCmdTestValue 128
.................... #define UART_BUFFER_SIZE 60
.................... #define UART_EOT_CHAR1 0x0D //Carriage Return
.................... #define UART_EOT_CHAR2 0x0A //Line Feed
.................... #define UART_SOT_CHAR  '~' // START CHARACTER
.................... #define line_turnaround_char 0xFF
.................... 
.................... #bit UART_TXBuffer_Empty = 0x0FAC.1
.................... 
.................... char UART_BUFFER[UART_BUFFER_SIZE] = {0};
.................... unsigned int8 UART_WR_PTR = 0;
.................... unsigned int8 UART_RD_PTR = 0;
.................... boolean BYTES_AVAILABLE= FALSE;
.................... 
.................... #ifdef DEBUG_1
.................... #use rs232(ICD, DISABLE_INTS, stream=ICD_STREAM)
.................... #endif
.................... 
.................... #ifdef use_RS485
.................... #use rs232(baud=baudRate, UART1, stream=SERIAL, ERRORS)
*
00178:  MOVLB  E
0017A:  BTFSS  xC8.5
0017C:  BRA    017A
0017E:  MOVFF  F9C,578
00182:  MOVLB  5
00184:  MOVFF  F98,01
00188:  BTFSS  x78.1
0018A:  BRA    0190
0018C:  BCF    F9C.4
0018E:  BSF    F9C.4
00190:  MOVLB  0
00192:  GOTO   01BA (RETURN)
.................... //!#use rs232(baud=baudRate, xmit=TX_PIN, rcv=RX_PIN, stream=SERIAL, ERRORS)
.................... #else
.................... #use rs232(baud=baudRate, xmit=TX_PIN, rcv=RX_PIN, stream=SERIAL)
.................... #endif
.................... 
.................... // Message format: [SOT]addr ,cmd, arg1, arg2, arg3[EOT]} 
.................... // arguments are optional
.................... /*****************************************************************************/
.................... /*****************************************************************************/
.................... /* FUNCTIONS START HERE                                                      */
.................... /*****************************************************************************/
.................... /*****************************************************************************/
.................... 
.................... /*****************************************************************************/
.................... /* SERIAL PRINTOUT                                                           */
.................... /*****************************************************************************/
.................... void serial_out(char* printBuffer){
....................     output_high(TX_ENABLE);
*
0581E:  MOVLW  93
05820:  MOVWF  F89
05822:  BSF    F84.5
....................     delay_us(200);
05824:  MOVLW  C8
05826:  MOVLB  7
05828:  MOVWF  x59
0582A:  MOVLB  0
0582C:  CALL   07EA
....................     
....................     fprintf(SERIAL, "%s\n", printBuffer);
05830:  MOVFF  74F,FEA
05834:  MOVFF  74E,FE9
05838:  BRA    57F2
0583A:  MOVLW  0A
0583C:  MOVLB  E
0583E:  BTFSS  xC8.4
05840:  BRA    583E
05842:  MOVWF  F99
....................     delay_us(200);
05844:  MOVLW  C8
05846:  MOVLB  7
05848:  MOVWF  x59
0584A:  MOVLB  0
0584C:  CALL   07EA
....................     
....................     output_low(TX_ENABLE);
05850:  MOVLW  93
05852:  MOVWF  F89
05854:  BCF    F84.5
05856:  RETURN 0
.................... }
.................... 
.................... //!void icd_out(char* printBuffer){
.................... //!    fprintf(ICD_STREAM, "%s\n", printBuffer);
.................... //!}
.................... 
.................... /*****************************************************************************/
.................... /* SERIAL PORT ISR                                                           */
.................... /*****************************************************************************/
.................... #INT_RDA HIGH
.................... void RX_isr() {           
*
00196:  MOVLB  0
....................     while (kbhit(SERIAL)) {
00198:  MOVLB  E
0019A:  BTFSS  xC8.5
0019C:  BRA    01DE
....................         UART_BUFFER[UART_WR_PTR]=fgetc(SERIAL);
0019E:  CLRF   03
001A0:  MOVLB  5
001A2:  MOVF   x76,W
001A4:  ADDLW  3A
001A6:  MOVWF  FE9
001A8:  MOVLW  05
001AA:  ADDWFC 03,W
001AC:  MOVWF  FEA
001AE:  MOVFF  FEA,7CC
001B2:  MOVFF  FE9,7CB
001B6:  MOVLB  0
001B8:  BRA    0178
001BA:  MOVFF  7CC,FEA
001BE:  MOVFF  7CB,FE9
001C2:  MOVFF  01,FEF
....................         UART_WR_PTR +=1;
001C6:  MOVLW  01
001C8:  MOVLB  5
001CA:  ADDWF  x76,F
....................         if (UART_WR_PTR>=UART_BUFFER_SIZE) UART_WR_PTR=0;
001CC:  MOVF   x76,W
001CE:  SUBLW  3B
001D0:  BC    01D4
001D2:  CLRF   x76
....................         BYTES_AVAILABLE=TRUE;
001D4:  MOVLB  1
001D6:  BSF    x78.1
001D8:  MOVLB  0
001DA:  BRA    0198
001DC:  MOVLB  E
....................     }
001DE:  BCF    xC8.5
001E0:  MOVLB  0
001E2:  GOTO   011C
.................... }
.................... 
.................... /*****************************************************************************/
.................... /* Get character from buffer                                                 */
.................... /*****************************************************************************/
.................... char getchFromBuffer()
*
057A8:  CLRF   03
057AA:  MOVLB  5
057AC:  MOVF   x77,W
057AE:  ADDLW  3A
057B0:  MOVWF  FE9
057B2:  MOVLW  05
057B4:  ADDWFC 03,W
057B6:  MOVWF  FEA
057B8:  MOVFF  FEF,74E
.................... {
....................    char data = UART_BUFFER[UART_RD_PTR];
....................    UART_RD_PTR +=1;
057BC:  MOVLW  01
057BE:  ADDWF  x77,F
....................    if (UART_RD_PTR>=UART_BUFFER_SIZE) UART_RD_PTR=0;
057C0:  MOVF   x77,W
057C2:  SUBLW  3B
057C4:  BC    57C8
057C6:  CLRF   x77
....................    if (UART_RD_PTR == UART_WR_PTR) BYTES_AVAILABLE=FALSE;
057C8:  MOVF   x76,W
057CA:  SUBWF  x77,W
057CC:  BNZ   57D4
057CE:  MOVLB  1
057D0:  BCF    x78.1
057D2:  MOVLB  5
....................    return data;
057D4:  MOVLB  7
057D6:  MOVFF  74E,01
057DA:  MOVLB  0
057DC:  GOTO   589A (RETURN)
.................... }
.................... 
.................... /*****************************************************************************/
.................... /* Serial Task transfers bytes to command buffer                             */
.................... /*****************************************************************************/
.................... void serial_task()
.................... {
....................    while(BYTES_AVAILABLE && SERcmd[SWI].full==FALSE)
*
05858:  MOVLB  1
0585A:  BTFSS  x78.1
0585C:  BRA    5D2A
0585E:  MOVLB  7
05860:  CLRF   x94
05862:  MOVFF  4D5,793
05866:  CLRF   x96
05868:  MOVLW  B5
0586A:  MOVWF  x95
0586C:  MOVLB  0
0586E:  CALL   095E
05872:  MOVFF  02,74F
05876:  MOVFF  01,74E
0587A:  MOVLB  7
0587C:  MOVFF  01,FE9
05880:  MOVLW  02
05882:  ADDWF  02,W
05884:  MOVWF  03
05886:  MOVWF  FEA
05888:  BTFSS  FEF.0
0588A:  BRA    5890
0588C:  MOVLB  1
0588E:  BRA    5D2A
....................    {  
....................       output_high(TX_ENABLE);
05890:  MOVLW  93
05892:  MOVWF  F89
05894:  BSF    F84.5
....................       unsigned int8 rxChar = getchFromBuffer();
05896:  MOVLB  0
05898:  BRA    57A8
0589A:  MOVFF  01,74D
....................       if (rxChar == ignoreChr1 || rxChar == ignoreChr2)
0589E:  MOVLB  7
058A0:  MOVF   x4D,W
058A2:  SUBLW  0D
058A4:  BZ    58AC
058A6:  MOVF   x4D,W
058A8:  SUBLW  20
058AA:  BNZ   58AE
....................       {
....................       }
058AC:  BRA    5D24
....................       else if (rxChar == UART_SOT_CHAR)
058AE:  MOVF   x4D,W
058B0:  SUBLW  7E
058B2:  BNZ   58F4
....................       {
....................          resetSERcmd(SWI);
058B4:  MOVFF  4D5,74E
058B8:  MOVLB  0
058BA:  CALL   0C42
....................          SERcmd[SWI].t = rxChar;
058BE:  MOVLB  7
058C0:  CLRF   x94
058C2:  MOVFF  4D5,793
058C6:  CLRF   x96
058C8:  MOVLW  B5
058CA:  MOVWF  x95
058CC:  MOVLB  0
058CE:  CALL   095E
058D2:  MOVFF  01,74E
058D6:  MOVLW  05
058D8:  MOVLB  7
058DA:  ADDWF  01,W
058DC:  MOVWF  01
058DE:  MOVLW  00
058E0:  ADDWFC 02,W
058E2:  MOVWF  03
058E4:  MOVFF  01,FE9
058E8:  MOVLW  02
058EA:  ADDWF  03,W
058EC:  MOVWF  FEA
058EE:  MOVFF  74D,FEF
....................       }
058F2:  BRA    5D24
....................       else if (rxChar >= oneByteCmdTestValue)
058F4:  MOVF   x4D,W
058F6:  SUBLW  7F
058F8:  BC    5960
....................       {
....................          resetSERcmd(SWI);
058FA:  MOVFF  4D5,74E
058FE:  MOVLB  0
05900:  CALL   0C42
....................          SERcmd[SWI].t = rxChar;
05904:  MOVLB  7
05906:  CLRF   x94
05908:  MOVFF  4D5,793
0590C:  CLRF   x96
0590E:  MOVLW  B5
05910:  MOVWF  x95
05912:  MOVLB  0
05914:  CALL   095E
05918:  MOVFF  01,74E
0591C:  MOVLW  05
0591E:  MOVLB  7
05920:  ADDWF  01,W
05922:  MOVWF  01
05924:  MOVLW  00
05926:  ADDWFC 02,W
05928:  MOVWF  03
0592A:  MOVFF  01,FE9
0592E:  MOVLW  02
05930:  ADDWF  03,W
05932:  MOVWF  FEA
05934:  MOVFF  74D,FEF
....................          SERcmd[SWI].full = TRUE;
05938:  CLRF   x94
0593A:  MOVFF  4D5,793
0593E:  CLRF   x96
05940:  MOVLW  B5
05942:  MOVWF  x95
05944:  MOVLB  0
05946:  CALL   095E
0594A:  MOVLB  7
0594C:  MOVFF  01,FE9
05950:  MOVLW  02
05952:  ADDWF  02,W
05954:  MOVWF  FEA
05956:  BSF    FEF.0
....................          setNextSERWriteIndex();
05958:  MOVLB  0
0595A:  RCALL  57E0
....................       }
0595C:  BRA    5D22
0595E:  MOVLB  7
....................       else if (rxChar == UART_EOT_CHAR2)
05960:  MOVF   x4D,W
05962:  SUBLW  0A
05964:  BTFSS  FD8.2
05966:  BRA    5A60
....................       {
....................          SERcmd[SWI].full = TRUE;
05968:  CLRF   x94
0596A:  MOVFF  4D5,793
0596E:  CLRF   x96
05970:  MOVLW  B5
05972:  MOVWF  x95
05974:  MOVLB  0
05976:  CALL   095E
0597A:  MOVLB  7
0597C:  MOVFF  01,FE9
05980:  MOVLW  02
05982:  ADDWF  02,W
05984:  MOVWF  FEA
05986:  BSF    FEF.0
....................          SERcmd[SWI].recWriteIndex = SERcmd[SWI].paramIndex;
05988:  CLRF   x94
0598A:  MOVFF  4D5,793
0598E:  CLRF   x96
05990:  MOVLW  B5
05992:  MOVWF  x95
05994:  MOVLB  0
05996:  CALL   095E
0599A:  MOVFF  01,74E
0599E:  MOVLW  04
059A0:  MOVLB  7
059A2:  ADDWF  01,W
059A4:  MOVWF  01
059A6:  MOVLW  00
059A8:  ADDWFC 02,W
059AA:  MOVWF  03
059AC:  MOVF   01,W
059AE:  MOVLW  02
059B0:  ADDWF  03,F
059B2:  MOVFF  01,74E
059B6:  MOVFF  03,74F
059BA:  CLRF   x94
059BC:  MOVFF  4D5,793
059C0:  CLRF   x96
059C2:  MOVLW  B5
059C4:  MOVWF  x95
059C6:  MOVLB  0
059C8:  CALL   095E
059CC:  MOVFF  01,750
059D0:  MOVLW  02
059D2:  MOVLB  7
059D4:  ADDWF  01,W
059D6:  MOVWF  01
059D8:  MOVLW  00
059DA:  ADDWFC 02,W
059DC:  MOVWF  03
059DE:  MOVFF  01,FE9
059E2:  MOVLW  02
059E4:  ADDWF  03,W
059E6:  MOVWF  FEA
059E8:  MOVFF  FEF,750
059EC:  MOVFF  74F,FEA
059F0:  MOVFF  74E,FE9
059F4:  MOVFF  750,FEF
....................          SERcmd[SWI].chrIndex = 0;
059F8:  CLRF   x94
059FA:  MOVFF  4D5,793
059FE:  CLRF   x96
05A00:  MOVLW  B5
05A02:  MOVWF  x95
05A04:  MOVLB  0
05A06:  CALL   095E
05A0A:  MOVFF  01,74E
05A0E:  MOVLW  01
05A10:  MOVLB  7
05A12:  ADDWF  01,W
05A14:  MOVWF  01
05A16:  MOVLW  00
05A18:  ADDWFC 02,W
05A1A:  MOVWF  03
05A1C:  MOVFF  01,FE9
05A20:  MOVLW  02
05A22:  ADDWF  03,W
05A24:  MOVWF  FEA
05A26:  CLRF   FEF
....................          SERcmd[SWI].paramIndex = 0;
05A28:  CLRF   x94
05A2A:  MOVFF  4D5,793
05A2E:  CLRF   x96
05A30:  MOVLW  B5
05A32:  MOVWF  x95
05A34:  MOVLB  0
05A36:  CALL   095E
05A3A:  MOVFF  01,74E
05A3E:  MOVLW  02
05A40:  MOVLB  7
05A42:  ADDWF  01,W
05A44:  MOVWF  01
05A46:  MOVLW  00
05A48:  ADDWFC 02,W
05A4A:  MOVWF  03
05A4C:  MOVFF  01,FE9
05A50:  MOVLW  02
05A52:  ADDWF  03,W
05A54:  MOVWF  FEA
05A56:  CLRF   FEF
....................          setNextSERWriteIndex();
05A58:  MOVLB  0
05A5A:  RCALL  57E0
....................       }
05A5C:  BRA    5D22
05A5E:  MOVLB  7
....................       else if (rxChar == delimiter)
05A60:  MOVF   x4D,W
05A62:  SUBLW  2C
05A64:  BNZ   5B20
....................       {
....................          if (SERcmd[SWI].paramIndex < numParam-1)
05A66:  CLRF   x94
05A68:  MOVFF  4D5,793
05A6C:  CLRF   x96
05A6E:  MOVLW  B5
05A70:  MOVWF  x95
05A72:  MOVLB  0
05A74:  CALL   095E
05A78:  MOVFF  02,74F
05A7C:  MOVFF  01,74E
05A80:  MOVLW  02
05A82:  MOVLB  7
05A84:  ADDWF  01,W
05A86:  MOVWF  01
05A88:  MOVLW  00
05A8A:  ADDWFC 02,W
05A8C:  MOVWF  03
05A8E:  MOVFF  01,FE9
05A92:  MOVLW  02
05A94:  ADDWF  03,W
05A96:  MOVWF  FEA
05A98:  MOVF   FEF,W
05A9A:  SUBLW  05
05A9C:  BNC   5B04
....................          {
....................             SERcmd[SWI].paramIndex +=1;
05A9E:  CLRF   x94
05AA0:  MOVFF  4D5,793
05AA4:  CLRF   x96
05AA6:  MOVLW  B5
05AA8:  MOVWF  x95
05AAA:  MOVLB  0
05AAC:  CALL   095E
05AB0:  MOVFF  01,74E
05AB4:  MOVLW  02
05AB6:  MOVLB  7
05AB8:  ADDWF  01,W
05ABA:  MOVWF  01
05ABC:  MOVLW  00
05ABE:  ADDWFC 02,W
05AC0:  MOVWF  03
05AC2:  MOVFF  01,FE9
05AC6:  MOVLW  02
05AC8:  ADDWF  03,W
05ACA:  MOVWF  FEA
05ACC:  MOVLW  01
05ACE:  ADDWF  FEF,W
05AD0:  MOVWF  FEF
....................             SERcmd[SWI].chrIndex = 0;
05AD2:  CLRF   x94
05AD4:  MOVFF  4D5,793
05AD8:  CLRF   x96
05ADA:  MOVLW  B5
05ADC:  MOVWF  x95
05ADE:  MOVLB  0
05AE0:  CALL   095E
05AE4:  MOVFF  01,74E
05AE8:  MOVLW  01
05AEA:  MOVLB  7
05AEC:  ADDWF  01,W
05AEE:  MOVWF  01
05AF0:  MOVLW  00
05AF2:  ADDWFC 02,W
05AF4:  MOVWF  03
05AF6:  MOVFF  01,FE9
05AFA:  MOVLW  02
05AFC:  ADDWF  03,W
05AFE:  MOVWF  FEA
05B00:  CLRF   FEF
....................          }
05B02:  BRA    5B1E
....................          else
....................          {
....................             resetSERcmd(SWI); // exceed number of params... reset capture
05B04:  MOVFF  4D5,74E
05B08:  MOVLB  0
05B0A:  CALL   0C42
....................             serial_out(retData);
05B0E:  MOVLW  04
05B10:  MOVLB  7
05B12:  MOVWF  x4F
05B14:  MOVLW  D6
05B16:  MOVWF  x4E
05B18:  MOVLB  0
05B1A:  RCALL  581E
05B1C:  MOVLB  7
....................          }
....................       }
05B1E:  BRA    5D24
....................       
....................       else
....................       {
....................          if (SERcmd[SWI].chrIndex < lenParam)
05B20:  CLRF   x94
05B22:  MOVFF  4D5,793
05B26:  CLRF   x96
05B28:  MOVLW  B5
05B2A:  MOVWF  x95
05B2C:  MOVLB  0
05B2E:  CALL   095E
05B32:  MOVFF  02,74F
05B36:  MOVFF  01,74E
05B3A:  MOVLW  01
05B3C:  MOVLB  7
05B3E:  ADDWF  01,W
05B40:  MOVWF  01
05B42:  MOVLW  00
05B44:  ADDWFC 02,W
05B46:  MOVWF  03
05B48:  MOVFF  01,FE9
05B4C:  MOVLW  02
05B4E:  ADDWF  03,W
05B50:  MOVWF  FEA
05B52:  MOVF   FEF,W
05B54:  SUBLW  18
05B56:  BTFSS  FD8.0
05B58:  BRA    5D0A
....................          {
....................             SERcmd[SWI].p[SERcmd[SWI].paramIndex][SERcmd[SWI].chrIndex] = rxChar;
05B5A:  CLRF   x94
05B5C:  MOVFF  4D5,793
05B60:  CLRF   x96
05B62:  MOVLW  B5
05B64:  MOVWF  x95
05B66:  MOVLB  0
05B68:  CALL   095E
05B6C:  MOVFF  02,74F
05B70:  MOVFF  01,74E
05B74:  MOVLW  06
05B76:  MOVLB  7
05B78:  ADDWF  x4E,F
05B7A:  MOVLW  00
05B7C:  ADDWFC x4F,F
05B7E:  CLRF   x94
05B80:  MOVFF  4D5,793
05B84:  CLRF   x96
05B86:  MOVLW  B5
05B88:  MOVWF  x95
05B8A:  MOVLB  0
05B8C:  CALL   095E
05B90:  MOVFF  02,751
05B94:  MOVFF  01,750
05B98:  MOVLW  02
05B9A:  MOVLB  7
05B9C:  ADDWF  01,W
05B9E:  MOVWF  01
05BA0:  MOVLW  00
05BA2:  ADDWFC 02,W
05BA4:  MOVWF  03
05BA6:  MOVFF  01,FE9
05BAA:  MOVLW  02
05BAC:  ADDWF  03,W
05BAE:  MOVWF  FEA
05BB0:  CLRF   x94
05BB2:  MOVFF  FEF,793
05BB6:  CLRF   x96
05BB8:  MOVLW  19
05BBA:  MOVWF  x95
05BBC:  MOVLB  0
05BBE:  CALL   095E
05BC2:  MOVFF  02,03
05BC6:  MOVF   01,W
05BC8:  MOVLB  7
05BCA:  ADDWF  x4E,F
05BCC:  MOVF   02,W
05BCE:  ADDWFC x4F,F
05BD0:  CLRF   x94
05BD2:  MOVFF  4D5,793
05BD6:  CLRF   x96
05BD8:  MOVLW  B5
05BDA:  MOVWF  x95
05BDC:  MOVLB  0
05BDE:  CALL   095E
05BE2:  MOVFF  01,750
05BE6:  MOVLW  01
05BE8:  MOVLB  7
05BEA:  ADDWF  01,W
05BEC:  MOVWF  01
05BEE:  MOVLW  00
05BF0:  ADDWFC 02,W
05BF2:  MOVWF  03
05BF4:  MOVFF  01,FE9
05BF8:  MOVLW  02
05BFA:  ADDWF  03,W
05BFC:  MOVWF  FEA
05BFE:  MOVF   FEF,W
05C00:  ADDWF  x4E,W
05C02:  MOVWF  01
05C04:  MOVLW  00
05C06:  ADDWFC x4F,W
05C08:  MOVWF  03
05C0A:  MOVFF  01,FE9
05C0E:  MOVLW  02
05C10:  ADDWF  03,W
05C12:  MOVWF  FEA
05C14:  MOVFF  74D,FEF
....................             SERcmd[SWI].chrIndex += 1;
05C18:  CLRF   x94
05C1A:  MOVFF  4D5,793
05C1E:  CLRF   x96
05C20:  MOVLW  B5
05C22:  MOVWF  x95
05C24:  MOVLB  0
05C26:  CALL   095E
05C2A:  MOVFF  01,74E
05C2E:  MOVLW  01
05C30:  MOVLB  7
05C32:  ADDWF  01,W
05C34:  MOVWF  01
05C36:  MOVLW  00
05C38:  ADDWFC 02,W
05C3A:  MOVWF  03
05C3C:  MOVFF  01,FE9
05C40:  MOVLW  02
05C42:  ADDWF  03,W
05C44:  MOVWF  FEA
05C46:  MOVLW  01
05C48:  ADDWF  FEF,W
05C4A:  MOVWF  FEF
....................             SERcmd[SWI].p[SERcmd[SWI].paramIndex][SERcmd[SWI].chrIndex] = '\0';
05C4C:  CLRF   x94
05C4E:  MOVFF  4D5,793
05C52:  CLRF   x96
05C54:  MOVLW  B5
05C56:  MOVWF  x95
05C58:  MOVLB  0
05C5A:  CALL   095E
05C5E:  MOVFF  02,74F
05C62:  MOVFF  01,74E
05C66:  MOVLW  06
05C68:  MOVLB  7
05C6A:  ADDWF  x4E,F
05C6C:  MOVLW  00
05C6E:  ADDWFC x4F,F
05C70:  CLRF   x94
05C72:  MOVFF  4D5,793
05C76:  CLRF   x96
05C78:  MOVLW  B5
05C7A:  MOVWF  x95
05C7C:  MOVLB  0
05C7E:  CALL   095E
05C82:  MOVFF  02,751
05C86:  MOVFF  01,750
05C8A:  MOVLW  02
05C8C:  MOVLB  7
05C8E:  ADDWF  01,W
05C90:  MOVWF  01
05C92:  MOVLW  00
05C94:  ADDWFC 02,W
05C96:  MOVWF  03
05C98:  MOVFF  01,FE9
05C9C:  MOVLW  02
05C9E:  ADDWF  03,W
05CA0:  MOVWF  FEA
05CA2:  CLRF   x94
05CA4:  MOVFF  FEF,793
05CA8:  CLRF   x96
05CAA:  MOVLW  19
05CAC:  MOVWF  x95
05CAE:  MOVLB  0
05CB0:  CALL   095E
05CB4:  MOVFF  02,03
05CB8:  MOVF   01,W
05CBA:  MOVLB  7
05CBC:  ADDWF  x4E,F
05CBE:  MOVF   02,W
05CC0:  ADDWFC x4F,F
05CC2:  CLRF   x94
05CC4:  MOVFF  4D5,793
05CC8:  CLRF   x96
05CCA:  MOVLW  B5
05CCC:  MOVWF  x95
05CCE:  MOVLB  0
05CD0:  CALL   095E
05CD4:  MOVFF  01,750
05CD8:  MOVLW  01
05CDA:  MOVLB  7
05CDC:  ADDWF  01,W
05CDE:  MOVWF  01
05CE0:  MOVLW  00
05CE2:  ADDWFC 02,W
05CE4:  MOVWF  03
05CE6:  MOVFF  01,FE9
05CEA:  MOVLW  02
05CEC:  ADDWF  03,W
05CEE:  MOVWF  FEA
05CF0:  MOVF   FEF,W
05CF2:  ADDWF  x4E,W
05CF4:  MOVWF  01
05CF6:  MOVLW  00
05CF8:  ADDWFC x4F,W
05CFA:  MOVWF  03
05CFC:  MOVFF  01,FE9
05D00:  MOVLW  02
05D02:  ADDWF  03,W
05D04:  MOVWF  FEA
05D06:  CLRF   FEF
....................          }
05D08:  BRA    5D24
....................          else
....................          {
....................             resetSERcmd(SWI); // exceed number of characters... reset capture
05D0A:  MOVFF  4D5,74E
05D0E:  MOVLB  0
05D10:  CALL   0C42
....................             serial_out(retData);
05D14:  MOVLW  04
05D16:  MOVLB  7
05D18:  MOVWF  x4F
05D1A:  MOVLW  D6
05D1C:  MOVWF  x4E
05D1E:  MOVLB  0
05D20:  RCALL  581E
05D22:  MOVLB  7
....................          }
....................       }
05D24:  MOVLB  0
05D26:  BRA    5858
05D28:  MOVLB  1
....................    }
....................    output_low(TX_ENABLE);
05D2A:  MOVLW  93
05D2C:  MOVWF  F89
05D2E:  BCF    F84.5
05D30:  MOVLB  0
05D32:  GOTO   B872 (RETURN)
.................... }
....................            
.................... /*****************************************************************************/
.................... /* serialInit ROUTINE  - Sets up serial port                                 */
.................... /*****************************************************************************/ 
.................... void serial_init()
.................... {
....................    for (int i = 0; i < numRecords; i++) 
*
00DAE:  MOVLB  7
00DB0:  CLRF   x4D
00DB2:  MOVF   x4D,W
00DB4:  SUBLW  03
00DB6:  BNC   0DC6
....................    {
....................       resetSERcmd(i);
00DB8:  MOVFF  74D,74E
00DBC:  MOVLB  0
00DBE:  RCALL  0C42
00DC0:  MOVLB  7
00DC2:  INCF   x4D,F
00DC4:  BRA    0DB2
....................    }
....................    enable_interrupts(INT_RDA);
00DC6:  MOVLB  E
00DC8:  BSF    xC0.5
00DCA:  MOVLB  0
00DCC:  GOTO   B834 (RETURN)
.................... }
.................... 
.................... 
.................... #endif
.................... 
.................... #include <pid.h>
.................... #ifndef pidcontroller
.................... #define pidcontroller
.................... #include <parameters.h>
.................... #include <math.h>
.................... 
.................... /*****************************************************************************/
.................... /* UPDATE the Control Variable (CV)                                          */
.................... /*****************************************************************************/
.................... void pid_update (channelMap ch){
....................    float err = PID[ch].SP - PID[ch].PV;  // error = set value - measured
....................    
....................    PID[ch].I += err*PID[ch].kI;
....................    if (PID[ch].I > op_upper_bound) PID[ch].I = op_upper_bound; // anti-windup
....................    else if (PID[ch].I < op_lower_bound) PID[ch].I = op_lower_bound;
....................    
....................    float P = err * PID[ch].kP;  // proportional value
....................    
....................    float D = PID[ch].kD * (PID[ch].PV - PID[ch].PVold);  // derivative value
....................    
....................    PID[ch].CV = P + PID[ch].I + D;  // new control variable
....................    if (PID[ch].CV > op_upper_bound) PID[ch].CV = op_upper_bound; // limit positive output
....................    else if (PID[ch].CV < op_lower_bound) PID[ch].CV = op_lower_bound; // limit negative output
.................... }
.................... 
.................... /*****************************************************************************/
.................... /* PID Task - looks for change to PV and updates CV                          */
.................... /*****************************************************************************/
.................... void pid_task(channelMap ch){
....................    static int index = 0;
....................    if (PID[ch].SP != PID[ch].PV) pid_update(ch);
....................    if ((index++) >= numChannels) index = 0;
.................... }
.................... 
.................... #endif
.................... 
.................... #include <eventTimer.h>
.................... #ifndef timeout
.................... #define timeout
.................... #include <parameters.h>
.................... #ifndef parameters
.................... #define parameters
.................... 
.................... //#define use_ext_eeprom
.................... 
.................... /*****************************************************************************/
.................... /*****************************************************************************/
.................... /* PARAMETERS                                                                */
.................... /* Global parameters used by all routines                                    */
.................... /* These defaults are defined below. On first boot, they will be stored in   */
.................... /* EEProm. On subsequent boots, they will be reloaded from EEProm. Any       */
.................... /* configuation changes will be changed in EEprom, hence will be restored on */
.................... /* subsequent boot. All params start at page boundaries!!                    */
.................... /*****************************************************************************/
.................... /*****************************************************************************/
.................... #include <stddef.h>
.................... #include <stdlib.h>
.................... 
.................... typedef enum channelMap {chX, chY}; // Piezo channels
.................... typedef enum channelMode {MANUAL, MAGSNS}; // Voltage or Magnetic Sensor Control
.................... 
.................... /*****************************************************************************/
.................... /* CAT24C04 EEProm --- page size = 16 bytes, Write when LSB=0 Read when LSB=1*/
.................... /*****************************************************************************/
.................... #ifdef use_ext_eeprom
.................... #define EE_Slave_Addr 0xA0
.................... #define writeProtectPin EE_WP
.................... #define pageSize 16
.................... // EEProm is on 12C bus 1
.................... #use i2c(master, fast, sda=PIN_C4, scl=PIN_C3, FORCE_HW, STREAM=EEPROM)
.................... #endif
.................... 
.................... /*****************************************************************************/
.................... /*****************************************************************************/
.................... /* FUNCTIONS PROTOTYPES START HERE                                           */
.................... /*****************************************************************************/
.................... /*****************************************************************************/
.................... #ifdef use_ext_eeprom
.................... void ee_send_start(unsigned int16 address, BOOLEAN read);
.................... #endif
.................... void ee_save_reg(unsigned int8 *reg, unsigned int16 eeLocation, unsigned int8 length);
.................... void ee_load_reg(unsigned int8 *reg, unsigned int16 eeLocation, unsigned int8 length);
.................... void params_save_to_ee(void);
.................... void params_load_from_ee(void);
.................... void params_init(void);
.................... void params_invalidate(void);
.................... 
.................... /*****************************************************************************/
.................... /*****************************************************************************/
.................... /* PARAMETERS START HERE. All Params should have an EEPROM address that is   */
.................... /* at the start of an EERPOM page.                                           */ 
.................... /*****************************************************************************/
.................... /*****************************************************************************/
.................... 
.................... /*****************************************************************************/
.................... /* PID Parameters                                                            */
.................... /*****************************************************************************/
.................... #define pid_params_ee_addr 0
.................... #define pid_params_length 128  // length in bytes
.................... struct pidParams
.................... {
....................     float kP;      // proportional gain
....................     float kI;      // integral gain
....................     float kD;      // derivative gain
....................     float SP;      // set point-- desired output
....................     float PV;      // process variable-- measured output
....................     float PVold;   // oldPV value  
....................     float CV;      // control variable-- output -- 0 to 100%
....................     float I;       // integral value
....................     float maxSP;   // Max setpoint in microns
....................     float minSP;   // Min setpoint in microns
.................... }PID[2] = {
....................    //  P     I     D
....................     {0.01,   0.3,  0.1, 0,0,0,0,0,0,0}, 
....................     {0.01,   0.3,  0.1, 0,0,0,0,0,0,0}
....................     };
.................... 
.................... /*****************************************************************************/
.................... /* Output Channel Map                                                        */
.................... /*****************************************************************************/
.................... #define channel_map_ee_addr 128
.................... #define channel_map_length 2  // length in bytes
.................... channelMap chMap[2] = {chX, chY};
.................... 
.................... // @FLAG
.................... #define op_upper_bound 63  // CRYO
.................... #define op_lower_bound -63 // CRYO
.................... 
.................... // #define op_upper_bound 63  // AMBIENT 
.................... // #define op_lower_bound -12 // AMBIENT
.................... 
.................... //!#define op_upper_bound 100  // FULL 
.................... //!#define op_lower_bound -100 // FULL
.................... 
.................... 
.................... /*****************************************************************************/
.................... /* Input Channel Mode                                                        */
.................... /*****************************************************************************/
.................... #define channel_mode_ee_addr 144
.................... #define channel_mode_length 2  // length in bytes
.................... channelMode chMode[2] = {MANUAL, MANUAL};
.................... 
.................... /*****************************************************************************/
.................... /* ADC Calibration Constants                                                 */
.................... /*****************************************************************************/
.................... #define adc_cal_params_ee_addr 160
.................... #define adc_cal_params_length 32  // length in bytes
.................... struct adcCalParms
.................... {
....................    float sinOS;
....................    float cosOS;
....................    float sinGain;
....................    float cosGain;
.................... } adcCal[2] = {
....................                 {0,0,1,1},
....................                 {0,0,1,1}
....................               };
.................... 
.................... /*****************************************************************************/
.................... /* Sensor Calibration Constants                                              */
.................... /*****************************************************************************/
.................... #define sensor_cal_params_ee_addr 192
.................... #define sensor_cal_params_length 48  // length in bytes
.................... struct sensorCalParams
.................... {
....................    float c0;
....................    float c1;
....................    float c2;
....................    float c3;
....................    float c4;
....................    float c5;
.................... } sensorCal[2] = {
....................                     {0,1,0,0,0,0},
....................                     {0,1,0,0,0,0}
....................                  };
.................... 
.................... // fifth order polynomial constants
.................... 
.................... /*****************************************************************************/
.................... /* Monitor Calibration Constants                                             */
.................... /*****************************************************************************/
.................... #define mon_cal_params_ee_addr 240
.................... #define mon_cal_params_length 56  // length in bytes
.................... struct monCalParams
.................... {
....................    float vN15[2];  // offset and gain
....................    float v200[2];
....................    float v5V6[2];
....................    float v5VA[2];
....................    float v3V6X[2];
....................    float v3V3A[2];
....................    float v3V3D[2];
....................    
.................... }monCal = {
....................    {0, -0.02245509}, 
....................    {0,   0.2127659}, 
....................    {0, 0.008432515}, 
....................    {0, 0.008173486}, 
....................    {0, 0.009655914}, 
....................    {0, 0.007094828}, 
....................    {0, 0.007081720}
.................... };
.................... 
.................... /*****************************************************************************/
.................... /* PARAMS Valid                                                              */
.................... /*****************************************************************************/
.................... #define invalidate 0xFF
.................... #define isValid 0xAA
.................... #define params_valid_ee_addr 320
.................... #define params_valid_length 1  // length in bytes
.................... char paramsValid = isValid;
.................... // if data returns isValid from EEPROM then EEPROM has valid data
.................... 
.................... /*****************************************************************************/
.................... /*****************************************************************************/
.................... /* VOLATILE PARAMETERS                                                       */
.................... /*****************************************************************************/
.................... /*****************************************************************************/
.................... struct mv
.................... {
....................    float vN15; // internal voltages
....................    float v200;
....................    float v5V6;
....................    float v5VA;
....................    float v3V6X;
....................    float v3V3A;
....................    float v3V3D;
.................... }monitorVals = {0,0,0,0,0,0,0};
.................... 
.................... struct adcV
.................... {
....................    float sinRaw;           // adc raw count data
....................    float cosRaw;           // adc raw count data
....................    float sinCounts;        // calibrated counts
....................    float cosCounts;        // calibrated counts
....................    float sinLast;          // previous sin data
....................    float cosLast;          // previous cos data
....................    float p0;               // mid-pole position in microns
....................    signed int8  npoles;    // number of poles passed
....................    float pReal;            // real position in microns
....................    float pHome;            // Home position in microns
....................    BOOLEAN homeFlag;       // Flag to trigger the homing routine
.................... }adcVals[2] = 
.................... {
....................    {0,0,0,0,0,0,0,0,0,0,FALSE},
....................    {0,0,0,0,0,0,0,0,0,0,FALSE}
.................... };
.................... 
.................... BOOLEAN adcFilter = FALSE;
.................... 
.................... struct dacV
.................... {
....................     BOOLEAN invV;
....................     unsigned int16 ipVal;
....................     float opPcnt;
....................    
.................... }dacVals[2] = 
.................... {
....................     {FALSE,0,0},
....................     {FALSE,0,0}
.................... };
.................... 
.................... // used with timeouts
.................... unsigned int32 timeoutReg0 = 0; //All timers are defined in milliseconds, 
.................... unsigned int32 timeoutReg1 = 0; //with a resolution of 10ms
.................... unsigned int32 timeoutReg2 = 0;
.................... unsigned int16 intTimeoutReg = 0; // interrupting use for more precise timing
.................... /*****************************************************************************/
.................... /*****************************************************************************/
.................... /* FUNCTIONS START HERE                                                      */
.................... /*****************************************************************************/
.................... /*****************************************************************************/
.................... 
.................... /*****************************************************************************/
.................... /* ee_send_start --- sends the start messsage to the eeprom and set the addr */
.................... /*****************************************************************************/
.................... #ifdef use_ext_eeprom
.................... void ee_send_start(unsigned int16 address, BOOLEAN read = TRUE)
.................... {
....................    unsigned int8 romAddr = (unsigned int8)(address & 0x00FF);
....................    unsigned int8 slaveAddr = EE_Slave_Addr;
....................    #ifdef writeProtectPin
....................    output_low(writeProtectPin); // for write operations, clr WP pin
....................    #endif
....................    if (address > 0xFF) // if address > 8 bits
....................    { //add upper address bits (LSB of slave reserved are R/!W) 
....................       slaveAddr |= (unsigned int8)((address >> 7) & 0x000E) ;   
....................    }
....................    i2c_start(EEPROM);   // send start pulse on bus
....................    delay_ms(1);
....................    i2c_write(EEPROM, slaveAddr); // send slave address with R/!W clr (WRITE)
....................    i2c_write(EEPROM, romAddr); // rom address
....................    if (read) 
....................    {
....................       slaveAddr |= 0x01; // set the read bit
....................       delay_ms(1);
....................       i2c_start(EEPROM);
....................       delay_ms(1);
....................       i2c_write (EEPROM, slaveAddr); // send slave with R!W set (READ)
....................       #ifdef writeProtectPin
....................       output_high(writeProtectPin); // for read operations, set WP pin
....................       #endif
....................    }
.................... }
.................... #endif
.................... /*****************************************************************************/
.................... /* SAVE REGISTER TO EEPROM                                                   */
.................... /* note all registers are saved at a page boundary for simplicity            */
.................... /*****************************************************************************/
.................... void ee_save_reg(unsigned int8 *reg, unsigned int16 eeLocation, unsigned int8 length)
.................... #ifdef use_ext_eeprom
.................... {
....................    int pageCnt = length/pageSize;
....................    int lastPageLength = length%pageSize;
....................    
....................    int i = 0; // number of pages to write
....................    int j = 0; // number of characters to write on last page
....................    
....................    for ( i = 0; i < pageCnt ; i++)  // pages to writes
....................    {
....................       ee_send_start(eeLocation, FALSE); // start the right
....................       for (j = 0; j < pageSize ; j++) // write 16 bytes (one page)
....................       {
....................          i2c_write(EEPROM, *(reg + j + (i * pageSize)));
....................          delay_ms(1);
....................       }
....................       i2c_stop();
....................       delay_ms(5);
....................       eeLocation += pageSize;
....................    }   
....................    if (lastPageLength > 0)
....................    {
....................       ee_send_start(eeLocation, FALSE);
....................       for (j = 0; j < lastPageLength; j++)
....................       {
....................          i2c_write(EEPROM, *(reg + j + (i * pageSize)));
....................          delay_ms(1);
....................       }
....................    }   
....................    i2c_stop(EEPROM);
....................    delay_ms(3);
....................    #ifdef writeProtectPin
....................    output_high(writeProtectPin); // for read operations, set WP pin
....................    #endif  
.................... }
.................... #else
.................... {
....................    int i = 0;
....................    for (i = 0; i < length; i++)
....................    {
....................       write_eeprom(eeLocation+i, *(reg + i));
....................    }
.................... }
.................... #endif
.................... 
.................... /*****************************************************************************/
.................... /* READ REGISTER FROM EEPROM                                                 */
.................... /*****************************************************************************/
.................... void ee_load_reg(unsigned int8 *reg, unsigned int16 eeLocation, unsigned int8 length)
.................... #ifdef use_ext_eeprom
.................... {
....................    ee_send_start(eeLocation, TRUE);
....................    for (int i = 0; i < length; i++)
....................    {
....................       unsigned int8 data = i2c_read(EEPROM,1); // acknoledge after each byte
....................       *(reg + i) = data;
....................    }
....................    i2c_read(EEPROM,0); // dummy read without acknowlege
....................    delay_ms(1);
....................    i2c_stop(EEPROM); // end page read, must preceed stop
....................    delay_ms(1);
.................... }
.................... #else
.................... {
....................    int i = 0;
....................    for (i = 0; i < length; i++)
....................    {
....................       *(reg + i) = read_eeprom(eeLocation+i);
....................    }
.................... }
.................... #endif
.................... 
.................... /*****************************************************************************/
.................... /* SAVE TO ALL PARAMS EEPROM                                                 */
.................... /*****************************************************************************/
.................... void params_save_to_ee()
.................... {
....................    ee_save_reg(&PID, pid_params_ee_addr, pid_params_length);
....................    delay_ms(1);
....................    ee_save_reg(&chMap, channel_map_ee_addr, channel_map_length);
....................    delay_ms(1);
....................    ee_save_reg(&chMode, channel_mode_ee_addr, channel_mode_length);
....................    delay_ms(1);
....................    ee_save_reg(&adcCal, adc_cal_params_ee_addr, adc_cal_params_length);
....................    delay_ms(1);
....................    ee_save_reg(&sensorCal, sensor_cal_params_ee_addr, sensor_cal_params_length);
....................    delay_ms(1);
....................    ee_save_reg(&monCal, mon_cal_params_ee_addr, mon_cal_params_length);
....................    delay_ms(1);
....................    ee_save_reg(&paramsValid, params_valid_ee_addr, params_valid_length);
....................    delay_ms(1);
.................... }
.................... /*****************************************************************************/
.................... /* LOAD ALL PARAMS FROM EEPROM                                               */
.................... /*****************************************************************************/
.................... void params_load_from_ee()
.................... {
....................    ee_load_reg(&PID, pid_params_ee_addr, pid_params_length);
....................    ee_load_reg(&chMap, channel_map_ee_addr, channel_map_length);
....................    ee_load_reg(&chMode, channel_mode_ee_addr, channel_mode_length);
....................    ee_load_reg(&adcCal, adc_cal_params_ee_addr, adc_cal_params_length);
....................    ee_load_reg(&sensorCal, sensor_cal_params_ee_addr, sensor_cal_params_length);
....................    ee_load_reg(&monCal, mon_cal_params_ee_addr, mon_cal_params_length);
....................    ee_load_reg(&paramsValid, params_valid_ee_addr, params_valid_length);
.................... }
.................... 
.................... /*****************************************************************************/
.................... /* INITIALIZE PARAMS -- Include in main... Run on boot                       */
.................... /*****************************************************************************/
.................... void params_init()
.................... {
....................    ee_load_reg(&paramsValid, params_valid_ee_addr, params_valid_length);
....................    delay_ms(1);
....................    if (paramsValid != isValid)
....................    {
....................       paramsValid = isValid;
....................       params_save_to_ee(); // saves the base parameters on first boot
....................    }
....................    else
....................    {
....................       params_load_from_ee();
....................    }
.................... }
.................... 
.................... /*****************************************************************************/
.................... /* INVALIDATE PARAMS -- Restarting will load defauts                         */
.................... /*****************************************************************************/
.................... void params_invalidate()
.................... {
....................    paramsValid = invalidate;
....................    ee_save_reg(&paramsValid, params_valid_ee_addr, params_valid_length);
.................... }
.................... 
.................... #endif
.................... 
.................... /*****************************************************************************/
.................... /*****************************************************************************/           
.................... /* Global timers used by all routnes                                         */
.................... /* timeoutReg0-2 are used for timeouts. Other routines monitor the value of  */
.................... /* intTimeoutReg. On boot, they will be loaded from EEProm. Any              */
.................... /* configuration changes will be changed in EEprom, hence will be restored on*/
.................... /* subsequent boot.                                                          */
.................... /*****************************************************************************/
.................... /*****************************************************************************/
.................... 
.................... /*****************************************************************************/
.................... /* Register definitions                                                      */
.................... /*****************************************************************************/
.................... //!unsigned int32 timeoutReg0 = 0; //All timers are defined in milliseconds, 
.................... //!unsigned int32 timeoutReg1 = 0; //with a resolution of 10ms
.................... //!unsigned int32 timeoutReg2 = 0;
.................... //!unsigned int16 intTimeoutReg = 0; // interrupting use for more precise timing
.................... unsigned int32 timeCounter = 0;
.................... 
.................... /*****************************************************************************/
.................... /* TIMEOUT_INIT initializes the timer                                        */
.................... /*****************************************************************************/
.................... void event_timer_init()
.................... {        
....................    disable_interrupts(INT_TIMER1);
00DD0:  MOVLB  E
00DD2:  BCF    xC1.0
....................    setup_timer_1(T1_INTERNAL|T1_DIV_BY_1);
00DD4:  MOVLW  01
00DD6:  MOVWF  FD1
00DD8:  MOVLW  07
00DDA:  MOVWF  FCE
00DDC:  CLRF   FCF
00DDE:  CLRF   FD0
....................    timeoutReg0 = 0;  // clear all the timers
00DE0:  MOVLB  1
00DE2:  CLRF   x8A
00DE4:  CLRF   x89
00DE6:  CLRF   x88
00DE8:  CLRF   x87
....................    timeoutReg1 = 0;
00DEA:  CLRF   x8E
00DEC:  CLRF   x8D
00DEE:  CLRF   x8C
00DF0:  CLRF   x8B
....................    timeoutReg2 = 0;
00DF2:  CLRF   x92
00DF4:  CLRF   x91
00DF6:  CLRF   x90
00DF8:  CLRF   x8F
.................... //!   intTimeoutReg = 50;
....................    enable_interrupts(INT_TIMER1);
00DFA:  MOVLB  E
00DFC:  BSF    xC1.0
00DFE:  MOVLB  0
00E00:  GOTO   B838 (RETURN)
.................... }
.................... 
.................... /*****************************************************************************/
.................... /* TIMEOUT INTERRUPT decrements the timeout registers every second           */
.................... /*****************************************************************************/
.................... #INT_TIMER1
.................... void TIMER1_isr(void) 
*
00330:  MOVLB  0
.................... {
....................    set_timer1(0x0BDB); // load timer register to allow 10 millisecond interupts
00332:  MOVLW  0B
00334:  MOVWF  FCD
00336:  MOVLW  DB
00338:  MOVWF  FCC
0033A:  NOP   
....................    if (timeoutReg0 > 10) timeoutReg0 -= 10; else timeoutReg0 = 0;
0033C:  MOVLB  1
0033E:  MOVF   x8A,F
00340:  BNZ   0350
00342:  MOVF   x89,F
00344:  BNZ   0350
00346:  MOVF   x88,F
00348:  BNZ   0350
0034A:  MOVF   x87,W
0034C:  SUBLW  0A
0034E:  BC    035E
00350:  MOVLW  0A
00352:  SUBWF  x87,F
00354:  MOVLW  00
00356:  SUBWFB x88,F
00358:  SUBWFB x89,F
0035A:  SUBWFB x8A,F
0035C:  BRA    0366
0035E:  CLRF   x8A
00360:  CLRF   x89
00362:  CLRF   x88
00364:  CLRF   x87
....................    if (timeoutReg1 > 10) timeoutReg1 -= 10; else timeoutReg1 = 0;
00366:  MOVF   x8E,F
00368:  BNZ   0378
0036A:  MOVF   x8D,F
0036C:  BNZ   0378
0036E:  MOVF   x8C,F
00370:  BNZ   0378
00372:  MOVF   x8B,W
00374:  SUBLW  0A
00376:  BC    0386
00378:  MOVLW  0A
0037A:  SUBWF  x8B,F
0037C:  MOVLW  00
0037E:  SUBWFB x8C,F
00380:  SUBWFB x8D,F
00382:  SUBWFB x8E,F
00384:  BRA    038E
00386:  CLRF   x8E
00388:  CLRF   x8D
0038A:  CLRF   x8C
0038C:  CLRF   x8B
....................    if (timeoutReg2 > 10) timeoutReg2 -= 10; else timeoutReg2 = 0;
0038E:  MOVF   x92,F
00390:  BNZ   03A0
00392:  MOVF   x91,F
00394:  BNZ   03A0
00396:  MOVF   x90,F
00398:  BNZ   03A0
0039A:  MOVF   x8F,W
0039C:  SUBLW  0A
0039E:  BC    03AE
003A0:  MOVLW  0A
003A2:  SUBWF  x8F,F
003A4:  MOVLW  00
003A6:  SUBWFB x90,F
003A8:  SUBWFB x91,F
003AA:  SUBWFB x92,F
003AC:  BRA    03B6
003AE:  CLRF   x92
003B0:  CLRF   x91
003B2:  CLRF   x90
003B4:  CLRF   x8F
....................    if (intTimeoutReg != 0) // INTERRUPTING TIMER
003B6:  MOVF   x93,F
003B8:  BNZ   03BE
003BA:  MOVF   x94,F
003BC:  BZ    03FA
....................    {
....................       timeCounter+=10;
003BE:  MOVLW  0A
003C0:  MOVLB  5
003C2:  ADDWF  x7B,F
003C4:  MOVLW  00
003C6:  ADDWFC x7C,F
003C8:  ADDWFC x7D,F
003CA:  ADDWFC x7E,F
....................       if (timeCounter >= intTimeoutReg)
003CC:  MOVF   x7E,F
003CE:  BNZ   03EA
003D0:  MOVF   x7D,F
003D2:  BNZ   03EA
003D4:  MOVLB  1
003D6:  MOVF   x94,W
003D8:  MOVLB  5
003DA:  SUBWF  x7C,W
003DC:  BNC   03F8
003DE:  BNZ   03EA
003E0:  MOVLB  1
003E2:  MOVF   x93,W
003E4:  MOVLB  5
003E6:  SUBWF  x7B,W
003E8:  BNC   03F8
....................       {
....................          sensor_monitor_interrupt_task();
003EA:  MOVLB  0
003EC:  BRA    026E
....................          timeCounter = 0;
003EE:  MOVLB  5
003F0:  CLRF   x7E
003F2:  CLRF   x7D
003F4:  CLRF   x7C
003F6:  CLRF   x7B
003F8:  MOVLB  1
....................       }
....................    }
.................... }
.................... 
.................... #endif
.................... 
.................... #include <commandHandler.c>
.................... #ifndef cmdHandlerC
.................... #define cmdHandlerC
.................... #include <commandHandler.h>
.................... #ifndef cmdHandler
.................... #define cmdHandler
.................... #include <parameters.h>
.................... #ifndef parameters
.................... #define parameters
.................... 
.................... //#define use_ext_eeprom
.................... 
.................... /*****************************************************************************/
.................... /*****************************************************************************/
.................... /* PARAMETERS                                                                */
.................... /* Global parameters used by all routines                                    */
.................... /* These defaults are defined below. On first boot, they will be stored in   */
.................... /* EEProm. On subsequent boots, they will be reloaded from EEProm. Any       */
.................... /* configuation changes will be changed in EEprom, hence will be restored on */
.................... /* subsequent boot. All params start at page boundaries!!                    */
.................... /*****************************************************************************/
.................... /*****************************************************************************/
.................... #include <stddef.h>
.................... #include <stdlib.h>
.................... 
.................... typedef enum channelMap {chX, chY}; // Piezo channels
.................... typedef enum channelMode {MANUAL, MAGSNS}; // Voltage or Magnetic Sensor Control
.................... 
.................... /*****************************************************************************/
.................... /* CAT24C04 EEProm --- page size = 16 bytes, Write when LSB=0 Read when LSB=1*/
.................... /*****************************************************************************/
.................... #ifdef use_ext_eeprom
.................... #define EE_Slave_Addr 0xA0
.................... #define writeProtectPin EE_WP
.................... #define pageSize 16
.................... // EEProm is on 12C bus 1
.................... #use i2c(master, fast, sda=PIN_C4, scl=PIN_C3, FORCE_HW, STREAM=EEPROM)
.................... #endif
.................... 
.................... /*****************************************************************************/
.................... /*****************************************************************************/
.................... /* FUNCTIONS PROTOTYPES START HERE                                           */
.................... /*****************************************************************************/
.................... /*****************************************************************************/
.................... #ifdef use_ext_eeprom
.................... void ee_send_start(unsigned int16 address, BOOLEAN read);
.................... #endif
.................... void ee_save_reg(unsigned int8 *reg, unsigned int16 eeLocation, unsigned int8 length);
.................... void ee_load_reg(unsigned int8 *reg, unsigned int16 eeLocation, unsigned int8 length);
.................... void params_save_to_ee(void);
.................... void params_load_from_ee(void);
.................... void params_init(void);
.................... void params_invalidate(void);
.................... 
.................... /*****************************************************************************/
.................... /*****************************************************************************/
.................... /* PARAMETERS START HERE. All Params should have an EEPROM address that is   */
.................... /* at the start of an EERPOM page.                                           */ 
.................... /*****************************************************************************/
.................... /*****************************************************************************/
.................... 
.................... /*****************************************************************************/
.................... /* PID Parameters                                                            */
.................... /*****************************************************************************/
.................... #define pid_params_ee_addr 0
.................... #define pid_params_length 128  // length in bytes
.................... struct pidParams
.................... {
....................     float kP;      // proportional gain
....................     float kI;      // integral gain
....................     float kD;      // derivative gain
....................     float SP;      // set point-- desired output
....................     float PV;      // process variable-- measured output
....................     float PVold;   // oldPV value  
....................     float CV;      // control variable-- output -- 0 to 100%
....................     float I;       // integral value
....................     float maxSP;   // Max setpoint in microns
....................     float minSP;   // Min setpoint in microns
.................... }PID[2] = {
....................    //  P     I     D
....................     {0.01,   0.3,  0.1, 0,0,0,0,0,0,0}, 
....................     {0.01,   0.3,  0.1, 0,0,0,0,0,0,0}
....................     };
.................... 
.................... /*****************************************************************************/
.................... /* Output Channel Map                                                        */
.................... /*****************************************************************************/
.................... #define channel_map_ee_addr 128
.................... #define channel_map_length 2  // length in bytes
.................... channelMap chMap[2] = {chX, chY};
.................... 
.................... // @FLAG
.................... #define op_upper_bound 63  // CRYO
.................... #define op_lower_bound -63 // CRYO
.................... 
.................... // #define op_upper_bound 63  // AMBIENT 
.................... // #define op_lower_bound -12 // AMBIENT
.................... 
.................... //!#define op_upper_bound 100  // FULL 
.................... //!#define op_lower_bound -100 // FULL
.................... 
.................... 
.................... /*****************************************************************************/
.................... /* Input Channel Mode                                                        */
.................... /*****************************************************************************/
.................... #define channel_mode_ee_addr 144
.................... #define channel_mode_length 2  // length in bytes
.................... channelMode chMode[2] = {MANUAL, MANUAL};
.................... 
.................... /*****************************************************************************/
.................... /* ADC Calibration Constants                                                 */
.................... /*****************************************************************************/
.................... #define adc_cal_params_ee_addr 160
.................... #define adc_cal_params_length 32  // length in bytes
.................... struct adcCalParms
.................... {
....................    float sinOS;
....................    float cosOS;
....................    float sinGain;
....................    float cosGain;
.................... } adcCal[2] = {
....................                 {0,0,1,1},
....................                 {0,0,1,1}
....................               };
.................... 
.................... /*****************************************************************************/
.................... /* Sensor Calibration Constants                                              */
.................... /*****************************************************************************/
.................... #define sensor_cal_params_ee_addr 192
.................... #define sensor_cal_params_length 48  // length in bytes
.................... struct sensorCalParams
.................... {
....................    float c0;
....................    float c1;
....................    float c2;
....................    float c3;
....................    float c4;
....................    float c5;
.................... } sensorCal[2] = {
....................                     {0,1,0,0,0,0},
....................                     {0,1,0,0,0,0}
....................                  };
.................... 
.................... // fifth order polynomial constants
.................... 
.................... /*****************************************************************************/
.................... /* Monitor Calibration Constants                                             */
.................... /*****************************************************************************/
.................... #define mon_cal_params_ee_addr 240
.................... #define mon_cal_params_length 56  // length in bytes
.................... struct monCalParams
.................... {
....................    float vN15[2];  // offset and gain
....................    float v200[2];
....................    float v5V6[2];
....................    float v5VA[2];
....................    float v3V6X[2];
....................    float v3V3A[2];
....................    float v3V3D[2];
....................    
.................... }monCal = {
....................    {0, -0.02245509}, 
....................    {0,   0.2127659}, 
....................    {0, 0.008432515}, 
....................    {0, 0.008173486}, 
....................    {0, 0.009655914}, 
....................    {0, 0.007094828}, 
....................    {0, 0.007081720}
.................... };
.................... 
.................... /*****************************************************************************/
.................... /* PARAMS Valid                                                              */
.................... /*****************************************************************************/
.................... #define invalidate 0xFF
.................... #define isValid 0xAA
.................... #define params_valid_ee_addr 320
.................... #define params_valid_length 1  // length in bytes
.................... char paramsValid = isValid;
.................... // if data returns isValid from EEPROM then EEPROM has valid data
.................... 
.................... /*****************************************************************************/
.................... /*****************************************************************************/
.................... /* VOLATILE PARAMETERS                                                       */
.................... /*****************************************************************************/
.................... /*****************************************************************************/
.................... struct mv
.................... {
....................    float vN15; // internal voltages
....................    float v200;
....................    float v5V6;
....................    float v5VA;
....................    float v3V6X;
....................    float v3V3A;
....................    float v3V3D;
.................... }monitorVals = {0,0,0,0,0,0,0};
.................... 
.................... struct adcV
.................... {
....................    float sinRaw;           // adc raw count data
....................    float cosRaw;           // adc raw count data
....................    float sinCounts;        // calibrated counts
....................    float cosCounts;        // calibrated counts
....................    float sinLast;          // previous sin data
....................    float cosLast;          // previous cos data
....................    float p0;               // mid-pole position in microns
....................    signed int8  npoles;    // number of poles passed
....................    float pReal;            // real position in microns
....................    float pHome;            // Home position in microns
....................    BOOLEAN homeFlag;       // Flag to trigger the homing routine
.................... }adcVals[2] = 
.................... {
....................    {0,0,0,0,0,0,0,0,0,0,FALSE},
....................    {0,0,0,0,0,0,0,0,0,0,FALSE}
.................... };
.................... 
.................... BOOLEAN adcFilter = FALSE;
.................... 
.................... struct dacV
.................... {
....................     BOOLEAN invV;
....................     unsigned int16 ipVal;
....................     float opPcnt;
....................    
.................... }dacVals[2] = 
.................... {
....................     {FALSE,0,0},
....................     {FALSE,0,0}
.................... };
.................... 
.................... // used with timeouts
.................... unsigned int32 timeoutReg0 = 0; //All timers are defined in milliseconds, 
.................... unsigned int32 timeoutReg1 = 0; //with a resolution of 10ms
.................... unsigned int32 timeoutReg2 = 0;
.................... unsigned int16 intTimeoutReg = 0; // interrupting use for more precise timing
.................... /*****************************************************************************/
.................... /*****************************************************************************/
.................... /* FUNCTIONS START HERE                                                      */
.................... /*****************************************************************************/
.................... /*****************************************************************************/
.................... 
.................... /*****************************************************************************/
.................... /* ee_send_start --- sends the start messsage to the eeprom and set the addr */
.................... /*****************************************************************************/
.................... #ifdef use_ext_eeprom
.................... void ee_send_start(unsigned int16 address, BOOLEAN read = TRUE)
.................... {
....................    unsigned int8 romAddr = (unsigned int8)(address & 0x00FF);
....................    unsigned int8 slaveAddr = EE_Slave_Addr;
....................    #ifdef writeProtectPin
....................    output_low(writeProtectPin); // for write operations, clr WP pin
....................    #endif
....................    if (address > 0xFF) // if address > 8 bits
....................    { //add upper address bits (LSB of slave reserved are R/!W) 
....................       slaveAddr |= (unsigned int8)((address >> 7) & 0x000E) ;   
....................    }
....................    i2c_start(EEPROM);   // send start pulse on bus
....................    delay_ms(1);
....................    i2c_write(EEPROM, slaveAddr); // send slave address with R/!W clr (WRITE)
....................    i2c_write(EEPROM, romAddr); // rom address
....................    if (read) 
....................    {
....................       slaveAddr |= 0x01; // set the read bit
....................       delay_ms(1);
....................       i2c_start(EEPROM);
....................       delay_ms(1);
....................       i2c_write (EEPROM, slaveAddr); // send slave with R!W set (READ)
....................       #ifdef writeProtectPin
....................       output_high(writeProtectPin); // for read operations, set WP pin
....................       #endif
....................    }
.................... }
.................... #endif
.................... /*****************************************************************************/
.................... /* SAVE REGISTER TO EEPROM                                                   */
.................... /* note all registers are saved at a page boundary for simplicity            */
.................... /*****************************************************************************/
.................... void ee_save_reg(unsigned int8 *reg, unsigned int16 eeLocation, unsigned int8 length)
.................... #ifdef use_ext_eeprom
.................... {
....................    int pageCnt = length/pageSize;
....................    int lastPageLength = length%pageSize;
....................    
....................    int i = 0; // number of pages to write
....................    int j = 0; // number of characters to write on last page
....................    
....................    for ( i = 0; i < pageCnt ; i++)  // pages to writes
....................    {
....................       ee_send_start(eeLocation, FALSE); // start the right
....................       for (j = 0; j < pageSize ; j++) // write 16 bytes (one page)
....................       {
....................          i2c_write(EEPROM, *(reg + j + (i * pageSize)));
....................          delay_ms(1);
....................       }
....................       i2c_stop();
....................       delay_ms(5);
....................       eeLocation += pageSize;
....................    }   
....................    if (lastPageLength > 0)
....................    {
....................       ee_send_start(eeLocation, FALSE);
....................       for (j = 0; j < lastPageLength; j++)
....................       {
....................          i2c_write(EEPROM, *(reg + j + (i * pageSize)));
....................          delay_ms(1);
....................       }
....................    }   
....................    i2c_stop(EEPROM);
....................    delay_ms(3);
....................    #ifdef writeProtectPin
....................    output_high(writeProtectPin); // for read operations, set WP pin
....................    #endif  
.................... }
.................... #else
.................... {
....................    int i = 0;
....................    for (i = 0; i < length; i++)
....................    {
....................       write_eeprom(eeLocation+i, *(reg + i));
....................    }
.................... }
.................... #endif
.................... 
.................... /*****************************************************************************/
.................... /* READ REGISTER FROM EEPROM                                                 */
.................... /*****************************************************************************/
.................... void ee_load_reg(unsigned int8 *reg, unsigned int16 eeLocation, unsigned int8 length)
.................... #ifdef use_ext_eeprom
.................... {
....................    ee_send_start(eeLocation, TRUE);
....................    for (int i = 0; i < length; i++)
....................    {
....................       unsigned int8 data = i2c_read(EEPROM,1); // acknoledge after each byte
....................       *(reg + i) = data;
....................    }
....................    i2c_read(EEPROM,0); // dummy read without acknowlege
....................    delay_ms(1);
....................    i2c_stop(EEPROM); // end page read, must preceed stop
....................    delay_ms(1);
.................... }
.................... #else
.................... {
....................    int i = 0;
....................    for (i = 0; i < length; i++)
....................    {
....................       *(reg + i) = read_eeprom(eeLocation+i);
....................    }
.................... }
.................... #endif
.................... 
.................... /*****************************************************************************/
.................... /* SAVE TO ALL PARAMS EEPROM                                                 */
.................... /*****************************************************************************/
.................... void params_save_to_ee()
.................... {
....................    ee_save_reg(&PID, pid_params_ee_addr, pid_params_length);
....................    delay_ms(1);
....................    ee_save_reg(&chMap, channel_map_ee_addr, channel_map_length);
....................    delay_ms(1);
....................    ee_save_reg(&chMode, channel_mode_ee_addr, channel_mode_length);
....................    delay_ms(1);
....................    ee_save_reg(&adcCal, adc_cal_params_ee_addr, adc_cal_params_length);
....................    delay_ms(1);
....................    ee_save_reg(&sensorCal, sensor_cal_params_ee_addr, sensor_cal_params_length);
....................    delay_ms(1);
....................    ee_save_reg(&monCal, mon_cal_params_ee_addr, mon_cal_params_length);
....................    delay_ms(1);
....................    ee_save_reg(&paramsValid, params_valid_ee_addr, params_valid_length);
....................    delay_ms(1);
.................... }
.................... /*****************************************************************************/
.................... /* LOAD ALL PARAMS FROM EEPROM                                               */
.................... /*****************************************************************************/
.................... void params_load_from_ee()
.................... {
....................    ee_load_reg(&PID, pid_params_ee_addr, pid_params_length);
....................    ee_load_reg(&chMap, channel_map_ee_addr, channel_map_length);
....................    ee_load_reg(&chMode, channel_mode_ee_addr, channel_mode_length);
....................    ee_load_reg(&adcCal, adc_cal_params_ee_addr, adc_cal_params_length);
....................    ee_load_reg(&sensorCal, sensor_cal_params_ee_addr, sensor_cal_params_length);
....................    ee_load_reg(&monCal, mon_cal_params_ee_addr, mon_cal_params_length);
....................    ee_load_reg(&paramsValid, params_valid_ee_addr, params_valid_length);
.................... }
.................... 
.................... /*****************************************************************************/
.................... /* INITIALIZE PARAMS -- Include in main... Run on boot                       */
.................... /*****************************************************************************/
.................... void params_init()
.................... {
....................    ee_load_reg(&paramsValid, params_valid_ee_addr, params_valid_length);
....................    delay_ms(1);
....................    if (paramsValid != isValid)
....................    {
....................       paramsValid = isValid;
....................       params_save_to_ee(); // saves the base parameters on first boot
....................    }
....................    else
....................    {
....................       params_load_from_ee();
....................    }
.................... }
.................... 
.................... /*****************************************************************************/
.................... /* INVALIDATE PARAMS -- Restarting will load defauts                         */
.................... /*****************************************************************************/
.................... void params_invalidate()
.................... {
....................    paramsValid = invalidate;
....................    ee_save_reg(&paramsValid, params_valid_ee_addr, params_valid_length);
.................... }
.................... 
.................... #endif
.................... 
.................... 
003FA:  MOVLB  E
003FC:  BCF    xC9.0
003FE:  MOVLB  0
00400:  GOTO   0072
.................... #define hwID 'D'   // DiFCS
.................... 
.................... /*****************************************************************************/
.................... /* RESPONSE MESSAGES                                                         */
.................... /*****************************************************************************/
.................... typedef struct response {
....................     int8 id;
....................     char *msg;
.................... } resp;
.................... 
.................... //!#define INVALID_DATA "error - invalid data"
.................... //!#define invalidTime "error - invalid TO value"
.................... //!#define overrun "error - buffer overrun"
.................... //!#define dcVoltage "VDC:%f1"
.................... //!#define USBVoltage "VUSB:%f"
.................... //!#define USBupstream "VUSBup:%f"
.................... //!#define plus5V "5V Rail:%f"
.................... //!#define plus3V3 "3V3 Rai:%f"
.................... //!#define allVoltages "All Voltages = %f, %f, %f, %f, %f"
.................... //!#define USBdownstream "USB downstream status:\r\nPG:%s\r\nch0:%s\r\nch1:%s"
.................... 
.................... /*****************************************************************************/
.................... /* DIAGNOSTIC MESSGAGE DUMP                                                  */
.................... /*****************************************************************************/
.................... //!#define voltageMsg "V0:%f\r\nV1:%f\r\nV2:%f\r\nV3:%f\r\nV4:%f"
.................... //!#define TimerMsg "T0:%Lu\r\nT1:%Lu\r\nT2:%Lu\r\Tint:%Lu\r\nTtick:%Lu"
.................... //!#define ioStatusMsg "Inputs:%u\r\nOutputs:%u\r\nStatus:%u"
.................... //!#define diagnosticMsg "V0:%f\r\nV1:%f\r\nV2:%f\r\nV3:%f\r\nV4:%f\r\nT0:%Lu\r\nT1:%Lu\r\nT2:%Lu\r\nTint:%Lu\r\nTtick:%Lu\r\nInputs:%u\r\nOutputs:%u\r\nStatus:%u"
.................... 
.................... /*****************************************************************************/
.................... /* COMMAND PROTOTYPES                                                        */
.................... /*****************************************************************************/
.................... int8 getRev(unsigned int8);                 // gr 
.................... int8 getSN(unsigned int8);                  // gs
.................... 
.................... int8 saveParams(unsigned int8);             // sParams
.................... 
.................... int8 getOPchMap(unsigned int8);             // gChMap,   {1|2}
.................... int8 setOPchMap(unsigned int8);             // sChMap,   {1|2}, {X|Y}
.................... 
.................... int8 getIPchMode(unsigned int8);            // gChMode,  {1|2}
.................... int8 setIPchMode(unsigned int8);            // sChMode,  {1|2}, {MANUAL|MAGSNS}
....................    
.................... int8 getPIDvals(unsigned int8);             // gPID,     {1|2}, {P|I|D}
.................... int8 setPIDvals(unsigned int8);             // sPID,     {1|2}, {P|I|D}, <float>
.................... 
.................... int8 enablePID(unsigned int8);              // enaPID,   {1|2}
.................... int8 disablePID(unsigned int8);             // disPID,   {1|2}
.................... 
.................... int8 getSetPoint(unsigned int8);            // gSP,      {1|2}
.................... int8 setSetPoint(unsigned int8);            // sSP,      {1|2}, <float>
.................... 
.................... int8 getAllSensorCalParams(unsigned int8);  // gSCals,   {1|2}
.................... int8 getSensorCalParam(unsigned int8);      // gSCal,    {1|2}, {0|1|2|3|4|5}
.................... int8 setSensorCalParam(unsigned int8);      // sSCal,    {1|2}, {0|1|2|3|4|5}, <float>
.................... 
.................... int8 getMonitorCalParam(unsigned int8);     // gMCal,    {N15|200|5V6|5VA|3V6X|3V3A|3V3D}
.................... int8 setMonitorCalParam(unsigned int8);     // sMCal,    {N15|200|5V6|5VA|3V6X|3V3A|3V3D}, <float>, <float>
.................... int8 getMonitorValue(unsigned int8);        // gMon,     {N15|200|5V6|5VA|3V6X|3V3A|3V3D|all}
.................... 
.................... int8 getPIDdata(unsigned int8);             // gPIDdata, {1|2}, {SP|PV|PVold|CV|I|maxSP|minSP}
.................... 
.................... int8 getIPdata(unsigned int8);              // gIPdata,  {1|2}, {raw|calib|p0|poles|real}
....................    
.................... int8 getManOPvals(unsigned int8);           // gManOP,   {1|2}  
.................... int8 setManOPvals(unsigned int8);           // sManOP,   {1|2}, <float>  
.................... 
.................... int8 setFilterOn(unsigned int8);            // sFiltOn
.................... int8 setFilterOff(unsigned int8);           // sFiltOff
.................... 
.................... int8 setHomeAxis(unsigned int8);            // sHomeAx,  {1|2}      
.................... int8 getHome(unsigned int8);                // gHome,    {1|2}
.................... int8 setHome(unsigned int8);                // sHome,    {1|2}, <float>
.................... 
.................... int8 getTelemetry(unsigned int8);           // gTlm
....................                                                       
.................... int8 invalidCmd(unsigned int8);
.................... 
.................... struct command {
....................     char *cmd_name;
....................     int8 (*cmd_func)(unsigned int8);
.................... };
.................... 
.................... BOOLEAN arg_is_float(char *);
.................... BOOLEAN is_valid_channel(char *);
.................... int8 hex_to_int(char);
.................... void echo_cmd(unsigned int8 rec);
.................... int8 command_parser(unsigned int8 rec);
.................... void command_handler_task();
.................... 
.................... #endif
.................... 
.................... 
.................... /* LIST OF DIAGNOSTIC COMMAND KEYWORDS AND THEIR FUNCTIONS */
.................... struct command cmd_list[] = {
....................     {"gr",       &getRev},
....................     {"gs",       &getSN},
....................     {"sPrm",     &saveParams},
....................     {"gChMap",   &getOPchMap},
....................     {"sChMap",   &setOPchMap},
....................     {"gChMode",  &getIPchMode},
....................     {"sChMode",  &setIPchMode},
....................     {"gPID",     &getPIDvals},
....................     {"sPID",     &setPIDvals},
....................     {"enaPID",   &enablePID},
....................     {"disPID",   &disablePID},
....................     {"gSP",      &getSetPoint},
....................     {"sSP",      &setSetPoint},
....................     {"gSCals",   &getAllSensorCalParams},
....................     {"gSCal",    &getSensorCalParam},
....................     {"sSCal",    &setSensorCalParam},
....................     {"gMCal",    &getMonitorCalParam},
....................     {"sMCal",    &setMonitorCalParam},
....................     {"gMon",     &getMonitorValue},
....................     {"gPIDdata", &getPIDdata},
....................     {"gIPdata",  &getIPdata},
....................     {"gManOP",   &getManOPvals},
....................     {"sManOP",   &setManOPvals},
....................     {"sFiltOn",  &setFilterOn},
....................     {"sFiltOff", &setFilterOff},
....................     {"sHomeAx",  &setHomeAxis},
....................     {"gHome",    &getHome},
....................     {"sHome",    &setHome},
....................     {"gTlm",     &getTelemetry},
....................     {"\0", &invalidCmd}
.................... };
.................... 
.................... /* LIST OF RESPONSE MESSAGES */
.................... enum resp_e { 
....................    SUCCESS,
....................    INV_CMD,
....................    INV_PARAM 
.................... };
.................... 
.................... resp resp_list[] = {
....................    {SUCCESS, "SUCCESS"},
....................    {INV_CMD, "INVALID COMMAND"},
....................    {INV_PARAM, "INVALID PARAMETER"}
.................... };
.................... 
.................... /*****************************************************************************/
.................... /* DIAGNOSTIC COMMAND DEFINITIONS                                            */
.................... /*****************************************************************************/
....................                           
.................... int8 getRev(unsigned int8 rec){
....................     sprintf(retData+strlen(retData), "%s,", version);
*
05EDC:  MOVLW  04
05EDE:  MOVLB  7
05EE0:  MOVWF  x8F
05EE2:  MOVLW  D6
05EE4:  MOVWF  x8E
05EE6:  MOVLB  0
05EE8:  RCALL  5D8E
05EEA:  MOVFF  02,03
05EEE:  MOVF   01,W
05EF0:  ADDLW  D6
05EF2:  MOVLB  7
05EF4:  MOVWF  x58
05EF6:  MOVLW  04
05EF8:  ADDWFC 02,W
05EFA:  MOVWF  x59
05EFC:  MOVFF  FE8,57A
05F00:  MOVFF  758,579
05F04:  MOVLW  04
05F06:  MOVWF  FF6
05F08:  MOVLW  04
05F0A:  MOVWF  FF7
05F0C:  MOVLB  0
05F0E:  RCALL  5EBC
05F10:  MOVLW  2C
05F12:  MOVLB  7
05F14:  MOVWF  x9D
05F16:  MOVLB  0
05F18:  RCALL  5DC6
....................     return SUCCESS;
05F1A:  MOVLW  00
05F1C:  MOVWF  01
05F1E:  RETURN 0
.................... }
.................... 
.................... int8 getSN(unsigned int8 rec){
....................     sprintf(retData+strlen(retData), "%s,", serialID);
05F20:  MOVLW  04
05F22:  MOVLB  7
05F24:  MOVWF  x8F
05F26:  MOVLW  D6
05F28:  MOVWF  x8E
05F2A:  MOVLB  0
05F2C:  RCALL  5D8E
05F2E:  MOVFF  02,03
05F32:  MOVF   01,W
05F34:  ADDLW  D6
05F36:  MOVLB  7
05F38:  MOVWF  x58
05F3A:  MOVLW  04
05F3C:  ADDWFC 02,W
05F3E:  MOVWF  x59
05F40:  MOVFF  FE8,57A
05F44:  MOVFF  758,579
05F48:  MOVLW  0E
05F4A:  MOVWF  FF6
05F4C:  MOVLW  04
05F4E:  MOVWF  FF7
05F50:  MOVLB  0
05F52:  RCALL  5EBC
05F54:  MOVLW  2C
05F56:  MOVLB  7
05F58:  MOVWF  x9D
05F5A:  MOVLB  0
05F5C:  RCALL  5DC6
....................     return SUCCESS;
05F5E:  MOVLW  00
05F60:  MOVWF  01
05F62:  RETURN 0
.................... }
.................... 
.................... int8 saveParams(unsigned int8 rec){
....................     params_save_to_ee();
05F64:  CALL   05A6
....................     return SUCCESS;
05F68:  MOVLW  00
05F6A:  MOVWF  01
05F6C:  RETURN 0
.................... }
.................... 
.................... int8 getOPchMap(unsigned int8 rec){
....................     /*** ARG CHECKS ********************/
....................     int8 arg1;
....................    
....................     if (!is_valid_channel(SERcmd[rec].p[2])) return INV_PARAM;
*
06472:  MOVLB  7
06474:  CLRF   x94
06476:  MOVFF  6E2,793
0647A:  CLRF   x96
0647C:  MOVLW  B5
0647E:  MOVWF  x95
06480:  MOVLB  0
06482:  CALL   095E
06486:  MOVFF  02,75A
0648A:  MOVFF  01,759
0648E:  MOVLW  06
06490:  MOVLB  7
06492:  ADDWF  x59,F
06494:  MOVLW  00
06496:  ADDWFC x5A,F
06498:  MOVLW  32
0649A:  ADDWF  x59,W
0649C:  MOVWF  01
0649E:  MOVLW  00
064A0:  ADDWFC x5A,W
064A2:  MOVWF  03
064A4:  MOVF   01,W
064A6:  MOVLW  02
064A8:  ADDWF  03,F
064AA:  MOVFF  01,759
064AE:  MOVFF  03,75A
064B2:  MOVFF  03,78A
064B6:  MOVFF  01,789
064BA:  MOVLB  0
064BC:  RCALL  5F6E
064BE:  MOVF   01,F
064C0:  BNZ   64CA
064C2:  MOVLW  02
064C4:  MOVWF  01
064C6:  BRA    660C
064C8:  BRA    6522
....................     else arg1 = strtoul(SERcmd[rec].p[2],'\0',10);
064CA:  MOVLB  7
064CC:  CLRF   x94
064CE:  MOVFF  6E2,793
064D2:  CLRF   x96
064D4:  MOVLW  B5
064D6:  MOVWF  x95
064D8:  MOVLB  0
064DA:  CALL   095E
064DE:  MOVFF  02,75A
064E2:  MOVFF  01,759
064E6:  MOVLW  06
064E8:  MOVLB  7
064EA:  ADDWF  x59,F
064EC:  MOVLW  00
064EE:  ADDWFC x5A,F
064F0:  MOVLW  32
064F2:  ADDWF  x59,W
064F4:  MOVWF  01
064F6:  MOVLW  00
064F8:  ADDWFC x5A,W
064FA:  MOVWF  03
064FC:  MOVF   01,W
064FE:  MOVLW  02
06500:  ADDWF  03,F
06502:  MOVFF  01,759
06506:  MOVFF  03,75A
0650A:  MOVFF  03,78A
0650E:  MOVFF  01,789
06512:  CLRF   x8C
06514:  CLRF   x8B
06516:  MOVLW  0A
06518:  MOVWF  x8D
0651A:  MOVLB  0
0651C:  RCALL  605E
0651E:  MOVFF  01,758
....................    
....................     /*** GET CHANNEL MAP ***************/ 
....................     if      (0 == chMap[arg1-1]) sprintf(retData+strlen(retData), "%d,%c,", arg1, 'X');
06522:  MOVLW  01
06524:  MOVLB  7
06526:  SUBWF  x58,W
06528:  MOVWF  x5C
0652A:  CLRF   x5E
0652C:  MOVLW  85
0652E:  MOVWF  x5D
06530:  MOVLB  0
06532:  CALL   1138
06536:  BTFSC  01.0
06538:  BRA    658E
0653A:  MOVLW  04
0653C:  MOVLB  7
0653E:  MOVWF  x8F
06540:  MOVLW  D6
06542:  MOVWF  x8E
06544:  MOVLB  0
06546:  RCALL  5D8E
06548:  MOVFF  02,03
0654C:  MOVF   01,W
0654E:  ADDLW  D6
06550:  MOVLB  7
06552:  MOVWF  x59
06554:  MOVLW  04
06556:  ADDWFC 02,W
06558:  MOVWF  x5A
0655A:  MOVFF  FE8,57A
0655E:  MOVFF  759,579
06562:  MOVFF  758,78D
06566:  MOVLW  18
06568:  MOVWF  x8E
0656A:  MOVLB  0
0656C:  RCALL  63B2
0656E:  MOVLW  2C
06570:  MOVLB  7
06572:  MOVWF  x9D
06574:  MOVLB  0
06576:  RCALL  5DC6
06578:  MOVLW  58
0657A:  MOVLB  7
0657C:  MOVWF  x9D
0657E:  MOVLB  0
06580:  RCALL  5DC6
06582:  MOVLW  2C
06584:  MOVLB  7
06586:  MOVWF  x9D
06588:  MOVLB  0
0658A:  RCALL  5DC6
0658C:  BRA    6608
....................     else if (1 == chMap[arg1-1]) sprintf(retData+strlen(retData), "%d,%c,", arg1, 'Y');
0658E:  MOVLW  01
06590:  MOVLB  7
06592:  SUBWF  x58,W
06594:  MOVWF  x5C
06596:  CLRF   x5E
06598:  MOVLW  85
0659A:  MOVWF  x5D
0659C:  MOVLB  0
0659E:  CALL   1138
065A2:  BTFSS  01.0
065A4:  BRA    6602
065A6:  MOVLW  04
065A8:  MOVLB  7
065AA:  MOVWF  x8F
065AC:  MOVLW  D6
065AE:  MOVWF  x8E
065B0:  MOVLB  0
065B2:  CALL   5D8E
065B6:  MOVFF  02,03
065BA:  MOVF   01,W
065BC:  ADDLW  D6
065BE:  MOVLB  7
065C0:  MOVWF  x59
065C2:  MOVLW  04
065C4:  ADDWFC 02,W
065C6:  MOVWF  x5A
065C8:  MOVFF  FE8,57A
065CC:  MOVFF  759,579
065D0:  MOVFF  758,78D
065D4:  MOVLW  18
065D6:  MOVWF  x8E
065D8:  MOVLB  0
065DA:  RCALL  63B2
065DC:  MOVLW  2C
065DE:  MOVLB  7
065E0:  MOVWF  x9D
065E2:  MOVLB  0
065E4:  CALL   5DC6
065E8:  MOVLW  59
065EA:  MOVLB  7
065EC:  MOVWF  x9D
065EE:  MOVLB  0
065F0:  CALL   5DC6
065F4:  MOVLW  2C
065F6:  MOVLB  7
065F8:  MOVWF  x9D
065FA:  MOVLB  0
065FC:  CALL   5DC6
06600:  BRA    6608
....................     else return INV_PARAM;
06602:  MOVLW  02
06604:  MOVWF  01
06606:  BRA    660C
....................    
....................     return SUCCESS;
06608:  MOVLW  00
0660A:  MOVWF  01
0660C:  RETURN 0
.................... }
.................... 
.................... int8 setOPchMap(unsigned int8 rec){
....................    /*** ARG CHECKS ********************/
....................    int8 arg1;
....................    char arg2;
....................    
....................    if (!is_valid_channel(SERcmd[rec].p[2])) return INV_PARAM;
0660E:  MOVLB  7
06610:  CLRF   x94
06612:  MOVFF  6E2,793
06616:  CLRF   x96
06618:  MOVLW  B5
0661A:  MOVWF  x95
0661C:  MOVLB  0
0661E:  CALL   095E
06622:  MOVFF  02,75B
06626:  MOVFF  01,75A
0662A:  MOVLW  06
0662C:  MOVLB  7
0662E:  ADDWF  x5A,F
06630:  MOVLW  00
06632:  ADDWFC x5B,F
06634:  MOVLW  32
06636:  ADDWF  x5A,W
06638:  MOVWF  01
0663A:  MOVLW  00
0663C:  ADDWFC x5B,W
0663E:  MOVWF  03
06640:  MOVF   01,W
06642:  MOVLW  02
06644:  ADDWF  03,F
06646:  MOVFF  01,75A
0664A:  MOVFF  03,75B
0664E:  MOVFF  03,78A
06652:  MOVFF  01,789
06656:  MOVLB  0
06658:  RCALL  5F6E
0665A:  MOVF   01,F
0665C:  BNZ   6666
0665E:  MOVLW  02
06660:  MOVWF  01
06662:  BRA    67B0
06664:  BRA    66BE
....................    else arg1 = strtoul(SERcmd[rec].p[2],'\0',10);
06666:  MOVLB  7
06668:  CLRF   x94
0666A:  MOVFF  6E2,793
0666E:  CLRF   x96
06670:  MOVLW  B5
06672:  MOVWF  x95
06674:  MOVLB  0
06676:  CALL   095E
0667A:  MOVFF  02,75B
0667E:  MOVFF  01,75A
06682:  MOVLW  06
06684:  MOVLB  7
06686:  ADDWF  x5A,F
06688:  MOVLW  00
0668A:  ADDWFC x5B,F
0668C:  MOVLW  32
0668E:  ADDWF  x5A,W
06690:  MOVWF  01
06692:  MOVLW  00
06694:  ADDWFC x5B,W
06696:  MOVWF  03
06698:  MOVF   01,W
0669A:  MOVLW  02
0669C:  ADDWF  03,F
0669E:  MOVFF  01,75A
066A2:  MOVFF  03,75B
066A6:  MOVFF  03,78A
066AA:  MOVFF  01,789
066AE:  CLRF   x8C
066B0:  CLRF   x8B
066B2:  MOVLW  0A
066B4:  MOVWF  x8D
066B6:  MOVLB  0
066B8:  RCALL  605E
066BA:  MOVFF  01,758
....................    
....................    if (1 != strlen(SERcmd[rec].p[3])) return INV_PARAM;
066BE:  MOVLB  7
066C0:  CLRF   x94
066C2:  MOVFF  6E2,793
066C6:  CLRF   x96
066C8:  MOVLW  B5
066CA:  MOVWF  x95
066CC:  MOVLB  0
066CE:  CALL   095E
066D2:  MOVFF  02,75B
066D6:  MOVFF  01,75A
066DA:  MOVLW  06
066DC:  MOVLB  7
066DE:  ADDWF  x5A,F
066E0:  MOVLW  00
066E2:  ADDWFC x5B,F
066E4:  MOVLW  4B
066E6:  ADDWF  x5A,W
066E8:  MOVWF  01
066EA:  MOVLW  00
066EC:  ADDWFC x5B,W
066EE:  MOVWF  03
066F0:  MOVF   01,W
066F2:  MOVLW  02
066F4:  ADDWF  03,F
066F6:  MOVFF  01,75A
066FA:  MOVFF  03,75B
066FE:  MOVFF  03,78F
06702:  MOVFF  01,78E
06706:  MOVLB  0
06708:  CALL   5D8E
0670C:  MOVFF  02,03
06710:  MOVF   01,W
06712:  SUBLW  01
06714:  BNZ   671A
06716:  MOVF   03,F
06718:  BZ    6722
0671A:  MOVLW  02
0671C:  MOVWF  01
0671E:  BRA    67B0
06720:  BRA    6760
....................    else arg2 = SERcmd[rec].p[3][0];
06722:  MOVLB  7
06724:  CLRF   x94
06726:  MOVFF  6E2,793
0672A:  CLRF   x96
0672C:  MOVLW  B5
0672E:  MOVWF  x95
06730:  MOVLB  0
06732:  CALL   095E
06736:  MOVFF  02,75B
0673A:  MOVFF  01,75A
0673E:  MOVLW  06
06740:  MOVLB  7
06742:  ADDWF  x5A,F
06744:  MOVLW  00
06746:  ADDWFC x5B,F
06748:  MOVLW  4B
0674A:  ADDWF  x5A,F
0674C:  MOVLW  00
0674E:  ADDWFC x5B,F
06750:  MOVFF  75A,FE9
06754:  MOVLW  02
06756:  ADDWF  x5B,W
06758:  MOVWF  FEA
0675A:  MOVFF  FEF,759
0675E:  MOVLB  0
....................    
....................    /*** SET CHANNEL MAP ***************/
....................    if      ('X' == arg2) chMap[arg1-1] = chX;
06760:  MOVLB  7
06762:  MOVF   x59,W
06764:  SUBLW  58
06766:  BNZ   6782
06768:  MOVLW  01
0676A:  SUBWF  x58,W
0676C:  MOVWF  x5A
0676E:  MOVWF  x6F
06770:  CLRF   x70
06772:  CLRF   x72
06774:  MOVLW  85
06776:  MOVWF  x71
06778:  MOVLB  0
0677A:  CALL   0E04
0677E:  BRA    67AC
06780:  MOVLB  7
....................    else if ('Y' == arg2) chMap[arg1-1] = chY;
06782:  MOVF   x59,W
06784:  SUBLW  59
06786:  BNZ   67A4
06788:  MOVLW  01
0678A:  SUBWF  x58,W
0678C:  MOVWF  x5A
0678E:  MOVWF  x6F
06790:  MOVLW  01
06792:  MOVWF  x70
06794:  CLRF   x72
06796:  MOVLW  85
06798:  MOVWF  x71
0679A:  MOVLB  0
0679C:  CALL   0E04
067A0:  BRA    67AC
067A2:  MOVLB  7
....................    else return INV_PARAM;
067A4:  MOVLW  02
067A6:  MOVWF  01
067A8:  MOVLB  0
067AA:  BRA    67B0
....................    
....................    return SUCCESS;
067AC:  MOVLW  00
067AE:  MOVWF  01
067B0:  RETURN 0
.................... }
.................... 
.................... int8 getIPchMode(unsigned int8 rec){
....................    /*** ARG CHECKS ********************/
....................    int8 arg1;
....................    
....................    if (!is_valid_channel(SERcmd[rec].p[2])) return INV_PARAM;
*
067DC:  MOVLB  7
067DE:  CLRF   x94
067E0:  MOVFF  6E2,793
067E4:  CLRF   x96
067E6:  MOVLW  B5
067E8:  MOVWF  x95
067EA:  MOVLB  0
067EC:  CALL   095E
067F0:  MOVFF  02,75A
067F4:  MOVFF  01,759
067F8:  MOVLW  06
067FA:  MOVLB  7
067FC:  ADDWF  x59,F
067FE:  MOVLW  00
06800:  ADDWFC x5A,F
06802:  MOVLW  32
06804:  ADDWF  x59,W
06806:  MOVWF  01
06808:  MOVLW  00
0680A:  ADDWFC x5A,W
0680C:  MOVWF  03
0680E:  MOVF   01,W
06810:  MOVLW  02
06812:  ADDWF  03,F
06814:  MOVFF  01,759
06818:  MOVFF  03,75A
0681C:  MOVFF  03,78A
06820:  MOVFF  01,789
06824:  MOVLB  0
06826:  CALL   5F6E
0682A:  MOVF   01,F
0682C:  BNZ   6836
0682E:  MOVLW  02
06830:  MOVWF  01
06832:  BRA    695E
06834:  BRA    6890
....................    else arg1 = strtoul(SERcmd[rec].p[2],'\0',10);
06836:  MOVLB  7
06838:  CLRF   x94
0683A:  MOVFF  6E2,793
0683E:  CLRF   x96
06840:  MOVLW  B5
06842:  MOVWF  x95
06844:  MOVLB  0
06846:  CALL   095E
0684A:  MOVFF  02,75A
0684E:  MOVFF  01,759
06852:  MOVLW  06
06854:  MOVLB  7
06856:  ADDWF  x59,F
06858:  MOVLW  00
0685A:  ADDWFC x5A,F
0685C:  MOVLW  32
0685E:  ADDWF  x59,W
06860:  MOVWF  01
06862:  MOVLW  00
06864:  ADDWFC x5A,W
06866:  MOVWF  03
06868:  MOVF   01,W
0686A:  MOVLW  02
0686C:  ADDWF  03,F
0686E:  MOVFF  01,759
06872:  MOVFF  03,75A
06876:  MOVFF  03,78A
0687A:  MOVFF  01,789
0687E:  CLRF   x8C
06880:  CLRF   x8B
06882:  MOVLW  0A
06884:  MOVWF  x8D
06886:  MOVLB  0
06888:  CALL   605E
0688C:  MOVFF  01,758
....................    
....................    /*** GET INPUT MAP *****************/
....................    if      (0 == chMode[arg1-1]) sprintf(retData+strlen(retData), "%d,MANUAL,", arg1);
06890:  MOVLW  01
06892:  MOVLB  7
06894:  SUBWF  x58,W
06896:  MOVWF  x5C
06898:  CLRF   x5E
0689A:  MOVLW  86
0689C:  MOVWF  x5D
0689E:  MOVLB  0
068A0:  CALL   1138
068A4:  BTFSC  01.0
068A6:  BRA    68F2
068A8:  MOVLW  04
068AA:  MOVLB  7
068AC:  MOVWF  x8F
068AE:  MOVLW  D6
068B0:  MOVWF  x8E
068B2:  MOVLB  0
068B4:  CALL   5D8E
068B8:  MOVFF  02,03
068BC:  MOVF   01,W
068BE:  ADDLW  D6
068C0:  MOVLB  7
068C2:  MOVWF  x59
068C4:  MOVLW  04
068C6:  ADDWFC 02,W
068C8:  MOVWF  x5A
068CA:  MOVFF  FE8,57A
068CE:  MOVFF  759,579
068D2:  MOVFF  758,78D
068D6:  MOVLW  18
068D8:  MOVWF  x8E
068DA:  MOVLB  0
068DC:  RCALL  63B2
068DE:  MOVLW  16
068E0:  MOVWF  FF6
068E2:  MOVLW  04
068E4:  MOVWF  FF7
068E6:  MOVLW  08
068E8:  MOVLB  7
068EA:  MOVWF  x65
068EC:  MOVLB  0
068EE:  RCALL  67B2
068F0:  BRA    695A
....................    else if (1 == chMode[arg1-1]) sprintf(retData+strlen(retData), "%d,MAGSNS,", arg1);
068F2:  MOVLW  01
068F4:  MOVLB  7
068F6:  SUBWF  x58,W
068F8:  MOVWF  x5C
068FA:  CLRF   x5E
068FC:  MOVLW  86
068FE:  MOVWF  x5D
06900:  MOVLB  0
06902:  CALL   1138
06906:  BTFSS  01.0
06908:  BRA    6954
0690A:  MOVLW  04
0690C:  MOVLB  7
0690E:  MOVWF  x8F
06910:  MOVLW  D6
06912:  MOVWF  x8E
06914:  MOVLB  0
06916:  CALL   5D8E
0691A:  MOVFF  02,03
0691E:  MOVF   01,W
06920:  ADDLW  D6
06922:  MOVLB  7
06924:  MOVWF  x59
06926:  MOVLW  04
06928:  ADDWFC 02,W
0692A:  MOVWF  x5A
0692C:  MOVFF  FE8,57A
06930:  MOVFF  759,579
06934:  MOVFF  758,78D
06938:  MOVLW  18
0693A:  MOVWF  x8E
0693C:  MOVLB  0
0693E:  RCALL  63B2
06940:  MOVLW  22
06942:  MOVWF  FF6
06944:  MOVLW  04
06946:  MOVWF  FF7
06948:  MOVLW  08
0694A:  MOVLB  7
0694C:  MOVWF  x65
0694E:  MOVLB  0
06950:  RCALL  67B2
06952:  BRA    695A
....................    else return INV_PARAM;
06954:  MOVLW  02
06956:  MOVWF  01
06958:  BRA    695E
....................    
....................    return SUCCESS;
0695A:  MOVLW  00
0695C:  MOVWF  01
0695E:  RETURN 0
.................... }
.................... 
.................... int8 setIPchMode(unsigned int8 rec){
....................    /*** ARG CHECKS ********************/
....................    int8 arg1;
....................    char *arg2;
....................    char *s_manual = "MANUAL";
06960:  MOVLW  4D
06962:  MOVLB  7
06964:  MOVWF  x5D
06966:  MOVLW  41
06968:  MOVWF  x5E
0696A:  MOVLW  4E
0696C:  MOVWF  x5F
0696E:  MOVLW  55
06970:  MOVWF  x60
06972:  MOVLW  41
06974:  MOVWF  x61
06976:  MOVLW  4C
06978:  MOVWF  x62
0697A:  CLRF   x63
0697C:  MOVLW  07
0697E:  MOVWF  x5C
06980:  MOVLW  5D
06982:  MOVWF  x5B
....................    char *s_magsns = "MAGSNS";
06984:  MOVLW  4D
06986:  MOVWF  x66
06988:  MOVLW  41
0698A:  MOVWF  x67
0698C:  MOVLW  47
0698E:  MOVWF  x68
06990:  MOVLW  53
06992:  MOVWF  x69
06994:  MOVLW  4E
06996:  MOVWF  x6A
06998:  MOVLW  53
0699A:  MOVWF  x6B
0699C:  CLRF   x6C
0699E:  MOVLW  07
069A0:  MOVWF  x65
069A2:  MOVLW  66
069A4:  MOVWF  x64
....................    
....................    if (!is_valid_channel(SERcmd[rec].p[2])) return INV_PARAM;
069A6:  CLRF   x94
069A8:  MOVFF  6E2,793
069AC:  CLRF   x96
069AE:  MOVLW  B5
069B0:  MOVWF  x95
069B2:  MOVLB  0
069B4:  CALL   095E
069B8:  MOVFF  02,76E
069BC:  MOVFF  01,76D
069C0:  MOVLW  06
069C2:  MOVLB  7
069C4:  ADDWF  x6D,F
069C6:  MOVLW  00
069C8:  ADDWFC x6E,F
069CA:  MOVLW  32
069CC:  ADDWF  x6D,W
069CE:  MOVWF  01
069D0:  MOVLW  00
069D2:  ADDWFC x6E,W
069D4:  MOVWF  03
069D6:  MOVF   01,W
069D8:  MOVLW  02
069DA:  ADDWF  03,F
069DC:  MOVFF  01,76D
069E0:  MOVFF  03,76E
069E4:  MOVFF  03,78A
069E8:  MOVFF  01,789
069EC:  MOVLB  0
069EE:  CALL   5F6E
069F2:  MOVF   01,F
069F4:  BNZ   69FE
069F6:  MOVLW  02
069F8:  MOVWF  01
069FA:  BRA    6B6C
069FC:  BRA    6A58
....................    else arg1 = strtoul(SERcmd[rec].p[2],'\0',10);
069FE:  MOVLB  7
06A00:  CLRF   x94
06A02:  MOVFF  6E2,793
06A06:  CLRF   x96
06A08:  MOVLW  B5
06A0A:  MOVWF  x95
06A0C:  MOVLB  0
06A0E:  CALL   095E
06A12:  MOVFF  02,76E
06A16:  MOVFF  01,76D
06A1A:  MOVLW  06
06A1C:  MOVLB  7
06A1E:  ADDWF  x6D,F
06A20:  MOVLW  00
06A22:  ADDWFC x6E,F
06A24:  MOVLW  32
06A26:  ADDWF  x6D,W
06A28:  MOVWF  01
06A2A:  MOVLW  00
06A2C:  ADDWFC x6E,W
06A2E:  MOVWF  03
06A30:  MOVF   01,W
06A32:  MOVLW  02
06A34:  ADDWF  03,F
06A36:  MOVFF  01,76D
06A3A:  MOVFF  03,76E
06A3E:  MOVFF  03,78A
06A42:  MOVFF  01,789
06A46:  CLRF   x8C
06A48:  CLRF   x8B
06A4A:  MOVLW  0A
06A4C:  MOVWF  x8D
06A4E:  MOVLB  0
06A50:  CALL   605E
06A54:  MOVFF  01,758
....................    
....................    if (0 == strlen(SERcmd[rec].p[3])) return INV_PARAM;
06A58:  MOVLB  7
06A5A:  CLRF   x94
06A5C:  MOVFF  6E2,793
06A60:  CLRF   x96
06A62:  MOVLW  B5
06A64:  MOVWF  x95
06A66:  MOVLB  0
06A68:  CALL   095E
06A6C:  MOVFF  02,76E
06A70:  MOVFF  01,76D
06A74:  MOVLW  06
06A76:  MOVLB  7
06A78:  ADDWF  x6D,F
06A7A:  MOVLW  00
06A7C:  ADDWFC x6E,F
06A7E:  MOVLW  4B
06A80:  ADDWF  x6D,W
06A82:  MOVWF  01
06A84:  MOVLW  00
06A86:  ADDWFC x6E,W
06A88:  MOVWF  03
06A8A:  MOVF   01,W
06A8C:  MOVLW  02
06A8E:  ADDWF  03,F
06A90:  MOVFF  01,76D
06A94:  MOVFF  03,76E
06A98:  MOVFF  03,78F
06A9C:  MOVFF  01,78E
06AA0:  MOVLB  0
06AA2:  CALL   5D8E
06AA6:  MOVFF  02,03
06AAA:  MOVF   01,W
06AAC:  BNZ   6ABA
06AAE:  MOVF   03,F
06AB0:  BNZ   6ABA
06AB2:  MOVLW  02
06AB4:  MOVWF  01
06AB6:  BRA    6B6C
06AB8:  BRA    6AFC
....................    else arg2 = SERcmd[rec].p[3];
06ABA:  MOVLB  7
06ABC:  CLRF   x94
06ABE:  MOVFF  6E2,793
06AC2:  CLRF   x96
06AC4:  MOVLW  B5
06AC6:  MOVWF  x95
06AC8:  MOVLB  0
06ACA:  CALL   095E
06ACE:  MOVFF  02,76E
06AD2:  MOVFF  01,76D
06AD6:  MOVLW  06
06AD8:  MOVLB  7
06ADA:  ADDWF  x6D,F
06ADC:  MOVLW  00
06ADE:  ADDWFC x6E,F
06AE0:  MOVLW  4B
06AE2:  ADDWF  x6D,W
06AE4:  MOVWF  01
06AE6:  MOVLW  00
06AE8:  ADDWFC x6E,W
06AEA:  MOVWF  03
06AEC:  MOVF   01,W
06AEE:  MOVLW  02
06AF0:  ADDWF  03,F
06AF2:  MOVFF  01,759
06AF6:  MOVFF  03,75A
06AFA:  MOVLB  0
....................    
....................    /*** SET INPUT MAP *****************/
....................    if      (0 == strcmp(s_manual, arg2)) chMode[arg1-1] = MANUAL;
06AFC:  MOVFF  75C,78F
06B00:  MOVFF  75B,78E
06B04:  MOVFF  75A,791
06B08:  MOVFF  759,790
06B0C:  CALL   5E44
06B10:  MOVF   01,F
06B12:  BNZ   6B2E
06B14:  MOVLW  01
06B16:  MOVLB  7
06B18:  SUBWF  x58,W
06B1A:  MOVWF  x6D
06B1C:  MOVWF  x6F
06B1E:  CLRF   x70
06B20:  CLRF   x72
06B22:  MOVLW  86
06B24:  MOVWF  x71
06B26:  MOVLB  0
06B28:  CALL   0E04
06B2C:  BRA    6B68
....................    else if (0 == strcmp(s_magsns, arg2)) chMode[arg1-1] = MAGSNS;
06B2E:  MOVFF  765,78F
06B32:  MOVFF  764,78E
06B36:  MOVFF  75A,791
06B3A:  MOVFF  759,790
06B3E:  CALL   5E44
06B42:  MOVF   01,F
06B44:  BNZ   6B62
06B46:  MOVLW  01
06B48:  MOVLB  7
06B4A:  SUBWF  x58,W
06B4C:  MOVWF  x6D
06B4E:  MOVWF  x6F
06B50:  MOVLW  01
06B52:  MOVWF  x70
06B54:  CLRF   x72
06B56:  MOVLW  86
06B58:  MOVWF  x71
06B5A:  MOVLB  0
06B5C:  CALL   0E04
06B60:  BRA    6B68
....................    else return INV_PARAM;
06B62:  MOVLW  02
06B64:  MOVWF  01
06B66:  BRA    6B6C
....................    
....................    return SUCCESS;
06B68:  MOVLW  00
06B6A:  MOVWF  01
06B6C:  RETURN 0
.................... }
.................... 
.................... int8 getPIDvals(unsigned int8 rec){
....................    /*** ARG CHECKS ********************/ 
....................    int8 arg1;
....................    char arg2;
....................    
....................    if (!is_valid_channel(SERcmd[rec].p[2])) return INV_PARAM;
*
06DF4:  MOVLB  7
06DF6:  CLRF   x94
06DF8:  MOVFF  6E2,793
06DFC:  CLRF   x96
06DFE:  MOVLW  B5
06E00:  MOVWF  x95
06E02:  MOVLB  0
06E04:  CALL   095E
06E08:  MOVFF  02,75B
06E0C:  MOVFF  01,75A
06E10:  MOVLW  06
06E12:  MOVLB  7
06E14:  ADDWF  x5A,F
06E16:  MOVLW  00
06E18:  ADDWFC x5B,F
06E1A:  MOVLW  32
06E1C:  ADDWF  x5A,W
06E1E:  MOVWF  01
06E20:  MOVLW  00
06E22:  ADDWFC x5B,W
06E24:  MOVWF  03
06E26:  MOVF   01,W
06E28:  MOVLW  02
06E2A:  ADDWF  03,F
06E2C:  MOVFF  01,75A
06E30:  MOVFF  03,75B
06E34:  MOVFF  03,78A
06E38:  MOVFF  01,789
06E3C:  MOVLB  0
06E3E:  CALL   5F6E
06E42:  MOVF   01,F
06E44:  BNZ   6E4E
06E46:  MOVLW  02
06E48:  MOVWF  01
06E4A:  BRA    729A
06E4C:  BRA    6EA8
....................    else arg1 = strtoul(SERcmd[rec].p[2],'\0',10);
06E4E:  MOVLB  7
06E50:  CLRF   x94
06E52:  MOVFF  6E2,793
06E56:  CLRF   x96
06E58:  MOVLW  B5
06E5A:  MOVWF  x95
06E5C:  MOVLB  0
06E5E:  CALL   095E
06E62:  MOVFF  02,75B
06E66:  MOVFF  01,75A
06E6A:  MOVLW  06
06E6C:  MOVLB  7
06E6E:  ADDWF  x5A,F
06E70:  MOVLW  00
06E72:  ADDWFC x5B,F
06E74:  MOVLW  32
06E76:  ADDWF  x5A,W
06E78:  MOVWF  01
06E7A:  MOVLW  00
06E7C:  ADDWFC x5B,W
06E7E:  MOVWF  03
06E80:  MOVF   01,W
06E82:  MOVLW  02
06E84:  ADDWF  03,F
06E86:  MOVFF  01,75A
06E8A:  MOVFF  03,75B
06E8E:  MOVFF  03,78A
06E92:  MOVFF  01,789
06E96:  CLRF   x8C
06E98:  CLRF   x8B
06E9A:  MOVLW  0A
06E9C:  MOVWF  x8D
06E9E:  MOVLB  0
06EA0:  CALL   605E
06EA4:  MOVFF  01,758
....................    
....................    if (1 != strlen(SERcmd[rec].p[3])) return INV_PARAM;
06EA8:  MOVLB  7
06EAA:  CLRF   x94
06EAC:  MOVFF  6E2,793
06EB0:  CLRF   x96
06EB2:  MOVLW  B5
06EB4:  MOVWF  x95
06EB6:  MOVLB  0
06EB8:  CALL   095E
06EBC:  MOVFF  02,75B
06EC0:  MOVFF  01,75A
06EC4:  MOVLW  06
06EC6:  MOVLB  7
06EC8:  ADDWF  x5A,F
06ECA:  MOVLW  00
06ECC:  ADDWFC x5B,F
06ECE:  MOVLW  4B
06ED0:  ADDWF  x5A,W
06ED2:  MOVWF  01
06ED4:  MOVLW  00
06ED6:  ADDWFC x5B,W
06ED8:  MOVWF  03
06EDA:  MOVF   01,W
06EDC:  MOVLW  02
06EDE:  ADDWF  03,F
06EE0:  MOVFF  01,75A
06EE4:  MOVFF  03,75B
06EE8:  MOVFF  03,78F
06EEC:  MOVFF  01,78E
06EF0:  MOVLB  0
06EF2:  CALL   5D8E
06EF6:  MOVFF  02,03
06EFA:  MOVF   01,W
06EFC:  SUBLW  01
06EFE:  BNZ   6F04
06F00:  MOVF   03,F
06F02:  BZ    6F0C
06F04:  MOVLW  02
06F06:  MOVWF  01
06F08:  BRA    729A
06F0A:  BRA    6F4A
....................    else arg2 = SERcmd[rec].p[3][0];
06F0C:  MOVLB  7
06F0E:  CLRF   x94
06F10:  MOVFF  6E2,793
06F14:  CLRF   x96
06F16:  MOVLW  B5
06F18:  MOVWF  x95
06F1A:  MOVLB  0
06F1C:  CALL   095E
06F20:  MOVFF  02,75B
06F24:  MOVFF  01,75A
06F28:  MOVLW  06
06F2A:  MOVLB  7
06F2C:  ADDWF  x5A,F
06F2E:  MOVLW  00
06F30:  ADDWFC x5B,F
06F32:  MOVLW  4B
06F34:  ADDWF  x5A,F
06F36:  MOVLW  00
06F38:  ADDWFC x5B,F
06F3A:  MOVFF  75A,FE9
06F3E:  MOVLW  02
06F40:  ADDWF  x5B,W
06F42:  MOVWF  FEA
06F44:  MOVFF  FEF,759
06F48:  MOVLB  0
....................    
....................    /*** GET P, I, D, or A(LL) VALUE **********/
....................    if      ('P' == arg2) sprintf(retData+strlen(retData), "%d,%f,", arg1, PID[arg1-1].kP);
06F4A:  MOVLB  7
06F4C:  MOVF   x59,W
06F4E:  SUBLW  50
06F50:  BNZ   6FEA
06F52:  MOVLW  04
06F54:  MOVWF  x8F
06F56:  MOVLW  D6
06F58:  MOVWF  x8E
06F5A:  MOVLB  0
06F5C:  CALL   5D8E
06F60:  MOVFF  02,03
06F64:  MOVF   01,W
06F66:  ADDLW  D6
06F68:  MOVLB  7
06F6A:  MOVWF  x5A
06F6C:  MOVLW  04
06F6E:  ADDWFC 02,W
06F70:  MOVWF  x5B
06F72:  MOVLW  01
06F74:  SUBWF  x58,W
06F76:  MULLW  28
06F78:  MOVF   FF3,W
06F7A:  CLRF   x5D
06F7C:  MOVWF  x5C
06F7E:  MOVLW  35
06F80:  ADDWF  x5C,W
06F82:  MOVWF  FE9
06F84:  MOVLW  00
06F86:  ADDWFC x5D,W
06F88:  MOVWF  FEA
06F8A:  MOVFF  FEF,75E
06F8E:  MOVFF  FEC,75F
06F92:  MOVFF  FEC,760
06F96:  MOVFF  FEC,761
06F9A:  MOVFF  75B,57A
06F9E:  MOVFF  75A,579
06FA2:  MOVFF  758,78D
06FA6:  MOVLW  18
06FA8:  MOVWF  x8E
06FAA:  MOVLB  0
06FAC:  CALL   63B2
06FB0:  MOVLW  2C
06FB2:  MOVLB  7
06FB4:  MOVWF  x9D
06FB6:  MOVLB  0
06FB8:  CALL   5DC6
06FBC:  MOVLW  89
06FBE:  MOVWF  FE9
06FC0:  MOVFF  761,793
06FC4:  MOVFF  760,792
06FC8:  MOVFF  75F,791
06FCC:  MOVFF  75E,790
06FD0:  MOVLW  02
06FD2:  MOVLB  7
06FD4:  MOVWF  x94
06FD6:  MOVLB  0
06FD8:  RCALL  6C44
06FDA:  MOVLW  2C
06FDC:  MOVLB  7
06FDE:  MOVWF  x9D
06FE0:  MOVLB  0
06FE2:  CALL   5DC6
06FE6:  BRA    7296
06FE8:  MOVLB  7
....................    else if ('I' == arg2) sprintf(retData+strlen(retData), "%d,%f,", arg1, PID[arg1-1].kI);
06FEA:  MOVF   x59,W
06FEC:  SUBLW  49
06FEE:  BNZ   7090
06FF0:  MOVLW  04
06FF2:  MOVWF  x8F
06FF4:  MOVLW  D6
06FF6:  MOVWF  x8E
06FF8:  MOVLB  0
06FFA:  CALL   5D8E
06FFE:  MOVF   01,W
07000:  ADDLW  D6
07002:  MOVLB  7
07004:  MOVWF  x5A
07006:  MOVLW  04
07008:  ADDWFC 02,W
0700A:  MOVWF  x5B
0700C:  MOVLW  01
0700E:  SUBWF  x58,W
07010:  MULLW  28
07012:  MOVF   FF3,W
07014:  CLRF   x5D
07016:  MOVWF  x5C
07018:  MOVLW  04
0701A:  ADDWF  x5C,W
0701C:  MOVWF  01
0701E:  MOVLW  00
07020:  ADDWFC x5D,W
07022:  MOVWF  03
07024:  MOVF   01,W
07026:  ADDLW  35
07028:  MOVWF  FE9
0702A:  MOVLW  00
0702C:  ADDWFC 03,W
0702E:  MOVWF  FEA
07030:  MOVFF  FEF,75C
07034:  MOVFF  FEC,75D
07038:  MOVFF  FEC,75E
0703C:  MOVFF  FEC,75F
07040:  MOVFF  75B,57A
07044:  MOVFF  75A,579
07048:  MOVFF  758,78D
0704C:  MOVLW  18
0704E:  MOVWF  x8E
07050:  MOVLB  0
07052:  CALL   63B2
07056:  MOVLW  2C
07058:  MOVLB  7
0705A:  MOVWF  x9D
0705C:  MOVLB  0
0705E:  CALL   5DC6
07062:  MOVLW  89
07064:  MOVWF  FE9
07066:  MOVFF  75F,793
0706A:  MOVFF  75E,792
0706E:  MOVFF  75D,791
07072:  MOVFF  75C,790
07076:  MOVLW  02
07078:  MOVLB  7
0707A:  MOVWF  x94
0707C:  MOVLB  0
0707E:  RCALL  6C44
07080:  MOVLW  2C
07082:  MOVLB  7
07084:  MOVWF  x9D
07086:  MOVLB  0
07088:  CALL   5DC6
0708C:  BRA    7296
0708E:  MOVLB  7
....................    else if ('D' == arg2) sprintf(retData+strlen(retData), "%d,%f,", arg1, PID[arg1-1].kD);
07090:  MOVF   x59,W
07092:  SUBLW  44
07094:  BNZ   7136
07096:  MOVLW  04
07098:  MOVWF  x8F
0709A:  MOVLW  D6
0709C:  MOVWF  x8E
0709E:  MOVLB  0
070A0:  CALL   5D8E
070A4:  MOVF   01,W
070A6:  ADDLW  D6
070A8:  MOVLB  7
070AA:  MOVWF  x5A
070AC:  MOVLW  04
070AE:  ADDWFC 02,W
070B0:  MOVWF  x5B
070B2:  MOVLW  01
070B4:  SUBWF  x58,W
070B6:  MULLW  28
070B8:  MOVF   FF3,W
070BA:  CLRF   x5D
070BC:  MOVWF  x5C
070BE:  MOVLW  08
070C0:  ADDWF  x5C,W
070C2:  MOVWF  01
070C4:  MOVLW  00
070C6:  ADDWFC x5D,W
070C8:  MOVWF  03
070CA:  MOVF   01,W
070CC:  ADDLW  35
070CE:  MOVWF  FE9
070D0:  MOVLW  00
070D2:  ADDWFC 03,W
070D4:  MOVWF  FEA
070D6:  MOVFF  FEF,75C
070DA:  MOVFF  FEC,75D
070DE:  MOVFF  FEC,75E
070E2:  MOVFF  FEC,75F
070E6:  MOVFF  75B,57A
070EA:  MOVFF  75A,579
070EE:  MOVFF  758,78D
070F2:  MOVLW  18
070F4:  MOVWF  x8E
070F6:  MOVLB  0
070F8:  CALL   63B2
070FC:  MOVLW  2C
070FE:  MOVLB  7
07100:  MOVWF  x9D
07102:  MOVLB  0
07104:  CALL   5DC6
07108:  MOVLW  89
0710A:  MOVWF  FE9
0710C:  MOVFF  75F,793
07110:  MOVFF  75E,792
07114:  MOVFF  75D,791
07118:  MOVFF  75C,790
0711C:  MOVLW  02
0711E:  MOVLB  7
07120:  MOVWF  x94
07122:  MOVLB  0
07124:  RCALL  6C44
07126:  MOVLW  2C
07128:  MOVLB  7
0712A:  MOVWF  x9D
0712C:  MOVLB  0
0712E:  CALL   5DC6
07132:  BRA    7296
07134:  MOVLB  7
....................    else if ('A' == arg2) sprintf(retData+strlen(retData), "%d,%f,%f,%f,", arg1, PID[arg1-1].kP, PID[arg1-1].kI, PID[arg1-1].kD);
07136:  MOVF   x59,W
07138:  SUBLW  41
0713A:  BTFSS  FD8.2
0713C:  BRA    728E
0713E:  MOVLW  04
07140:  MOVWF  x8F
07142:  MOVLW  D6
07144:  MOVWF  x8E
07146:  MOVLB  0
07148:  CALL   5D8E
0714C:  MOVF   01,W
0714E:  ADDLW  D6
07150:  MOVLB  7
07152:  MOVWF  x5A
07154:  MOVLW  04
07156:  ADDWFC 02,W
07158:  MOVWF  x5B
0715A:  MOVLW  01
0715C:  SUBWF  x58,W
0715E:  MULLW  28
07160:  MOVF   FF3,W
07162:  CLRF   x5D
07164:  MOVWF  x5C
07166:  MOVLW  35
07168:  ADDWF  x5C,W
0716A:  MOVWF  FE9
0716C:  MOVLW  00
0716E:  ADDWFC x5D,W
07170:  MOVWF  FEA
07172:  MOVFF  FEF,75E
07176:  MOVFF  FEC,75F
0717A:  MOVFF  FEC,760
0717E:  MOVFF  FEC,761
07182:  MOVLW  01
07184:  SUBWF  x58,W
07186:  MULLW  28
07188:  MOVF   FF3,W
0718A:  CLRF   x63
0718C:  MOVWF  x62
0718E:  MOVLW  04
07190:  ADDWF  x62,W
07192:  MOVWF  01
07194:  MOVLW  00
07196:  ADDWFC x63,W
07198:  MOVWF  03
0719A:  MOVF   01,W
0719C:  ADDLW  35
0719E:  MOVWF  FE9
071A0:  MOVLW  00
071A2:  ADDWFC 03,W
071A4:  MOVWF  FEA
071A6:  MOVFF  FEF,762
071AA:  MOVFF  FEC,763
071AE:  MOVFF  FEC,764
071B2:  MOVFF  FEC,765
071B6:  MOVLW  01
071B8:  SUBWF  x58,W
071BA:  MULLW  28
071BC:  MOVF   FF3,W
071BE:  CLRF   x67
071C0:  MOVWF  x66
071C2:  MOVLW  08
071C4:  ADDWF  x66,W
071C6:  MOVWF  01
071C8:  MOVLW  00
071CA:  ADDWFC x67,W
071CC:  MOVWF  03
071CE:  MOVF   01,W
071D0:  ADDLW  35
071D2:  MOVWF  FE9
071D4:  MOVLW  00
071D6:  ADDWFC 03,W
071D8:  MOVWF  FEA
071DA:  MOVFF  FEF,766
071DE:  MOVFF  FEC,767
071E2:  MOVFF  FEC,768
071E6:  MOVFF  FEC,769
071EA:  MOVFF  75B,57A
071EE:  MOVFF  75A,579
071F2:  MOVFF  758,78D
071F6:  MOVLW  18
071F8:  MOVWF  x8E
071FA:  MOVLB  0
071FC:  CALL   63B2
07200:  MOVLW  2C
07202:  MOVLB  7
07204:  MOVWF  x9D
07206:  MOVLB  0
07208:  CALL   5DC6
0720C:  MOVLW  89
0720E:  MOVWF  FE9
07210:  MOVFF  761,793
07214:  MOVFF  760,792
07218:  MOVFF  75F,791
0721C:  MOVFF  75E,790
07220:  MOVLW  02
07222:  MOVLB  7
07224:  MOVWF  x94
07226:  MOVLB  0
07228:  RCALL  6C44
0722A:  MOVLW  2C
0722C:  MOVLB  7
0722E:  MOVWF  x9D
07230:  MOVLB  0
07232:  CALL   5DC6
07236:  MOVLW  89
07238:  MOVWF  FE9
0723A:  MOVFF  765,793
0723E:  MOVFF  764,792
07242:  MOVFF  763,791
07246:  MOVFF  762,790
0724A:  MOVLW  02
0724C:  MOVLB  7
0724E:  MOVWF  x94
07250:  MOVLB  0
07252:  RCALL  6C44
07254:  MOVLW  2C
07256:  MOVLB  7
07258:  MOVWF  x9D
0725A:  MOVLB  0
0725C:  CALL   5DC6
07260:  MOVLW  89
07262:  MOVWF  FE9
07264:  MOVFF  769,793
07268:  MOVFF  768,792
0726C:  MOVFF  767,791
07270:  MOVFF  766,790
07274:  MOVLW  02
07276:  MOVLB  7
07278:  MOVWF  x94
0727A:  MOVLB  0
0727C:  RCALL  6C44
0727E:  MOVLW  2C
07280:  MOVLB  7
07282:  MOVWF  x9D
07284:  MOVLB  0
07286:  CALL   5DC6
0728A:  BRA    7296
0728C:  MOVLB  7
....................    else return INV_PARAM;
0728E:  MOVLW  02
07290:  MOVWF  01
07292:  MOVLB  0
07294:  BRA    729A
....................    
....................    return SUCCESS;
07296:  MOVLW  00
07298:  MOVWF  01
0729A:  RETURN 0
.................... }
.................... 
.................... int8 setPIDvals(unsigned int8 rec){
....................    /*** ARG CHECKS ********************/
....................    int8  arg1;
....................    char  arg2;
....................    float arg3;
....................    
....................    if (!is_valid_channel(SERcmd[rec].p[2])) return INV_PARAM;
*
075B8:  MOVLB  7
075BA:  CLRF   x94
075BC:  MOVFF  6E2,793
075C0:  CLRF   x96
075C2:  MOVLW  B5
075C4:  MOVWF  x95
075C6:  MOVLB  0
075C8:  CALL   095E
075CC:  MOVFF  02,75F
075D0:  MOVFF  01,75E
075D4:  MOVLW  06
075D6:  MOVLB  7
075D8:  ADDWF  x5E,F
075DA:  MOVLW  00
075DC:  ADDWFC x5F,F
075DE:  MOVLW  32
075E0:  ADDWF  x5E,W
075E2:  MOVWF  01
075E4:  MOVLW  00
075E6:  ADDWFC x5F,W
075E8:  MOVWF  03
075EA:  MOVF   01,W
075EC:  MOVLW  02
075EE:  ADDWF  03,F
075F0:  MOVFF  01,75E
075F4:  MOVFF  03,75F
075F8:  MOVFF  03,78A
075FC:  MOVFF  01,789
07600:  MOVLB  0
07602:  CALL   5F6E
07606:  MOVF   01,F
07608:  BNZ   7612
0760A:  MOVLW  02
0760C:  MOVWF  01
0760E:  BRA    7880
07610:  BRA    766C
....................    else arg1 = strtoul(SERcmd[rec].p[2],'\0',10);
07612:  MOVLB  7
07614:  CLRF   x94
07616:  MOVFF  6E2,793
0761A:  CLRF   x96
0761C:  MOVLW  B5
0761E:  MOVWF  x95
07620:  MOVLB  0
07622:  CALL   095E
07626:  MOVFF  02,75F
0762A:  MOVFF  01,75E
0762E:  MOVLW  06
07630:  MOVLB  7
07632:  ADDWF  x5E,F
07634:  MOVLW  00
07636:  ADDWFC x5F,F
07638:  MOVLW  32
0763A:  ADDWF  x5E,W
0763C:  MOVWF  01
0763E:  MOVLW  00
07640:  ADDWFC x5F,W
07642:  MOVWF  03
07644:  MOVF   01,W
07646:  MOVLW  02
07648:  ADDWF  03,F
0764A:  MOVFF  01,75E
0764E:  MOVFF  03,75F
07652:  MOVFF  03,78A
07656:  MOVFF  01,789
0765A:  CLRF   x8C
0765C:  CLRF   x8B
0765E:  MOVLW  0A
07660:  MOVWF  x8D
07662:  MOVLB  0
07664:  CALL   605E
07668:  MOVFF  01,758
....................    
....................    if (1 != strlen(SERcmd[rec].p[3])) return INV_PARAM;
0766C:  MOVLB  7
0766E:  CLRF   x94
07670:  MOVFF  6E2,793
07674:  CLRF   x96
07676:  MOVLW  B5
07678:  MOVWF  x95
0767A:  MOVLB  0
0767C:  CALL   095E
07680:  MOVFF  02,75F
07684:  MOVFF  01,75E
07688:  MOVLW  06
0768A:  MOVLB  7
0768C:  ADDWF  x5E,F
0768E:  MOVLW  00
07690:  ADDWFC x5F,F
07692:  MOVLW  4B
07694:  ADDWF  x5E,W
07696:  MOVWF  01
07698:  MOVLW  00
0769A:  ADDWFC x5F,W
0769C:  MOVWF  03
0769E:  MOVF   01,W
076A0:  MOVLW  02
076A2:  ADDWF  03,F
076A4:  MOVFF  01,75E
076A8:  MOVFF  03,75F
076AC:  MOVFF  03,78F
076B0:  MOVFF  01,78E
076B4:  MOVLB  0
076B6:  CALL   5D8E
076BA:  MOVFF  02,03
076BE:  MOVF   01,W
076C0:  SUBLW  01
076C2:  BNZ   76C8
076C4:  MOVF   03,F
076C6:  BZ    76D0
076C8:  MOVLW  02
076CA:  MOVWF  01
076CC:  BRA    7880
076CE:  BRA    770E
....................    else arg2 = SERcmd[rec].p[3][0];
076D0:  MOVLB  7
076D2:  CLRF   x94
076D4:  MOVFF  6E2,793
076D8:  CLRF   x96
076DA:  MOVLW  B5
076DC:  MOVWF  x95
076DE:  MOVLB  0
076E0:  CALL   095E
076E4:  MOVFF  02,75F
076E8:  MOVFF  01,75E
076EC:  MOVLW  06
076EE:  MOVLB  7
076F0:  ADDWF  x5E,F
076F2:  MOVLW  00
076F4:  ADDWFC x5F,F
076F6:  MOVLW  4B
076F8:  ADDWF  x5E,F
076FA:  MOVLW  00
076FC:  ADDWFC x5F,F
076FE:  MOVFF  75E,FE9
07702:  MOVLW  02
07704:  ADDWF  x5F,W
07706:  MOVWF  FEA
07708:  MOVFF  FEF,759
0770C:  MOVLB  0
....................    
....................    if (!arg_is_float(SERcmd[rec].p[4])) return INV_PARAM;
0770E:  MOVLB  7
07710:  CLRF   x94
07712:  MOVFF  6E2,793
07716:  CLRF   x96
07718:  MOVLW  B5
0771A:  MOVWF  x95
0771C:  MOVLB  0
0771E:  CALL   095E
07722:  MOVFF  02,75F
07726:  MOVFF  01,75E
0772A:  MOVLW  06
0772C:  MOVLB  7
0772E:  ADDWF  x5E,F
07730:  MOVLW  00
07732:  ADDWFC x5F,F
07734:  MOVLW  64
07736:  ADDWF  x5E,W
07738:  MOVWF  01
0773A:  MOVLW  00
0773C:  ADDWFC x5F,W
0773E:  MOVWF  03
07740:  MOVF   01,W
07742:  MOVLW  02
07744:  ADDWF  03,F
07746:  MOVFF  01,75E
0774A:  MOVFF  03,75F
0774E:  MOVFF  03,762
07752:  MOVFF  01,761
07756:  MOVLB  0
07758:  RCALL  729C
0775A:  MOVF   01,F
0775C:  BNZ   7766
0775E:  MOVLW  02
07760:  MOVWF  01
07762:  BRA    7880
07764:  BRA    77C6
....................    else arg3 = strtod(SERcmd[rec].p[4], '\0');
07766:  MOVLB  7
07768:  CLRF   x94
0776A:  MOVFF  6E2,793
0776E:  CLRF   x96
07770:  MOVLW  B5
07772:  MOVWF  x95
07774:  MOVLB  0
07776:  CALL   095E
0777A:  MOVFF  02,75F
0777E:  MOVFF  01,75E
07782:  MOVLW  06
07784:  MOVLB  7
07786:  ADDWF  x5E,F
07788:  MOVLW  00
0778A:  ADDWFC x5F,F
0778C:  MOVLW  64
0778E:  ADDWF  x5E,W
07790:  MOVWF  01
07792:  MOVLW  00
07794:  ADDWFC x5F,W
07796:  MOVWF  03
07798:  MOVF   01,W
0779A:  MOVLW  02
0779C:  ADDWF  03,F
0779E:  MOVFF  01,75E
077A2:  MOVFF  03,75F
077A6:  MOVFF  03,762
077AA:  MOVFF  01,761
077AE:  CLRF   x64
077B0:  CLRF   x63
077B2:  MOVLB  0
077B4:  RCALL  735E
077B6:  MOVFF  03,75D
077BA:  MOVFF  02,75C
077BE:  MOVFF  01,75B
077C2:  MOVFF  00,75A
....................    
....................    /*** SET P, I, or D VALUE **********/
....................    if      ('P' == arg2) PID[arg1-1].kP = arg3;
077C6:  MOVLB  7
077C8:  MOVF   x59,W
077CA:  SUBLW  50
077CC:  BNZ   77F8
077CE:  MOVLW  01
077D0:  SUBWF  x58,W
077D2:  MULLW  28
077D4:  MOVF   FF3,W
077D6:  CLRF   x5F
077D8:  MOVWF  x5E
077DA:  MOVLW  35
077DC:  ADDWF  x5E,W
077DE:  MOVWF  FE9
077E0:  MOVLW  00
077E2:  ADDWFC x5F,W
077E4:  MOVWF  FEA
077E6:  MOVFF  75A,FEF
077EA:  MOVFF  75B,FEC
077EE:  MOVFF  75C,FEC
077F2:  MOVFF  75D,FEC
077F6:  BRA    787A
....................    else if ('I' == arg2) PID[arg1-1].kI = arg3;
077F8:  MOVF   x59,W
077FA:  SUBLW  49
077FC:  BNZ   7834
077FE:  MOVLW  01
07800:  SUBWF  x58,W
07802:  MULLW  28
07804:  MOVF   FF3,W
07806:  CLRF   x5F
07808:  MOVWF  x5E
0780A:  MOVLW  04
0780C:  ADDWF  x5E,W
0780E:  MOVWF  01
07810:  MOVLW  00
07812:  ADDWFC x5F,W
07814:  MOVWF  03
07816:  MOVF   01,W
07818:  ADDLW  35
0781A:  MOVWF  FE9
0781C:  MOVLW  00
0781E:  ADDWFC 03,W
07820:  MOVWF  FEA
07822:  MOVFF  75A,FEF
07826:  MOVFF  75B,FEC
0782A:  MOVFF  75C,FEC
0782E:  MOVFF  75D,FEC
07832:  BRA    787A
....................    else if ('D' == arg2) PID[arg1-1].kD = arg3;
07834:  MOVF   x59,W
07836:  SUBLW  44
07838:  BNZ   7870
0783A:  MOVLW  01
0783C:  SUBWF  x58,W
0783E:  MULLW  28
07840:  MOVF   FF3,W
07842:  CLRF   x5F
07844:  MOVWF  x5E
07846:  MOVLW  08
07848:  ADDWF  x5E,W
0784A:  MOVWF  01
0784C:  MOVLW  00
0784E:  ADDWFC x5F,W
07850:  MOVWF  03
07852:  MOVF   01,W
07854:  ADDLW  35
07856:  MOVWF  FE9
07858:  MOVLW  00
0785A:  ADDWFC 03,W
0785C:  MOVWF  FEA
0785E:  MOVFF  75A,FEF
07862:  MOVFF  75B,FEC
07866:  MOVFF  75C,FEC
0786A:  MOVFF  75D,FEC
0786E:  BRA    787A
....................    else return INV_PARAM;
07870:  MOVLW  02
07872:  MOVWF  01
07874:  MOVLB  0
07876:  BRA    7880
07878:  MOVLB  7
....................    
....................    return SUCCESS;
0787A:  MOVLW  00
0787C:  MOVWF  01
0787E:  MOVLB  0
07880:  RETURN 0
.................... }
.................... 
.................... int8 enablePID(unsigned int8 rec){
....................    /*** ARG CHECKS ********************/
....................    int8  arg1;
....................    
....................    if (!is_valid_channel(SERcmd[rec].p[2])) return INV_PARAM;
07882:  MOVLB  7
07884:  CLRF   x94
07886:  MOVFF  6E2,793
0788A:  CLRF   x96
0788C:  MOVLW  B5
0788E:  MOVWF  x95
07890:  MOVLB  0
07892:  CALL   095E
07896:  MOVFF  02,75A
0789A:  MOVFF  01,759
0789E:  MOVLW  06
078A0:  MOVLB  7
078A2:  ADDWF  x59,F
078A4:  MOVLW  00
078A6:  ADDWFC x5A,F
078A8:  MOVLW  32
078AA:  ADDWF  x59,W
078AC:  MOVWF  01
078AE:  MOVLW  00
078B0:  ADDWFC x5A,W
078B2:  MOVWF  03
078B4:  MOVF   01,W
078B6:  MOVLW  02
078B8:  ADDWF  03,F
078BA:  MOVFF  01,759
078BE:  MOVFF  03,75A
078C2:  MOVFF  03,78A
078C6:  MOVFF  01,789
078CA:  MOVLB  0
078CC:  CALL   5F6E
078D0:  MOVF   01,F
078D2:  BNZ   78DC
078D4:  MOVLW  02
078D6:  MOVWF  01
078D8:  BRA    793A
078DA:  BRA    7936
....................    else arg1 = strtoul(SERcmd[rec].p[2],'\0',10);
078DC:  MOVLB  7
078DE:  CLRF   x94
078E0:  MOVFF  6E2,793
078E4:  CLRF   x96
078E6:  MOVLW  B5
078E8:  MOVWF  x95
078EA:  MOVLB  0
078EC:  CALL   095E
078F0:  MOVFF  02,75A
078F4:  MOVFF  01,759
078F8:  MOVLW  06
078FA:  MOVLB  7
078FC:  ADDWF  x59,F
078FE:  MOVLW  00
07900:  ADDWFC x5A,F
07902:  MOVLW  32
07904:  ADDWF  x59,W
07906:  MOVWF  01
07908:  MOVLW  00
0790A:  ADDWFC x5A,W
0790C:  MOVWF  03
0790E:  MOVF   01,W
07910:  MOVLW  02
07912:  ADDWF  03,F
07914:  MOVFF  01,759
07918:  MOVFF  03,75A
0791C:  MOVFF  03,78A
07920:  MOVFF  01,789
07924:  CLRF   x8C
07926:  CLRF   x8B
07928:  MOVLW  0A
0792A:  MOVWF  x8D
0792C:  MOVLB  0
0792E:  CALL   605E
07932:  MOVFF  01,758
....................    
....................    // @FLAG: not yet implemented
....................    
....................    return SUCCESS;
07936:  MOVLW  00
07938:  MOVWF  01
0793A:  RETURN 0
.................... 
.................... }
.................... 
.................... int8 disablePID(unsigned int8 rec){
....................    /*** ARG CHECKS ********************/
....................    int8  arg1;
....................    
....................    if (!is_valid_channel(SERcmd[rec].p[2])) return INV_PARAM;
0793C:  MOVLB  7
0793E:  CLRF   x94
07940:  MOVFF  6E2,793
07944:  CLRF   x96
07946:  MOVLW  B5
07948:  MOVWF  x95
0794A:  MOVLB  0
0794C:  CALL   095E
07950:  MOVFF  02,75A
07954:  MOVFF  01,759
07958:  MOVLW  06
0795A:  MOVLB  7
0795C:  ADDWF  x59,F
0795E:  MOVLW  00
07960:  ADDWFC x5A,F
07962:  MOVLW  32
07964:  ADDWF  x59,W
07966:  MOVWF  01
07968:  MOVLW  00
0796A:  ADDWFC x5A,W
0796C:  MOVWF  03
0796E:  MOVF   01,W
07970:  MOVLW  02
07972:  ADDWF  03,F
07974:  MOVFF  01,759
07978:  MOVFF  03,75A
0797C:  MOVFF  03,78A
07980:  MOVFF  01,789
07984:  MOVLB  0
07986:  CALL   5F6E
0798A:  MOVF   01,F
0798C:  BNZ   7996
0798E:  MOVLW  02
07990:  MOVWF  01
07992:  BRA    79F4
07994:  BRA    79F0
....................    else arg1 = strtoul(SERcmd[rec].p[2],'\0',10);
07996:  MOVLB  7
07998:  CLRF   x94
0799A:  MOVFF  6E2,793
0799E:  CLRF   x96
079A0:  MOVLW  B5
079A2:  MOVWF  x95
079A4:  MOVLB  0
079A6:  CALL   095E
079AA:  MOVFF  02,75A
079AE:  MOVFF  01,759
079B2:  MOVLW  06
079B4:  MOVLB  7
079B6:  ADDWF  x59,F
079B8:  MOVLW  00
079BA:  ADDWFC x5A,F
079BC:  MOVLW  32
079BE:  ADDWF  x59,W
079C0:  MOVWF  01
079C2:  MOVLW  00
079C4:  ADDWFC x5A,W
079C6:  MOVWF  03
079C8:  MOVF   01,W
079CA:  MOVLW  02
079CC:  ADDWF  03,F
079CE:  MOVFF  01,759
079D2:  MOVFF  03,75A
079D6:  MOVFF  03,78A
079DA:  MOVFF  01,789
079DE:  CLRF   x8C
079E0:  CLRF   x8B
079E2:  MOVLW  0A
079E4:  MOVWF  x8D
079E6:  MOVLB  0
079E8:  CALL   605E
079EC:  MOVFF  01,758
....................    
....................    // @FLAG: not yet implemented
....................    
....................    return SUCCESS;
079F0:  MOVLW  00
079F2:  MOVWF  01
079F4:  RETURN 0
.................... 
.................... }
.................... 
.................... int8 getSetPoint(unsigned int8 rec){
....................    /*** ARG CHECKS ********************/
....................    int8  arg1;
....................    
....................    if (!is_valid_channel(SERcmd[rec].p[2])) return INV_PARAM;
079F6:  MOVLB  7
079F8:  CLRF   x94
079FA:  MOVFF  6E2,793
079FE:  CLRF   x96
07A00:  MOVLW  B5
07A02:  MOVWF  x95
07A04:  MOVLB  0
07A06:  CALL   095E
07A0A:  MOVFF  02,75A
07A0E:  MOVFF  01,759
07A12:  MOVLW  06
07A14:  MOVLB  7
07A16:  ADDWF  x59,F
07A18:  MOVLW  00
07A1A:  ADDWFC x5A,F
07A1C:  MOVLW  32
07A1E:  ADDWF  x59,W
07A20:  MOVWF  01
07A22:  MOVLW  00
07A24:  ADDWFC x5A,W
07A26:  MOVWF  03
07A28:  MOVF   01,W
07A2A:  MOVLW  02
07A2C:  ADDWF  03,F
07A2E:  MOVFF  01,759
07A32:  MOVFF  03,75A
07A36:  MOVFF  03,78A
07A3A:  MOVFF  01,789
07A3E:  MOVLB  0
07A40:  CALL   5F6E
07A44:  MOVF   01,F
07A46:  BNZ   7A50
07A48:  MOVLW  02
07A4A:  MOVWF  01
07A4C:  BRA    7B4E
07A4E:  BRA    7AAA
....................    else arg1 = strtoul(SERcmd[rec].p[2],'\0',10);
07A50:  MOVLB  7
07A52:  CLRF   x94
07A54:  MOVFF  6E2,793
07A58:  CLRF   x96
07A5A:  MOVLW  B5
07A5C:  MOVWF  x95
07A5E:  MOVLB  0
07A60:  CALL   095E
07A64:  MOVFF  02,75A
07A68:  MOVFF  01,759
07A6C:  MOVLW  06
07A6E:  MOVLB  7
07A70:  ADDWF  x59,F
07A72:  MOVLW  00
07A74:  ADDWFC x5A,F
07A76:  MOVLW  32
07A78:  ADDWF  x59,W
07A7A:  MOVWF  01
07A7C:  MOVLW  00
07A7E:  ADDWFC x5A,W
07A80:  MOVWF  03
07A82:  MOVF   01,W
07A84:  MOVLW  02
07A86:  ADDWF  03,F
07A88:  MOVFF  01,759
07A8C:  MOVFF  03,75A
07A90:  MOVFF  03,78A
07A94:  MOVFF  01,789
07A98:  CLRF   x8C
07A9A:  CLRF   x8B
07A9C:  MOVLW  0A
07A9E:  MOVWF  x8D
07AA0:  MOVLB  0
07AA2:  CALL   605E
07AA6:  MOVFF  01,758
....................    
....................    /*** GET SETPOINT ******************/ 
....................    sprintf(retData+strlen(retData), "%d,%f,", arg1, PID[arg1-1].SP);
07AAA:  MOVLW  04
07AAC:  MOVLB  7
07AAE:  MOVWF  x8F
07AB0:  MOVLW  D6
07AB2:  MOVWF  x8E
07AB4:  MOVLB  0
07AB6:  CALL   5D8E
07ABA:  MOVF   01,W
07ABC:  ADDLW  D6
07ABE:  MOVLB  7
07AC0:  MOVWF  x59
07AC2:  MOVLW  04
07AC4:  ADDWFC 02,W
07AC6:  MOVWF  x5A
07AC8:  MOVLW  01
07ACA:  SUBWF  x58,W
07ACC:  MULLW  28
07ACE:  MOVF   FF3,W
07AD0:  CLRF   x5C
07AD2:  MOVWF  x5B
07AD4:  MOVLW  0C
07AD6:  ADDWF  x5B,W
07AD8:  MOVWF  01
07ADA:  MOVLW  00
07ADC:  ADDWFC x5C,W
07ADE:  MOVWF  03
07AE0:  MOVF   01,W
07AE2:  ADDLW  35
07AE4:  MOVWF  FE9
07AE6:  MOVLW  00
07AE8:  ADDWFC 03,W
07AEA:  MOVWF  FEA
07AEC:  MOVFF  FEF,75B
07AF0:  MOVFF  FEC,75C
07AF4:  MOVFF  FEC,75D
07AF8:  MOVFF  FEC,75E
07AFC:  MOVFF  75A,57A
07B00:  MOVFF  759,579
07B04:  MOVFF  758,78D
07B08:  MOVLW  18
07B0A:  MOVWF  x8E
07B0C:  MOVLB  0
07B0E:  CALL   63B2
07B12:  MOVLW  2C
07B14:  MOVLB  7
07B16:  MOVWF  x9D
07B18:  MOVLB  0
07B1A:  CALL   5DC6
07B1E:  MOVLW  89
07B20:  MOVWF  FE9
07B22:  MOVFF  75E,793
07B26:  MOVFF  75D,792
07B2A:  MOVFF  75C,791
07B2E:  MOVFF  75B,790
07B32:  MOVLW  02
07B34:  MOVLB  7
07B36:  MOVWF  x94
07B38:  MOVLB  0
07B3A:  CALL   6C44
07B3E:  MOVLW  2C
07B40:  MOVLB  7
07B42:  MOVWF  x9D
07B44:  MOVLB  0
07B46:  CALL   5DC6
....................    return SUCCESS;
07B4A:  MOVLW  00
07B4C:  MOVWF  01
07B4E:  RETURN 0
.................... }
.................... 
.................... int8 setSetPoint(unsigned int8 rec){
....................    /*** ARG CHECKS ********************/   
....................    int8  arg1;
....................    float arg2;
....................    
....................    if (!is_valid_channel(SERcmd[rec].p[2])) return INV_PARAM;
07B50:  MOVLB  7
07B52:  CLRF   x94
07B54:  MOVFF  6E2,793
07B58:  CLRF   x96
07B5A:  MOVLW  B5
07B5C:  MOVWF  x95
07B5E:  MOVLB  0
07B60:  CALL   095E
07B64:  MOVFF  02,75E
07B68:  MOVFF  01,75D
07B6C:  MOVLW  06
07B6E:  MOVLB  7
07B70:  ADDWF  x5D,F
07B72:  MOVLW  00
07B74:  ADDWFC x5E,F
07B76:  MOVLW  32
07B78:  ADDWF  x5D,W
07B7A:  MOVWF  01
07B7C:  MOVLW  00
07B7E:  ADDWFC x5E,W
07B80:  MOVWF  03
07B82:  MOVF   01,W
07B84:  MOVLW  02
07B86:  ADDWF  03,F
07B88:  MOVFF  01,75D
07B8C:  MOVFF  03,75E
07B90:  MOVFF  03,78A
07B94:  MOVFF  01,789
07B98:  MOVLB  0
07B9A:  CALL   5F6E
07B9E:  MOVF   01,F
07BA0:  BNZ   7BAA
07BA2:  MOVLW  02
07BA4:  MOVWF  01
07BA6:  BRA    7CFC
07BA8:  BRA    7C04
....................    else arg1 = strtoul(SERcmd[rec].p[2],'\0',10);
07BAA:  MOVLB  7
07BAC:  CLRF   x94
07BAE:  MOVFF  6E2,793
07BB2:  CLRF   x96
07BB4:  MOVLW  B5
07BB6:  MOVWF  x95
07BB8:  MOVLB  0
07BBA:  CALL   095E
07BBE:  MOVFF  02,75E
07BC2:  MOVFF  01,75D
07BC6:  MOVLW  06
07BC8:  MOVLB  7
07BCA:  ADDWF  x5D,F
07BCC:  MOVLW  00
07BCE:  ADDWFC x5E,F
07BD0:  MOVLW  32
07BD2:  ADDWF  x5D,W
07BD4:  MOVWF  01
07BD6:  MOVLW  00
07BD8:  ADDWFC x5E,W
07BDA:  MOVWF  03
07BDC:  MOVF   01,W
07BDE:  MOVLW  02
07BE0:  ADDWF  03,F
07BE2:  MOVFF  01,75D
07BE6:  MOVFF  03,75E
07BEA:  MOVFF  03,78A
07BEE:  MOVFF  01,789
07BF2:  CLRF   x8C
07BF4:  CLRF   x8B
07BF6:  MOVLW  0A
07BF8:  MOVWF  x8D
07BFA:  MOVLB  0
07BFC:  CALL   605E
07C00:  MOVFF  01,758
....................    
....................    if (!arg_is_float(SERcmd[rec].p[3])) return INV_PARAM;
07C04:  MOVLB  7
07C06:  CLRF   x94
07C08:  MOVFF  6E2,793
07C0C:  CLRF   x96
07C0E:  MOVLW  B5
07C10:  MOVWF  x95
07C12:  MOVLB  0
07C14:  CALL   095E
07C18:  MOVFF  02,75E
07C1C:  MOVFF  01,75D
07C20:  MOVLW  06
07C22:  MOVLB  7
07C24:  ADDWF  x5D,F
07C26:  MOVLW  00
07C28:  ADDWFC x5E,F
07C2A:  MOVLW  4B
07C2C:  ADDWF  x5D,W
07C2E:  MOVWF  01
07C30:  MOVLW  00
07C32:  ADDWFC x5E,W
07C34:  MOVWF  03
07C36:  MOVF   01,W
07C38:  MOVLW  02
07C3A:  ADDWF  03,F
07C3C:  MOVFF  01,75D
07C40:  MOVFF  03,75E
07C44:  MOVFF  03,762
07C48:  MOVFF  01,761
07C4C:  MOVLB  0
07C4E:  CALL   729C
07C52:  MOVF   01,F
07C54:  BNZ   7C5E
07C56:  MOVLW  02
07C58:  MOVWF  01
07C5A:  BRA    7CFC
07C5C:  BRA    7CC0
....................    else arg2 = strtod(SERcmd[rec].p[3], '\0');
07C5E:  MOVLB  7
07C60:  CLRF   x94
07C62:  MOVFF  6E2,793
07C66:  CLRF   x96
07C68:  MOVLW  B5
07C6A:  MOVWF  x95
07C6C:  MOVLB  0
07C6E:  CALL   095E
07C72:  MOVFF  02,75E
07C76:  MOVFF  01,75D
07C7A:  MOVLW  06
07C7C:  MOVLB  7
07C7E:  ADDWF  x5D,F
07C80:  MOVLW  00
07C82:  ADDWFC x5E,F
07C84:  MOVLW  4B
07C86:  ADDWF  x5D,W
07C88:  MOVWF  01
07C8A:  MOVLW  00
07C8C:  ADDWFC x5E,W
07C8E:  MOVWF  03
07C90:  MOVF   01,W
07C92:  MOVLW  02
07C94:  ADDWF  03,F
07C96:  MOVFF  01,75D
07C9A:  MOVFF  03,75E
07C9E:  MOVFF  03,762
07CA2:  MOVFF  01,761
07CA6:  CLRF   x64
07CA8:  CLRF   x63
07CAA:  MOVLB  0
07CAC:  CALL   735E
07CB0:  MOVFF  03,75C
07CB4:  MOVFF  02,75B
07CB8:  MOVFF  01,75A
07CBC:  MOVFF  00,759
....................    
....................    /*** SET SETPOINT ******************/ 
....................    PID[arg1-1].SP = arg2;
07CC0:  MOVLW  01
07CC2:  MOVLB  7
07CC4:  SUBWF  x58,W
07CC6:  MULLW  28
07CC8:  MOVF   FF3,W
07CCA:  CLRF   x5E
07CCC:  MOVWF  x5D
07CCE:  MOVLW  0C
07CD0:  ADDWF  x5D,W
07CD2:  MOVWF  01
07CD4:  MOVLW  00
07CD6:  ADDWFC x5E,W
07CD8:  MOVWF  03
07CDA:  MOVF   01,W
07CDC:  ADDLW  35
07CDE:  MOVWF  FE9
07CE0:  MOVLW  00
07CE2:  ADDWFC 03,W
07CE4:  MOVWF  FEA
07CE6:  MOVFF  759,FEF
07CEA:  MOVFF  75A,FEC
07CEE:  MOVFF  75B,FEC
07CF2:  MOVFF  75C,FEC
....................    
....................    return SUCCESS;
07CF6:  MOVLW  00
07CF8:  MOVWF  01
07CFA:  MOVLB  0
07CFC:  RETURN 0
.................... }
.................... 
.................... int8 getAllSensorCalParams(unsigned int8 rec){
....................    /*** ARG CHECKS ********************/
....................    int8  arg1;
....................    
....................    if (!is_valid_channel(SERcmd[rec].p[2])) return INV_PARAM;
07CFE:  MOVLB  7
07D00:  CLRF   x94
07D02:  MOVFF  6E2,793
07D06:  CLRF   x96
07D08:  MOVLW  B5
07D0A:  MOVWF  x95
07D0C:  MOVLB  0
07D0E:  CALL   095E
07D12:  MOVFF  02,75A
07D16:  MOVFF  01,759
07D1A:  MOVLW  06
07D1C:  MOVLB  7
07D1E:  ADDWF  x59,F
07D20:  MOVLW  00
07D22:  ADDWFC x5A,F
07D24:  MOVLW  32
07D26:  ADDWF  x59,W
07D28:  MOVWF  01
07D2A:  MOVLW  00
07D2C:  ADDWFC x5A,W
07D2E:  MOVWF  03
07D30:  MOVF   01,W
07D32:  MOVLW  02
07D34:  ADDWF  03,F
07D36:  MOVFF  01,759
07D3A:  MOVFF  03,75A
07D3E:  MOVFF  03,78A
07D42:  MOVFF  01,789
07D46:  MOVLB  0
07D48:  CALL   5F6E
07D4C:  MOVF   01,F
07D4E:  BNZ   7D58
07D50:  MOVLW  02
07D52:  MOVWF  01
07D54:  BRA    80AA
07D56:  BRA    7DB2
....................    else arg1 = strtoul(SERcmd[rec].p[2],'\0',10);
07D58:  MOVLB  7
07D5A:  CLRF   x94
07D5C:  MOVFF  6E2,793
07D60:  CLRF   x96
07D62:  MOVLW  B5
07D64:  MOVWF  x95
07D66:  MOVLB  0
07D68:  CALL   095E
07D6C:  MOVFF  02,75A
07D70:  MOVFF  01,759
07D74:  MOVLW  06
07D76:  MOVLB  7
07D78:  ADDWF  x59,F
07D7A:  MOVLW  00
07D7C:  ADDWFC x5A,F
07D7E:  MOVLW  32
07D80:  ADDWF  x59,W
07D82:  MOVWF  01
07D84:  MOVLW  00
07D86:  ADDWFC x5A,W
07D88:  MOVWF  03
07D8A:  MOVF   01,W
07D8C:  MOVLW  02
07D8E:  ADDWF  03,F
07D90:  MOVFF  01,759
07D94:  MOVFF  03,75A
07D98:  MOVFF  03,78A
07D9C:  MOVFF  01,789
07DA0:  CLRF   x8C
07DA2:  CLRF   x8B
07DA4:  MOVLW  0A
07DA6:  MOVWF  x8D
07DA8:  MOVLB  0
07DAA:  CALL   605E
07DAE:  MOVFF  01,758
....................    
....................    /*** GET ALL SENSOR CAL PARAMS *****/
....................    sprintf(retData+strlen(retData), "%d,", arg1);
07DB2:  MOVLW  04
07DB4:  MOVLB  7
07DB6:  MOVWF  x8F
07DB8:  MOVLW  D6
07DBA:  MOVWF  x8E
07DBC:  MOVLB  0
07DBE:  CALL   5D8E
07DC2:  MOVFF  02,03
07DC6:  MOVF   01,W
07DC8:  ADDLW  D6
07DCA:  MOVLB  7
07DCC:  MOVWF  x59
07DCE:  MOVLW  04
07DD0:  ADDWFC 02,W
07DD2:  MOVWF  x5A
07DD4:  MOVFF  FE8,57A
07DD8:  MOVFF  759,579
07DDC:  MOVFF  758,78D
07DE0:  MOVLW  18
07DE2:  MOVWF  x8E
07DE4:  MOVLB  0
07DE6:  CALL   63B2
07DEA:  MOVLW  2C
07DEC:  MOVLB  7
07DEE:  MOVWF  x9D
07DF0:  MOVLB  0
07DF2:  CALL   5DC6
....................    sprintf(retData+strlen(retData), "%.5f,", sensorCal[arg1-1].c0);
07DF6:  MOVLW  04
07DF8:  MOVLB  7
07DFA:  MOVWF  x8F
07DFC:  MOVLW  D6
07DFE:  MOVWF  x8E
07E00:  MOVLB  0
07E02:  CALL   5D8E
07E06:  MOVFF  02,03
07E0A:  MOVF   01,W
07E0C:  ADDLW  D6
07E0E:  MOVLB  7
07E10:  MOVWF  x59
07E12:  MOVLW  04
07E14:  ADDWFC 02,W
07E16:  MOVWF  x5A
07E18:  MOVLW  01
07E1A:  SUBWF  x58,W
07E1C:  MULLW  18
07E1E:  MOVF   FF3,W
07E20:  CLRF   x5C
07E22:  MOVWF  x5B
07E24:  MOVLW  A7
07E26:  ADDWF  x5B,W
07E28:  MOVWF  FE9
07E2A:  MOVLW  00
07E2C:  ADDWFC x5C,W
07E2E:  MOVWF  FEA
07E30:  MOVFF  FEF,790
07E34:  MOVFF  FEC,791
07E38:  MOVFF  FEC,792
07E3C:  MOVFF  FEC,793
07E40:  MOVFF  75A,57A
07E44:  MOVFF  759,579
07E48:  MOVLW  89
07E4A:  MOVWF  FE9
07E4C:  MOVLW  05
07E4E:  MOVWF  x94
07E50:  MOVLB  0
07E52:  CALL   6C44
07E56:  MOVLW  2C
07E58:  MOVLB  7
07E5A:  MOVWF  x9D
07E5C:  MOVLB  0
07E5E:  CALL   5DC6
....................    sprintf(retData+strlen(retData), "%.5f,", sensorCal[arg1-1].c1);
07E62:  MOVLW  04
07E64:  MOVLB  7
07E66:  MOVWF  x8F
07E68:  MOVLW  D6
07E6A:  MOVWF  x8E
07E6C:  MOVLB  0
07E6E:  CALL   5D8E
07E72:  MOVF   01,W
07E74:  ADDLW  D6
07E76:  MOVLB  7
07E78:  MOVWF  x59
07E7A:  MOVLW  04
07E7C:  ADDWFC 02,W
07E7E:  MOVWF  x5A
07E80:  MOVLW  01
07E82:  SUBWF  x58,W
07E84:  MULLW  18
07E86:  MOVF   FF3,W
07E88:  CLRF   x5C
07E8A:  MOVWF  x5B
07E8C:  MOVLW  04
07E8E:  ADDWF  x5B,W
07E90:  MOVWF  01
07E92:  MOVLW  00
07E94:  ADDWFC x5C,W
07E96:  MOVWF  03
07E98:  MOVF   01,W
07E9A:  ADDLW  A7
07E9C:  MOVWF  FE9
07E9E:  MOVLW  00
07EA0:  ADDWFC 03,W
07EA2:  MOVWF  FEA
07EA4:  MOVFF  FEF,790
07EA8:  MOVFF  FEC,791
07EAC:  MOVFF  FEC,792
07EB0:  MOVFF  FEC,793
07EB4:  MOVFF  75A,57A
07EB8:  MOVFF  759,579
07EBC:  MOVLW  89
07EBE:  MOVWF  FE9
07EC0:  MOVLW  05
07EC2:  MOVWF  x94
07EC4:  MOVLB  0
07EC6:  CALL   6C44
07ECA:  MOVLW  2C
07ECC:  MOVLB  7
07ECE:  MOVWF  x9D
07ED0:  MOVLB  0
07ED2:  CALL   5DC6
....................    sprintf(retData+strlen(retData), "%.5f,", sensorCal[arg1-1].c2);
07ED6:  MOVLW  04
07ED8:  MOVLB  7
07EDA:  MOVWF  x8F
07EDC:  MOVLW  D6
07EDE:  MOVWF  x8E
07EE0:  MOVLB  0
07EE2:  CALL   5D8E
07EE6:  MOVF   01,W
07EE8:  ADDLW  D6
07EEA:  MOVLB  7
07EEC:  MOVWF  x59
07EEE:  MOVLW  04
07EF0:  ADDWFC 02,W
07EF2:  MOVWF  x5A
07EF4:  MOVLW  01
07EF6:  SUBWF  x58,W
07EF8:  MULLW  18
07EFA:  MOVF   FF3,W
07EFC:  CLRF   x5C
07EFE:  MOVWF  x5B
07F00:  MOVLW  08
07F02:  ADDWF  x5B,W
07F04:  MOVWF  01
07F06:  MOVLW  00
07F08:  ADDWFC x5C,W
07F0A:  MOVWF  03
07F0C:  MOVF   01,W
07F0E:  ADDLW  A7
07F10:  MOVWF  FE9
07F12:  MOVLW  00
07F14:  ADDWFC 03,W
07F16:  MOVWF  FEA
07F18:  MOVFF  FEF,790
07F1C:  MOVFF  FEC,791
07F20:  MOVFF  FEC,792
07F24:  MOVFF  FEC,793
07F28:  MOVFF  75A,57A
07F2C:  MOVFF  759,579
07F30:  MOVLW  89
07F32:  MOVWF  FE9
07F34:  MOVLW  05
07F36:  MOVWF  x94
07F38:  MOVLB  0
07F3A:  CALL   6C44
07F3E:  MOVLW  2C
07F40:  MOVLB  7
07F42:  MOVWF  x9D
07F44:  MOVLB  0
07F46:  CALL   5DC6
....................    sprintf(retData+strlen(retData), "%.5f,", sensorCal[arg1-1].c3);
07F4A:  MOVLW  04
07F4C:  MOVLB  7
07F4E:  MOVWF  x8F
07F50:  MOVLW  D6
07F52:  MOVWF  x8E
07F54:  MOVLB  0
07F56:  CALL   5D8E
07F5A:  MOVF   01,W
07F5C:  ADDLW  D6
07F5E:  MOVLB  7
07F60:  MOVWF  x59
07F62:  MOVLW  04
07F64:  ADDWFC 02,W
07F66:  MOVWF  x5A
07F68:  MOVLW  01
07F6A:  SUBWF  x58,W
07F6C:  MULLW  18
07F6E:  MOVF   FF3,W
07F70:  CLRF   x5C
07F72:  MOVWF  x5B
07F74:  MOVLW  0C
07F76:  ADDWF  x5B,W
07F78:  MOVWF  01
07F7A:  MOVLW  00
07F7C:  ADDWFC x5C,W
07F7E:  MOVWF  03
07F80:  MOVF   01,W
07F82:  ADDLW  A7
07F84:  MOVWF  FE9
07F86:  MOVLW  00
07F88:  ADDWFC 03,W
07F8A:  MOVWF  FEA
07F8C:  MOVFF  FEF,790
07F90:  MOVFF  FEC,791
07F94:  MOVFF  FEC,792
07F98:  MOVFF  FEC,793
07F9C:  MOVFF  75A,57A
07FA0:  MOVFF  759,579
07FA4:  MOVLW  89
07FA6:  MOVWF  FE9
07FA8:  MOVLW  05
07FAA:  MOVWF  x94
07FAC:  MOVLB  0
07FAE:  CALL   6C44
07FB2:  MOVLW  2C
07FB4:  MOVLB  7
07FB6:  MOVWF  x9D
07FB8:  MOVLB  0
07FBA:  CALL   5DC6
....................    sprintf(retData+strlen(retData), "%.5f,", sensorCal[arg1-1].c4);
07FBE:  MOVLW  04
07FC0:  MOVLB  7
07FC2:  MOVWF  x8F
07FC4:  MOVLW  D6
07FC6:  MOVWF  x8E
07FC8:  MOVLB  0
07FCA:  CALL   5D8E
07FCE:  MOVF   01,W
07FD0:  ADDLW  D6
07FD2:  MOVLB  7
07FD4:  MOVWF  x59
07FD6:  MOVLW  04
07FD8:  ADDWFC 02,W
07FDA:  MOVWF  x5A
07FDC:  MOVLW  01
07FDE:  SUBWF  x58,W
07FE0:  MULLW  18
07FE2:  MOVF   FF3,W
07FE4:  CLRF   x5C
07FE6:  MOVWF  x5B
07FE8:  MOVLW  10
07FEA:  ADDWF  x5B,W
07FEC:  MOVWF  01
07FEE:  MOVLW  00
07FF0:  ADDWFC x5C,W
07FF2:  MOVWF  03
07FF4:  MOVF   01,W
07FF6:  ADDLW  A7
07FF8:  MOVWF  FE9
07FFA:  MOVLW  00
07FFC:  ADDWFC 03,W
07FFE:  MOVWF  FEA
08000:  MOVFF  FEF,790
08004:  MOVFF  FEC,791
08008:  MOVFF  FEC,792
0800C:  MOVFF  FEC,793
08010:  MOVFF  75A,57A
08014:  MOVFF  759,579
08018:  MOVLW  89
0801A:  MOVWF  FE9
0801C:  MOVLW  05
0801E:  MOVWF  x94
08020:  MOVLB  0
08022:  CALL   6C44
08026:  MOVLW  2C
08028:  MOVLB  7
0802A:  MOVWF  x9D
0802C:  MOVLB  0
0802E:  CALL   5DC6
....................    sprintf(retData+strlen(retData), "%.5f,", sensorCal[arg1-1].c5);
08032:  MOVLW  04
08034:  MOVLB  7
08036:  MOVWF  x8F
08038:  MOVLW  D6
0803A:  MOVWF  x8E
0803C:  MOVLB  0
0803E:  CALL   5D8E
08042:  MOVF   01,W
08044:  ADDLW  D6
08046:  MOVLB  7
08048:  MOVWF  x59
0804A:  MOVLW  04
0804C:  ADDWFC 02,W
0804E:  MOVWF  x5A
08050:  MOVLW  01
08052:  SUBWF  x58,W
08054:  MULLW  18
08056:  MOVF   FF3,W
08058:  CLRF   x5C
0805A:  MOVWF  x5B
0805C:  MOVLW  14
0805E:  ADDWF  x5B,W
08060:  MOVWF  01
08062:  MOVLW  00
08064:  ADDWFC x5C,W
08066:  MOVWF  03
08068:  MOVF   01,W
0806A:  ADDLW  A7
0806C:  MOVWF  FE9
0806E:  MOVLW  00
08070:  ADDWFC 03,W
08072:  MOVWF  FEA
08074:  MOVFF  FEF,790
08078:  MOVFF  FEC,791
0807C:  MOVFF  FEC,792
08080:  MOVFF  FEC,793
08084:  MOVFF  75A,57A
08088:  MOVFF  759,579
0808C:  MOVLW  89
0808E:  MOVWF  FE9
08090:  MOVLW  05
08092:  MOVWF  x94
08094:  MOVLB  0
08096:  CALL   6C44
0809A:  MOVLW  2C
0809C:  MOVLB  7
0809E:  MOVWF  x9D
080A0:  MOVLB  0
080A2:  CALL   5DC6
....................    
....................    return SUCCESS;
080A6:  MOVLW  00
080A8:  MOVWF  01
080AA:  RETURN 0
.................... }
.................... 
.................... int8 getSensorCalParam(unsigned int8 rec){
....................    /*** ARG CHECKS ********************/
....................    int8 arg1;
....................    char arg2;
....................    
....................    if (!is_valid_channel(SERcmd[rec].p[2])) return INV_PARAM;
080AC:  MOVLB  7
080AE:  CLRF   x94
080B0:  MOVFF  6E2,793
080B4:  CLRF   x96
080B6:  MOVLW  B5
080B8:  MOVWF  x95
080BA:  MOVLB  0
080BC:  CALL   095E
080C0:  MOVFF  02,75B
080C4:  MOVFF  01,75A
080C8:  MOVLW  06
080CA:  MOVLB  7
080CC:  ADDWF  x5A,F
080CE:  MOVLW  00
080D0:  ADDWFC x5B,F
080D2:  MOVLW  32
080D4:  ADDWF  x5A,W
080D6:  MOVWF  01
080D8:  MOVLW  00
080DA:  ADDWFC x5B,W
080DC:  MOVWF  03
080DE:  MOVF   01,W
080E0:  MOVLW  02
080E2:  ADDWF  03,F
080E4:  MOVFF  01,75A
080E8:  MOVFF  03,75B
080EC:  MOVFF  03,78A
080F0:  MOVFF  01,789
080F4:  MOVLB  0
080F6:  CALL   5F6E
080FA:  MOVF   01,F
080FC:  BNZ   8106
080FE:  MOVLW  02
08100:  MOVWF  01
08102:  BRA    85F8
08104:  BRA    8160
....................    else arg1 = strtoul(SERcmd[rec].p[2],'\0',10);
08106:  MOVLB  7
08108:  CLRF   x94
0810A:  MOVFF  6E2,793
0810E:  CLRF   x96
08110:  MOVLW  B5
08112:  MOVWF  x95
08114:  MOVLB  0
08116:  CALL   095E
0811A:  MOVFF  02,75B
0811E:  MOVFF  01,75A
08122:  MOVLW  06
08124:  MOVLB  7
08126:  ADDWF  x5A,F
08128:  MOVLW  00
0812A:  ADDWFC x5B,F
0812C:  MOVLW  32
0812E:  ADDWF  x5A,W
08130:  MOVWF  01
08132:  MOVLW  00
08134:  ADDWFC x5B,W
08136:  MOVWF  03
08138:  MOVF   01,W
0813A:  MOVLW  02
0813C:  ADDWF  03,F
0813E:  MOVFF  01,75A
08142:  MOVFF  03,75B
08146:  MOVFF  03,78A
0814A:  MOVFF  01,789
0814E:  CLRF   x8C
08150:  CLRF   x8B
08152:  MOVLW  0A
08154:  MOVWF  x8D
08156:  MOVLB  0
08158:  CALL   605E
0815C:  MOVFF  01,758
....................    
....................    if (1 != strlen(SERcmd[rec].p[3])) return INV_PARAM;
08160:  MOVLB  7
08162:  CLRF   x94
08164:  MOVFF  6E2,793
08168:  CLRF   x96
0816A:  MOVLW  B5
0816C:  MOVWF  x95
0816E:  MOVLB  0
08170:  CALL   095E
08174:  MOVFF  02,75B
08178:  MOVFF  01,75A
0817C:  MOVLW  06
0817E:  MOVLB  7
08180:  ADDWF  x5A,F
08182:  MOVLW  00
08184:  ADDWFC x5B,F
08186:  MOVLW  4B
08188:  ADDWF  x5A,W
0818A:  MOVWF  01
0818C:  MOVLW  00
0818E:  ADDWFC x5B,W
08190:  MOVWF  03
08192:  MOVF   01,W
08194:  MOVLW  02
08196:  ADDWF  03,F
08198:  MOVFF  01,75A
0819C:  MOVFF  03,75B
081A0:  MOVFF  03,78F
081A4:  MOVFF  01,78E
081A8:  MOVLB  0
081AA:  CALL   5D8E
081AE:  MOVFF  02,03
081B2:  MOVF   01,W
081B4:  SUBLW  01
081B6:  BNZ   81BC
081B8:  MOVF   03,F
081BA:  BZ    81C4
081BC:  MOVLW  02
081BE:  MOVWF  01
081C0:  BRA    85F8
081C2:  BRA    8202
....................    else arg2 = SERcmd[rec].p[3][0];
081C4:  MOVLB  7
081C6:  CLRF   x94
081C8:  MOVFF  6E2,793
081CC:  CLRF   x96
081CE:  MOVLW  B5
081D0:  MOVWF  x95
081D2:  MOVLB  0
081D4:  CALL   095E
081D8:  MOVFF  02,75B
081DC:  MOVFF  01,75A
081E0:  MOVLW  06
081E2:  MOVLB  7
081E4:  ADDWF  x5A,F
081E6:  MOVLW  00
081E8:  ADDWFC x5B,F
081EA:  MOVLW  4B
081EC:  ADDWF  x5A,F
081EE:  MOVLW  00
081F0:  ADDWFC x5B,F
081F2:  MOVFF  75A,FE9
081F6:  MOVLW  02
081F8:  ADDWF  x5B,W
081FA:  MOVWF  FEA
081FC:  MOVFF  FEF,759
08200:  MOVLB  0
....................    
....................    /*** GET SENSOR CAL PARAM **********/
....................    if      ('0' == arg2) sprintf(retData+strlen(retData), "%d,%.5f,", arg1, sensorCal[arg1-1].c0);
08202:  MOVLB  7
08204:  MOVF   x59,W
08206:  SUBLW  30
08208:  BNZ   82A4
0820A:  MOVLW  04
0820C:  MOVWF  x8F
0820E:  MOVLW  D6
08210:  MOVWF  x8E
08212:  MOVLB  0
08214:  CALL   5D8E
08218:  MOVFF  02,03
0821C:  MOVF   01,W
0821E:  ADDLW  D6
08220:  MOVLB  7
08222:  MOVWF  x5A
08224:  MOVLW  04
08226:  ADDWFC 02,W
08228:  MOVWF  x5B
0822A:  MOVLW  01
0822C:  SUBWF  x58,W
0822E:  MULLW  18
08230:  MOVF   FF3,W
08232:  CLRF   x5D
08234:  MOVWF  x5C
08236:  MOVLW  A7
08238:  ADDWF  x5C,W
0823A:  MOVWF  FE9
0823C:  MOVLW  00
0823E:  ADDWFC x5D,W
08240:  MOVWF  FEA
08242:  MOVFF  FEF,75E
08246:  MOVFF  FEC,75F
0824A:  MOVFF  FEC,760
0824E:  MOVFF  FEC,761
08252:  MOVFF  75B,57A
08256:  MOVFF  75A,579
0825A:  MOVFF  758,78D
0825E:  MOVLW  18
08260:  MOVWF  x8E
08262:  MOVLB  0
08264:  CALL   63B2
08268:  MOVLW  2C
0826A:  MOVLB  7
0826C:  MOVWF  x9D
0826E:  MOVLB  0
08270:  CALL   5DC6
08274:  MOVLW  89
08276:  MOVWF  FE9
08278:  MOVFF  761,793
0827C:  MOVFF  760,792
08280:  MOVFF  75F,791
08284:  MOVFF  75E,790
08288:  MOVLW  05
0828A:  MOVLB  7
0828C:  MOVWF  x94
0828E:  MOVLB  0
08290:  CALL   6C44
08294:  MOVLW  2C
08296:  MOVLB  7
08298:  MOVWF  x9D
0829A:  MOVLB  0
0829C:  CALL   5DC6
082A0:  BRA    85F4
082A2:  MOVLB  7
....................    else if ('1' == arg2) sprintf(retData+strlen(retData), "%d,%.5f,", arg1, sensorCal[arg1-1].c1);
082A4:  MOVF   x59,W
082A6:  SUBLW  31
082A8:  BNZ   834C
082AA:  MOVLW  04
082AC:  MOVWF  x8F
082AE:  MOVLW  D6
082B0:  MOVWF  x8E
082B2:  MOVLB  0
082B4:  CALL   5D8E
082B8:  MOVF   01,W
082BA:  ADDLW  D6
082BC:  MOVLB  7
082BE:  MOVWF  x5A
082C0:  MOVLW  04
082C2:  ADDWFC 02,W
082C4:  MOVWF  x5B
082C6:  MOVLW  01
082C8:  SUBWF  x58,W
082CA:  MULLW  18
082CC:  MOVF   FF3,W
082CE:  CLRF   x5D
082D0:  MOVWF  x5C
082D2:  MOVLW  04
082D4:  ADDWF  x5C,W
082D6:  MOVWF  01
082D8:  MOVLW  00
082DA:  ADDWFC x5D,W
082DC:  MOVWF  03
082DE:  MOVF   01,W
082E0:  ADDLW  A7
082E2:  MOVWF  FE9
082E4:  MOVLW  00
082E6:  ADDWFC 03,W
082E8:  MOVWF  FEA
082EA:  MOVFF  FEF,75C
082EE:  MOVFF  FEC,75D
082F2:  MOVFF  FEC,75E
082F6:  MOVFF  FEC,75F
082FA:  MOVFF  75B,57A
082FE:  MOVFF  75A,579
08302:  MOVFF  758,78D
08306:  MOVLW  18
08308:  MOVWF  x8E
0830A:  MOVLB  0
0830C:  CALL   63B2
08310:  MOVLW  2C
08312:  MOVLB  7
08314:  MOVWF  x9D
08316:  MOVLB  0
08318:  CALL   5DC6
0831C:  MOVLW  89
0831E:  MOVWF  FE9
08320:  MOVFF  75F,793
08324:  MOVFF  75E,792
08328:  MOVFF  75D,791
0832C:  MOVFF  75C,790
08330:  MOVLW  05
08332:  MOVLB  7
08334:  MOVWF  x94
08336:  MOVLB  0
08338:  CALL   6C44
0833C:  MOVLW  2C
0833E:  MOVLB  7
08340:  MOVWF  x9D
08342:  MOVLB  0
08344:  CALL   5DC6
08348:  BRA    85F4
0834A:  MOVLB  7
....................    else if ('2' == arg2) sprintf(retData+strlen(retData), "%d,%.5f,", arg1, sensorCal[arg1-1].c2);
0834C:  MOVF   x59,W
0834E:  SUBLW  32
08350:  BNZ   83F4
08352:  MOVLW  04
08354:  MOVWF  x8F
08356:  MOVLW  D6
08358:  MOVWF  x8E
0835A:  MOVLB  0
0835C:  CALL   5D8E
08360:  MOVF   01,W
08362:  ADDLW  D6
08364:  MOVLB  7
08366:  MOVWF  x5A
08368:  MOVLW  04
0836A:  ADDWFC 02,W
0836C:  MOVWF  x5B
0836E:  MOVLW  01
08370:  SUBWF  x58,W
08372:  MULLW  18
08374:  MOVF   FF3,W
08376:  CLRF   x5D
08378:  MOVWF  x5C
0837A:  MOVLW  08
0837C:  ADDWF  x5C,W
0837E:  MOVWF  01
08380:  MOVLW  00
08382:  ADDWFC x5D,W
08384:  MOVWF  03
08386:  MOVF   01,W
08388:  ADDLW  A7
0838A:  MOVWF  FE9
0838C:  MOVLW  00
0838E:  ADDWFC 03,W
08390:  MOVWF  FEA
08392:  MOVFF  FEF,75C
08396:  MOVFF  FEC,75D
0839A:  MOVFF  FEC,75E
0839E:  MOVFF  FEC,75F
083A2:  MOVFF  75B,57A
083A6:  MOVFF  75A,579
083AA:  MOVFF  758,78D
083AE:  MOVLW  18
083B0:  MOVWF  x8E
083B2:  MOVLB  0
083B4:  CALL   63B2
083B8:  MOVLW  2C
083BA:  MOVLB  7
083BC:  MOVWF  x9D
083BE:  MOVLB  0
083C0:  CALL   5DC6
083C4:  MOVLW  89
083C6:  MOVWF  FE9
083C8:  MOVFF  75F,793
083CC:  MOVFF  75E,792
083D0:  MOVFF  75D,791
083D4:  MOVFF  75C,790
083D8:  MOVLW  05
083DA:  MOVLB  7
083DC:  MOVWF  x94
083DE:  MOVLB  0
083E0:  CALL   6C44
083E4:  MOVLW  2C
083E6:  MOVLB  7
083E8:  MOVWF  x9D
083EA:  MOVLB  0
083EC:  CALL   5DC6
083F0:  BRA    85F4
083F2:  MOVLB  7
....................    else if ('3' == arg2) sprintf(retData+strlen(retData), "%d,%.5f,", arg1, sensorCal[arg1-1].c3);
083F4:  MOVF   x59,W
083F6:  SUBLW  33
083F8:  BNZ   849C
083FA:  MOVLW  04
083FC:  MOVWF  x8F
083FE:  MOVLW  D6
08400:  MOVWF  x8E
08402:  MOVLB  0
08404:  CALL   5D8E
08408:  MOVF   01,W
0840A:  ADDLW  D6
0840C:  MOVLB  7
0840E:  MOVWF  x5A
08410:  MOVLW  04
08412:  ADDWFC 02,W
08414:  MOVWF  x5B
08416:  MOVLW  01
08418:  SUBWF  x58,W
0841A:  MULLW  18
0841C:  MOVF   FF3,W
0841E:  CLRF   x5D
08420:  MOVWF  x5C
08422:  MOVLW  0C
08424:  ADDWF  x5C,W
08426:  MOVWF  01
08428:  MOVLW  00
0842A:  ADDWFC x5D,W
0842C:  MOVWF  03
0842E:  MOVF   01,W
08430:  ADDLW  A7
08432:  MOVWF  FE9
08434:  MOVLW  00
08436:  ADDWFC 03,W
08438:  MOVWF  FEA
0843A:  MOVFF  FEF,75C
0843E:  MOVFF  FEC,75D
08442:  MOVFF  FEC,75E
08446:  MOVFF  FEC,75F
0844A:  MOVFF  75B,57A
0844E:  MOVFF  75A,579
08452:  MOVFF  758,78D
08456:  MOVLW  18
08458:  MOVWF  x8E
0845A:  MOVLB  0
0845C:  CALL   63B2
08460:  MOVLW  2C
08462:  MOVLB  7
08464:  MOVWF  x9D
08466:  MOVLB  0
08468:  CALL   5DC6
0846C:  MOVLW  89
0846E:  MOVWF  FE9
08470:  MOVFF  75F,793
08474:  MOVFF  75E,792
08478:  MOVFF  75D,791
0847C:  MOVFF  75C,790
08480:  MOVLW  05
08482:  MOVLB  7
08484:  MOVWF  x94
08486:  MOVLB  0
08488:  CALL   6C44
0848C:  MOVLW  2C
0848E:  MOVLB  7
08490:  MOVWF  x9D
08492:  MOVLB  0
08494:  CALL   5DC6
08498:  BRA    85F4
0849A:  MOVLB  7
....................    else if ('4' == arg2) sprintf(retData+strlen(retData), "%d,%.5f,", arg1, sensorCal[arg1-1].c4);
0849C:  MOVF   x59,W
0849E:  SUBLW  34
084A0:  BNZ   8544
084A2:  MOVLW  04
084A4:  MOVWF  x8F
084A6:  MOVLW  D6
084A8:  MOVWF  x8E
084AA:  MOVLB  0
084AC:  CALL   5D8E
084B0:  MOVF   01,W
084B2:  ADDLW  D6
084B4:  MOVLB  7
084B6:  MOVWF  x5A
084B8:  MOVLW  04
084BA:  ADDWFC 02,W
084BC:  MOVWF  x5B
084BE:  MOVLW  01
084C0:  SUBWF  x58,W
084C2:  MULLW  18
084C4:  MOVF   FF3,W
084C6:  CLRF   x5D
084C8:  MOVWF  x5C
084CA:  MOVLW  10
084CC:  ADDWF  x5C,W
084CE:  MOVWF  01
084D0:  MOVLW  00
084D2:  ADDWFC x5D,W
084D4:  MOVWF  03
084D6:  MOVF   01,W
084D8:  ADDLW  A7
084DA:  MOVWF  FE9
084DC:  MOVLW  00
084DE:  ADDWFC 03,W
084E0:  MOVWF  FEA
084E2:  MOVFF  FEF,75C
084E6:  MOVFF  FEC,75D
084EA:  MOVFF  FEC,75E
084EE:  MOVFF  FEC,75F
084F2:  MOVFF  75B,57A
084F6:  MOVFF  75A,579
084FA:  MOVFF  758,78D
084FE:  MOVLW  18
08500:  MOVWF  x8E
08502:  MOVLB  0
08504:  CALL   63B2
08508:  MOVLW  2C
0850A:  MOVLB  7
0850C:  MOVWF  x9D
0850E:  MOVLB  0
08510:  CALL   5DC6
08514:  MOVLW  89
08516:  MOVWF  FE9
08518:  MOVFF  75F,793
0851C:  MOVFF  75E,792
08520:  MOVFF  75D,791
08524:  MOVFF  75C,790
08528:  MOVLW  05
0852A:  MOVLB  7
0852C:  MOVWF  x94
0852E:  MOVLB  0
08530:  CALL   6C44
08534:  MOVLW  2C
08536:  MOVLB  7
08538:  MOVWF  x9D
0853A:  MOVLB  0
0853C:  CALL   5DC6
08540:  BRA    85F4
08542:  MOVLB  7
....................    else if ('5' == arg2) sprintf(retData+strlen(retData), "%d,%.5f,", arg1, sensorCal[arg1-1].c5);
08544:  MOVF   x59,W
08546:  SUBLW  35
08548:  BNZ   85EC
0854A:  MOVLW  04
0854C:  MOVWF  x8F
0854E:  MOVLW  D6
08550:  MOVWF  x8E
08552:  MOVLB  0
08554:  CALL   5D8E
08558:  MOVF   01,W
0855A:  ADDLW  D6
0855C:  MOVLB  7
0855E:  MOVWF  x5A
08560:  MOVLW  04
08562:  ADDWFC 02,W
08564:  MOVWF  x5B
08566:  MOVLW  01
08568:  SUBWF  x58,W
0856A:  MULLW  18
0856C:  MOVF   FF3,W
0856E:  CLRF   x5D
08570:  MOVWF  x5C
08572:  MOVLW  14
08574:  ADDWF  x5C,W
08576:  MOVWF  01
08578:  MOVLW  00
0857A:  ADDWFC x5D,W
0857C:  MOVWF  03
0857E:  MOVF   01,W
08580:  ADDLW  A7
08582:  MOVWF  FE9
08584:  MOVLW  00
08586:  ADDWFC 03,W
08588:  MOVWF  FEA
0858A:  MOVFF  FEF,75C
0858E:  MOVFF  FEC,75D
08592:  MOVFF  FEC,75E
08596:  MOVFF  FEC,75F
0859A:  MOVFF  75B,57A
0859E:  MOVFF  75A,579
085A2:  MOVFF  758,78D
085A6:  MOVLW  18
085A8:  MOVWF  x8E
085AA:  MOVLB  0
085AC:  CALL   63B2
085B0:  MOVLW  2C
085B2:  MOVLB  7
085B4:  MOVWF  x9D
085B6:  MOVLB  0
085B8:  CALL   5DC6
085BC:  MOVLW  89
085BE:  MOVWF  FE9
085C0:  MOVFF  75F,793
085C4:  MOVFF  75E,792
085C8:  MOVFF  75D,791
085CC:  MOVFF  75C,790
085D0:  MOVLW  05
085D2:  MOVLB  7
085D4:  MOVWF  x94
085D6:  MOVLB  0
085D8:  CALL   6C44
085DC:  MOVLW  2C
085DE:  MOVLB  7
085E0:  MOVWF  x9D
085E2:  MOVLB  0
085E4:  CALL   5DC6
085E8:  BRA    85F4
085EA:  MOVLB  7
....................    else return INV_PARAM;
085EC:  MOVLW  02
085EE:  MOVWF  01
085F0:  MOVLB  0
085F2:  BRA    85F8
....................    
....................    return SUCCESS;
085F4:  MOVLW  00
085F6:  MOVWF  01
085F8:  RETURN 0
.................... }
.................... 
.................... int8 setSensorCalParam(unsigned int8 rec){
....................    /*** ARG CHECKS ********************/
....................    int8  arg1;
....................    char  arg2;
....................    float arg3;
....................    
....................    if (!is_valid_channel(SERcmd[rec].p[2])) return INV_PARAM;
085FA:  MOVLB  7
085FC:  CLRF   x94
085FE:  MOVFF  6E2,793
08602:  CLRF   x96
08604:  MOVLW  B5
08606:  MOVWF  x95
08608:  MOVLB  0
0860A:  CALL   095E
0860E:  MOVFF  02,75F
08612:  MOVFF  01,75E
08616:  MOVLW  06
08618:  MOVLB  7
0861A:  ADDWF  x5E,F
0861C:  MOVLW  00
0861E:  ADDWFC x5F,F
08620:  MOVLW  32
08622:  ADDWF  x5E,W
08624:  MOVWF  01
08626:  MOVLW  00
08628:  ADDWFC x5F,W
0862A:  MOVWF  03
0862C:  MOVF   01,W
0862E:  MOVLW  02
08630:  ADDWF  03,F
08632:  MOVFF  01,75E
08636:  MOVFF  03,75F
0863A:  MOVFF  03,78A
0863E:  MOVFF  01,789
08642:  MOVLB  0
08644:  CALL   5F6E
08648:  MOVF   01,F
0864A:  BNZ   8654
0864C:  MOVLW  02
0864E:  MOVWF  01
08650:  BRA    897A
08652:  BRA    86AE
....................    else arg1 = strtoul(SERcmd[rec].p[2],'\0',10);
08654:  MOVLB  7
08656:  CLRF   x94
08658:  MOVFF  6E2,793
0865C:  CLRF   x96
0865E:  MOVLW  B5
08660:  MOVWF  x95
08662:  MOVLB  0
08664:  CALL   095E
08668:  MOVFF  02,75F
0866C:  MOVFF  01,75E
08670:  MOVLW  06
08672:  MOVLB  7
08674:  ADDWF  x5E,F
08676:  MOVLW  00
08678:  ADDWFC x5F,F
0867A:  MOVLW  32
0867C:  ADDWF  x5E,W
0867E:  MOVWF  01
08680:  MOVLW  00
08682:  ADDWFC x5F,W
08684:  MOVWF  03
08686:  MOVF   01,W
08688:  MOVLW  02
0868A:  ADDWF  03,F
0868C:  MOVFF  01,75E
08690:  MOVFF  03,75F
08694:  MOVFF  03,78A
08698:  MOVFF  01,789
0869C:  CLRF   x8C
0869E:  CLRF   x8B
086A0:  MOVLW  0A
086A2:  MOVWF  x8D
086A4:  MOVLB  0
086A6:  CALL   605E
086AA:  MOVFF  01,758
....................    
....................    if (1 != strlen(SERcmd[rec].p[3])) return INV_PARAM;
086AE:  MOVLB  7
086B0:  CLRF   x94
086B2:  MOVFF  6E2,793
086B6:  CLRF   x96
086B8:  MOVLW  B5
086BA:  MOVWF  x95
086BC:  MOVLB  0
086BE:  CALL   095E
086C2:  MOVFF  02,75F
086C6:  MOVFF  01,75E
086CA:  MOVLW  06
086CC:  MOVLB  7
086CE:  ADDWF  x5E,F
086D0:  MOVLW  00
086D2:  ADDWFC x5F,F
086D4:  MOVLW  4B
086D6:  ADDWF  x5E,W
086D8:  MOVWF  01
086DA:  MOVLW  00
086DC:  ADDWFC x5F,W
086DE:  MOVWF  03
086E0:  MOVF   01,W
086E2:  MOVLW  02
086E4:  ADDWF  03,F
086E6:  MOVFF  01,75E
086EA:  MOVFF  03,75F
086EE:  MOVFF  03,78F
086F2:  MOVFF  01,78E
086F6:  MOVLB  0
086F8:  CALL   5D8E
086FC:  MOVFF  02,03
08700:  MOVF   01,W
08702:  SUBLW  01
08704:  BNZ   870A
08706:  MOVF   03,F
08708:  BZ    8712
0870A:  MOVLW  02
0870C:  MOVWF  01
0870E:  BRA    897A
08710:  BRA    8750
....................    else arg2 = SERcmd[rec].p[3][0];
08712:  MOVLB  7
08714:  CLRF   x94
08716:  MOVFF  6E2,793
0871A:  CLRF   x96
0871C:  MOVLW  B5
0871E:  MOVWF  x95
08720:  MOVLB  0
08722:  CALL   095E
08726:  MOVFF  02,75F
0872A:  MOVFF  01,75E
0872E:  MOVLW  06
08730:  MOVLB  7
08732:  ADDWF  x5E,F
08734:  MOVLW  00
08736:  ADDWFC x5F,F
08738:  MOVLW  4B
0873A:  ADDWF  x5E,F
0873C:  MOVLW  00
0873E:  ADDWFC x5F,F
08740:  MOVFF  75E,FE9
08744:  MOVLW  02
08746:  ADDWF  x5F,W
08748:  MOVWF  FEA
0874A:  MOVFF  FEF,759
0874E:  MOVLB  0
....................    
....................    if (!arg_is_float(SERcmd[rec].p[4])) return INV_PARAM;
08750:  MOVLB  7
08752:  CLRF   x94
08754:  MOVFF  6E2,793
08758:  CLRF   x96
0875A:  MOVLW  B5
0875C:  MOVWF  x95
0875E:  MOVLB  0
08760:  CALL   095E
08764:  MOVFF  02,75F
08768:  MOVFF  01,75E
0876C:  MOVLW  06
0876E:  MOVLB  7
08770:  ADDWF  x5E,F
08772:  MOVLW  00
08774:  ADDWFC x5F,F
08776:  MOVLW  64
08778:  ADDWF  x5E,W
0877A:  MOVWF  01
0877C:  MOVLW  00
0877E:  ADDWFC x5F,W
08780:  MOVWF  03
08782:  MOVF   01,W
08784:  MOVLW  02
08786:  ADDWF  03,F
08788:  MOVFF  01,75E
0878C:  MOVFF  03,75F
08790:  MOVFF  03,762
08794:  MOVFF  01,761
08798:  MOVLB  0
0879A:  CALL   729C
0879E:  MOVF   01,F
087A0:  BNZ   87AA
087A2:  MOVLW  02
087A4:  MOVWF  01
087A6:  BRA    897A
087A8:  BRA    880C
....................    else arg3 = strtod(SERcmd[rec].p[4], '\0');
087AA:  MOVLB  7
087AC:  CLRF   x94
087AE:  MOVFF  6E2,793
087B2:  CLRF   x96
087B4:  MOVLW  B5
087B6:  MOVWF  x95
087B8:  MOVLB  0
087BA:  CALL   095E
087BE:  MOVFF  02,75F
087C2:  MOVFF  01,75E
087C6:  MOVLW  06
087C8:  MOVLB  7
087CA:  ADDWF  x5E,F
087CC:  MOVLW  00
087CE:  ADDWFC x5F,F
087D0:  MOVLW  64
087D2:  ADDWF  x5E,W
087D4:  MOVWF  01
087D6:  MOVLW  00
087D8:  ADDWFC x5F,W
087DA:  MOVWF  03
087DC:  MOVF   01,W
087DE:  MOVLW  02
087E0:  ADDWF  03,F
087E2:  MOVFF  01,75E
087E6:  MOVFF  03,75F
087EA:  MOVFF  03,762
087EE:  MOVFF  01,761
087F2:  CLRF   x64
087F4:  CLRF   x63
087F6:  MOVLB  0
087F8:  CALL   735E
087FC:  MOVFF  03,75D
08800:  MOVFF  02,75C
08804:  MOVFF  01,75B
08808:  MOVFF  00,75A
....................    
....................    /*** SET SENSOR CAL PARAM **********/
....................    if      ('0' == arg2) sensorCal[arg1-1].c0 = arg3;
0880C:  MOVLB  7
0880E:  MOVF   x59,W
08810:  SUBLW  30
08812:  BNZ   883E
08814:  MOVLW  01
08816:  SUBWF  x58,W
08818:  MULLW  18
0881A:  MOVF   FF3,W
0881C:  CLRF   x5F
0881E:  MOVWF  x5E
08820:  MOVLW  A7
08822:  ADDWF  x5E,W
08824:  MOVWF  FE9
08826:  MOVLW  00
08828:  ADDWFC x5F,W
0882A:  MOVWF  FEA
0882C:  MOVFF  75A,FEF
08830:  MOVFF  75B,FEC
08834:  MOVFF  75C,FEC
08838:  MOVFF  75D,FEC
0883C:  BRA    8974
....................    else if ('1' == arg2) sensorCal[arg1-1].c1 = arg3;
0883E:  MOVF   x59,W
08840:  SUBLW  31
08842:  BNZ   887A
08844:  MOVLW  01
08846:  SUBWF  x58,W
08848:  MULLW  18
0884A:  MOVF   FF3,W
0884C:  CLRF   x5F
0884E:  MOVWF  x5E
08850:  MOVLW  04
08852:  ADDWF  x5E,W
08854:  MOVWF  01
08856:  MOVLW  00
08858:  ADDWFC x5F,W
0885A:  MOVWF  03
0885C:  MOVF   01,W
0885E:  ADDLW  A7
08860:  MOVWF  FE9
08862:  MOVLW  00
08864:  ADDWFC 03,W
08866:  MOVWF  FEA
08868:  MOVFF  75A,FEF
0886C:  MOVFF  75B,FEC
08870:  MOVFF  75C,FEC
08874:  MOVFF  75D,FEC
08878:  BRA    8974
....................    else if ('2' == arg2) sensorCal[arg1-1].c2 = arg3;
0887A:  MOVF   x59,W
0887C:  SUBLW  32
0887E:  BNZ   88B6
08880:  MOVLW  01
08882:  SUBWF  x58,W
08884:  MULLW  18
08886:  MOVF   FF3,W
08888:  CLRF   x5F
0888A:  MOVWF  x5E
0888C:  MOVLW  08
0888E:  ADDWF  x5E,W
08890:  MOVWF  01
08892:  MOVLW  00
08894:  ADDWFC x5F,W
08896:  MOVWF  03
08898:  MOVF   01,W
0889A:  ADDLW  A7
0889C:  MOVWF  FE9
0889E:  MOVLW  00
088A0:  ADDWFC 03,W
088A2:  MOVWF  FEA
088A4:  MOVFF  75A,FEF
088A8:  MOVFF  75B,FEC
088AC:  MOVFF  75C,FEC
088B0:  MOVFF  75D,FEC
088B4:  BRA    8974
....................    else if ('3' == arg2) sensorCal[arg1-1].c3 = arg3;
088B6:  MOVF   x59,W
088B8:  SUBLW  33
088BA:  BNZ   88F2
088BC:  MOVLW  01
088BE:  SUBWF  x58,W
088C0:  MULLW  18
088C2:  MOVF   FF3,W
088C4:  CLRF   x5F
088C6:  MOVWF  x5E
088C8:  MOVLW  0C
088CA:  ADDWF  x5E,W
088CC:  MOVWF  01
088CE:  MOVLW  00
088D0:  ADDWFC x5F,W
088D2:  MOVWF  03
088D4:  MOVF   01,W
088D6:  ADDLW  A7
088D8:  MOVWF  FE9
088DA:  MOVLW  00
088DC:  ADDWFC 03,W
088DE:  MOVWF  FEA
088E0:  MOVFF  75A,FEF
088E4:  MOVFF  75B,FEC
088E8:  MOVFF  75C,FEC
088EC:  MOVFF  75D,FEC
088F0:  BRA    8974
....................    else if ('4' == arg2) sensorCal[arg1-1].c4 = arg3;
088F2:  MOVF   x59,W
088F4:  SUBLW  34
088F6:  BNZ   892E
088F8:  MOVLW  01
088FA:  SUBWF  x58,W
088FC:  MULLW  18
088FE:  MOVF   FF3,W
08900:  CLRF   x5F
08902:  MOVWF  x5E
08904:  MOVLW  10
08906:  ADDWF  x5E,W
08908:  MOVWF  01
0890A:  MOVLW  00
0890C:  ADDWFC x5F,W
0890E:  MOVWF  03
08910:  MOVF   01,W
08912:  ADDLW  A7
08914:  MOVWF  FE9
08916:  MOVLW  00
08918:  ADDWFC 03,W
0891A:  MOVWF  FEA
0891C:  MOVFF  75A,FEF
08920:  MOVFF  75B,FEC
08924:  MOVFF  75C,FEC
08928:  MOVFF  75D,FEC
0892C:  BRA    8974
....................    else if ('5' == arg2) sensorCal[arg1-1].c5 = arg3;
0892E:  MOVF   x59,W
08930:  SUBLW  35
08932:  BNZ   896A
08934:  MOVLW  01
08936:  SUBWF  x58,W
08938:  MULLW  18
0893A:  MOVF   FF3,W
0893C:  CLRF   x5F
0893E:  MOVWF  x5E
08940:  MOVLW  14
08942:  ADDWF  x5E,W
08944:  MOVWF  01
08946:  MOVLW  00
08948:  ADDWFC x5F,W
0894A:  MOVWF  03
0894C:  MOVF   01,W
0894E:  ADDLW  A7
08950:  MOVWF  FE9
08952:  MOVLW  00
08954:  ADDWFC 03,W
08956:  MOVWF  FEA
08958:  MOVFF  75A,FEF
0895C:  MOVFF  75B,FEC
08960:  MOVFF  75C,FEC
08964:  MOVFF  75D,FEC
08968:  BRA    8974
....................    else return INV_PARAM;
0896A:  MOVLW  02
0896C:  MOVWF  01
0896E:  MOVLB  0
08970:  BRA    897A
08972:  MOVLB  7
....................    
....................    return SUCCESS;
08974:  MOVLW  00
08976:  MOVWF  01
08978:  MOVLB  0
0897A:  RETURN 0
.................... }
.................... 
.................... int8 getMonitorCalParam(unsigned int8 rec){
....................    /*** ARG CHECKS ********************/
....................    char *arg1;
....................    char *s_N15 = "N15";
0897C:  MOVLW  4E
0897E:  MOVLB  7
08980:  MOVWF  x5C
08982:  MOVLW  31
08984:  MOVWF  x5D
08986:  MOVLW  35
08988:  MOVWF  x5E
0898A:  CLRF   x5F
0898C:  MOVLW  07
0898E:  MOVWF  x5B
08990:  MOVLW  5C
08992:  MOVWF  x5A
....................    char *s_200 = "200";
08994:  MOVLW  32
08996:  MOVWF  x62
08998:  MOVLW  30
0899A:  MOVWF  x63
0899C:  MOVWF  x64
0899E:  CLRF   x65
089A0:  MOVLW  07
089A2:  MOVWF  x61
089A4:  MOVLW  62
089A6:  MOVWF  x60
....................    char *s_5V6 = "5V6";
089A8:  MOVLW  35
089AA:  MOVWF  x68
089AC:  MOVLW  56
089AE:  MOVWF  x69
089B0:  MOVLW  36
089B2:  MOVWF  x6A
089B4:  CLRF   x6B
089B6:  MOVLW  07
089B8:  MOVWF  x67
089BA:  MOVLW  68
089BC:  MOVWF  x66
....................    char *s_5VA = "5VA";
089BE:  MOVLW  35
089C0:  MOVWF  x6E
089C2:  MOVLW  56
089C4:  MOVWF  x6F
089C6:  MOVLW  41
089C8:  MOVWF  x70
089CA:  CLRF   x71
089CC:  MOVLW  07
089CE:  MOVWF  x6D
089D0:  MOVLW  6E
089D2:  MOVWF  x6C
....................    char *s_3V6X = "3V6X";
089D4:  MOVLW  33
089D6:  MOVWF  x74
089D8:  MOVLW  56
089DA:  MOVWF  x75
089DC:  MOVLW  36
089DE:  MOVWF  x76
089E0:  MOVLW  58
089E2:  MOVWF  x77
089E4:  CLRF   x78
089E6:  MOVLW  07
089E8:  MOVWF  x73
089EA:  MOVLW  74
089EC:  MOVWF  x72
....................    char *s_3V3A = "3V3A";
089EE:  MOVLW  33
089F0:  MOVWF  x7B
089F2:  MOVLW  56
089F4:  MOVWF  x7C
089F6:  MOVLW  33
089F8:  MOVWF  x7D
089FA:  MOVLW  41
089FC:  MOVWF  x7E
089FE:  CLRF   x7F
08A00:  MOVLW  07
08A02:  MOVWF  x7A
08A04:  MOVLW  7B
08A06:  MOVWF  x79
....................    char *s_3V3D = "3V3D";
08A08:  MOVLW  33
08A0A:  MOVWF  x82
08A0C:  MOVLW  56
08A0E:  MOVWF  x83
08A10:  MOVLW  33
08A12:  MOVWF  x84
08A14:  MOVLW  44
08A16:  MOVWF  x85
08A18:  CLRF   x86
08A1A:  MOVLW  07
08A1C:  MOVWF  x81
08A1E:  MOVLW  82
08A20:  MOVWF  x80
.................... //!   char *s_all = "all";
....................    
....................    arg1 = SERcmd[rec].p[2];
08A22:  CLRF   x94
08A24:  MOVFF  6E2,793
08A28:  CLRF   x96
08A2A:  MOVLW  B5
08A2C:  MOVWF  x95
08A2E:  MOVLB  0
08A30:  CALL   095E
08A34:  MOVFF  02,788
08A38:  MOVFF  01,787
08A3C:  MOVLW  06
08A3E:  MOVLB  7
08A40:  ADDWF  x87,F
08A42:  MOVLW  00
08A44:  ADDWFC x88,F
08A46:  MOVLW  32
08A48:  ADDWF  x87,W
08A4A:  MOVWF  01
08A4C:  MOVLW  00
08A4E:  ADDWFC x88,W
08A50:  MOVWF  03
08A52:  MOVF   01,W
08A54:  MOVLW  02
08A56:  ADDWF  03,F
08A58:  MOVFF  01,758
08A5C:  MOVFF  03,759
....................    
....................    /*** GET MONITOR VALUES ************/
....................    if      (0 == strcmp(s_N15, arg1)) {
08A60:  MOVFF  75B,78F
08A64:  MOVFF  75A,78E
08A68:  MOVFF  759,791
08A6C:  MOVFF  758,790
08A70:  MOVLB  0
08A72:  CALL   5E44
08A76:  MOVF   01,F
08A78:  BNZ   8AFC
....................       sprintf(retData+strlen(retData), "%f,%f,", monCal.vN15[0],monCal.vN15[1]);
08A7A:  MOVLW  04
08A7C:  MOVLB  7
08A7E:  MOVWF  x8F
08A80:  MOVLW  D6
08A82:  MOVWF  x8E
08A84:  MOVLB  0
08A86:  CALL   5D8E
08A8A:  MOVFF  02,03
08A8E:  MOVF   01,W
08A90:  ADDLW  D6
08A92:  MOVLB  7
08A94:  MOVWF  x87
08A96:  MOVLW  04
08A98:  ADDWFC 02,W
08A9A:  MOVWF  x88
08A9C:  MOVFF  FE8,57A
08AA0:  MOVFF  787,579
08AA4:  MOVLW  89
08AA6:  MOVWF  FE9
08AA8:  MOVFF  DA,793
08AAC:  MOVFF  D9,792
08AB0:  MOVFF  D8,791
08AB4:  MOVFF  D7,790
08AB8:  MOVLW  02
08ABA:  MOVWF  x94
08ABC:  MOVLB  0
08ABE:  CALL   6C44
08AC2:  MOVLW  2C
08AC4:  MOVLB  7
08AC6:  MOVWF  x9D
08AC8:  MOVLB  0
08ACA:  CALL   5DC6
08ACE:  MOVLW  89
08AD0:  MOVWF  FE9
08AD2:  MOVFF  DE,793
08AD6:  MOVFF  DD,792
08ADA:  MOVFF  DC,791
08ADE:  MOVFF  DB,790
08AE2:  MOVLW  02
08AE4:  MOVLB  7
08AE6:  MOVWF  x94
08AE8:  MOVLB  0
08AEA:  CALL   6C44
08AEE:  MOVLW  2C
08AF0:  MOVLB  7
08AF2:  MOVWF  x9D
08AF4:  MOVLB  0
08AF6:  CALL   5DC6
....................    }
08AFA:  BRA    8E9E
....................    else if (0 == strcmp(s_200, arg1)) {
08AFC:  MOVFF  761,78F
08B00:  MOVFF  760,78E
08B04:  MOVFF  759,791
08B08:  MOVFF  758,790
08B0C:  CALL   5E44
08B10:  MOVF   01,F
08B12:  BNZ   8B96
....................       sprintf(retData+strlen(retData), "%f,%f,", monCal.v200[0],monCal.v200[1]);
08B14:  MOVLW  04
08B16:  MOVLB  7
08B18:  MOVWF  x8F
08B1A:  MOVLW  D6
08B1C:  MOVWF  x8E
08B1E:  MOVLB  0
08B20:  CALL   5D8E
08B24:  MOVFF  02,03
08B28:  MOVF   01,W
08B2A:  ADDLW  D6
08B2C:  MOVLB  7
08B2E:  MOVWF  x87
08B30:  MOVLW  04
08B32:  ADDWFC 02,W
08B34:  MOVWF  x88
08B36:  MOVFF  FE8,57A
08B3A:  MOVFF  787,579
08B3E:  MOVLW  89
08B40:  MOVWF  FE9
08B42:  MOVFF  E2,793
08B46:  MOVFF  E1,792
08B4A:  MOVFF  E0,791
08B4E:  MOVFF  DF,790
08B52:  MOVLW  02
08B54:  MOVWF  x94
08B56:  MOVLB  0
08B58:  CALL   6C44
08B5C:  MOVLW  2C
08B5E:  MOVLB  7
08B60:  MOVWF  x9D
08B62:  MOVLB  0
08B64:  CALL   5DC6
08B68:  MOVLW  89
08B6A:  MOVWF  FE9
08B6C:  MOVFF  E6,793
08B70:  MOVFF  E5,792
08B74:  MOVFF  E4,791
08B78:  MOVFF  E3,790
08B7C:  MOVLW  02
08B7E:  MOVLB  7
08B80:  MOVWF  x94
08B82:  MOVLB  0
08B84:  CALL   6C44
08B88:  MOVLW  2C
08B8A:  MOVLB  7
08B8C:  MOVWF  x9D
08B8E:  MOVLB  0
08B90:  CALL   5DC6
....................    }
08B94:  BRA    8E9E
....................    else if (0 == strcmp(s_5V6, arg1)) {
08B96:  MOVFF  767,78F
08B9A:  MOVFF  766,78E
08B9E:  MOVFF  759,791
08BA2:  MOVFF  758,790
08BA6:  CALL   5E44
08BAA:  MOVF   01,F
08BAC:  BNZ   8C30
....................       sprintf(retData+strlen(retData), "%f,%f,", monCal.v5V6[0],monCal.v5V6[1]);
08BAE:  MOVLW  04
08BB0:  MOVLB  7
08BB2:  MOVWF  x8F
08BB4:  MOVLW  D6
08BB6:  MOVWF  x8E
08BB8:  MOVLB  0
08BBA:  CALL   5D8E
08BBE:  MOVFF  02,03
08BC2:  MOVF   01,W
08BC4:  ADDLW  D6
08BC6:  MOVLB  7
08BC8:  MOVWF  x87
08BCA:  MOVLW  04
08BCC:  ADDWFC 02,W
08BCE:  MOVWF  x88
08BD0:  MOVFF  FE8,57A
08BD4:  MOVFF  787,579
08BD8:  MOVLW  89
08BDA:  MOVWF  FE9
08BDC:  MOVFF  EA,793
08BE0:  MOVFF  E9,792
08BE4:  MOVFF  E8,791
08BE8:  MOVFF  E7,790
08BEC:  MOVLW  02
08BEE:  MOVWF  x94
08BF0:  MOVLB  0
08BF2:  CALL   6C44
08BF6:  MOVLW  2C
08BF8:  MOVLB  7
08BFA:  MOVWF  x9D
08BFC:  MOVLB  0
08BFE:  CALL   5DC6
08C02:  MOVLW  89
08C04:  MOVWF  FE9
08C06:  MOVFF  EE,793
08C0A:  MOVFF  ED,792
08C0E:  MOVFF  EC,791
08C12:  MOVFF  EB,790
08C16:  MOVLW  02
08C18:  MOVLB  7
08C1A:  MOVWF  x94
08C1C:  MOVLB  0
08C1E:  CALL   6C44
08C22:  MOVLW  2C
08C24:  MOVLB  7
08C26:  MOVWF  x9D
08C28:  MOVLB  0
08C2A:  CALL   5DC6
....................    }
08C2E:  BRA    8E9E
....................    else if (0 == strcmp(s_5VA, arg1)) {
08C30:  MOVFF  76D,78F
08C34:  MOVFF  76C,78E
08C38:  MOVFF  759,791
08C3C:  MOVFF  758,790
08C40:  CALL   5E44
08C44:  MOVF   01,F
08C46:  BNZ   8CCA
....................       sprintf(retData+strlen(retData), "%f,%f,", monCal.v5VA[0],monCal.v5VA[1]);
08C48:  MOVLW  04
08C4A:  MOVLB  7
08C4C:  MOVWF  x8F
08C4E:  MOVLW  D6
08C50:  MOVWF  x8E
08C52:  MOVLB  0
08C54:  CALL   5D8E
08C58:  MOVFF  02,03
08C5C:  MOVF   01,W
08C5E:  ADDLW  D6
08C60:  MOVLB  7
08C62:  MOVWF  x87
08C64:  MOVLW  04
08C66:  ADDWFC 02,W
08C68:  MOVWF  x88
08C6A:  MOVFF  FE8,57A
08C6E:  MOVFF  787,579
08C72:  MOVLW  89
08C74:  MOVWF  FE9
08C76:  MOVFF  F2,793
08C7A:  MOVFF  F1,792
08C7E:  MOVFF  F0,791
08C82:  MOVFF  EF,790
08C86:  MOVLW  02
08C88:  MOVWF  x94
08C8A:  MOVLB  0
08C8C:  CALL   6C44
08C90:  MOVLW  2C
08C92:  MOVLB  7
08C94:  MOVWF  x9D
08C96:  MOVLB  0
08C98:  CALL   5DC6
08C9C:  MOVLW  89
08C9E:  MOVWF  FE9
08CA0:  MOVFF  F6,793
08CA4:  MOVFF  F5,792
08CA8:  MOVFF  F4,791
08CAC:  MOVFF  F3,790
08CB0:  MOVLW  02
08CB2:  MOVLB  7
08CB4:  MOVWF  x94
08CB6:  MOVLB  0
08CB8:  CALL   6C44
08CBC:  MOVLW  2C
08CBE:  MOVLB  7
08CC0:  MOVWF  x9D
08CC2:  MOVLB  0
08CC4:  CALL   5DC6
....................    }
08CC8:  BRA    8E9E
....................    else if (0 == strcmp(s_3V6X, arg1)) {
08CCA:  MOVFF  773,78F
08CCE:  MOVFF  772,78E
08CD2:  MOVFF  759,791
08CD6:  MOVFF  758,790
08CDA:  CALL   5E44
08CDE:  MOVF   01,F
08CE0:  BNZ   8D64
....................       sprintf(retData+strlen(retData), "%f,%f,", monCal.v3V6X[0],monCal.v3V6X[1]);
08CE2:  MOVLW  04
08CE4:  MOVLB  7
08CE6:  MOVWF  x8F
08CE8:  MOVLW  D6
08CEA:  MOVWF  x8E
08CEC:  MOVLB  0
08CEE:  CALL   5D8E
08CF2:  MOVFF  02,03
08CF6:  MOVF   01,W
08CF8:  ADDLW  D6
08CFA:  MOVLB  7
08CFC:  MOVWF  x87
08CFE:  MOVLW  04
08D00:  ADDWFC 02,W
08D02:  MOVWF  x88
08D04:  MOVFF  FE8,57A
08D08:  MOVFF  787,579
08D0C:  MOVLW  89
08D0E:  MOVWF  FE9
08D10:  MOVFF  FA,793
08D14:  MOVFF  F9,792
08D18:  MOVFF  F8,791
08D1C:  MOVFF  F7,790
08D20:  MOVLW  02
08D22:  MOVWF  x94
08D24:  MOVLB  0
08D26:  CALL   6C44
08D2A:  MOVLW  2C
08D2C:  MOVLB  7
08D2E:  MOVWF  x9D
08D30:  MOVLB  0
08D32:  CALL   5DC6
08D36:  MOVLW  89
08D38:  MOVWF  FE9
08D3A:  MOVFF  FE,793
08D3E:  MOVFF  FD,792
08D42:  MOVFF  FC,791
08D46:  MOVFF  FB,790
08D4A:  MOVLW  02
08D4C:  MOVLB  7
08D4E:  MOVWF  x94
08D50:  MOVLB  0
08D52:  CALL   6C44
08D56:  MOVLW  2C
08D58:  MOVLB  7
08D5A:  MOVWF  x9D
08D5C:  MOVLB  0
08D5E:  CALL   5DC6
....................    }
08D62:  BRA    8E9E
....................    else if (0 == strcmp(s_3V3A, arg1)) {
08D64:  MOVFF  77A,78F
08D68:  MOVFF  779,78E
08D6C:  MOVFF  759,791
08D70:  MOVFF  758,790
08D74:  CALL   5E44
08D78:  MOVF   01,F
08D7A:  BNZ   8DFE
....................       sprintf(retData+strlen(retData), "%f,%f,", monCal.v3V3A[0],monCal.v3V3A[1]);
08D7C:  MOVLW  04
08D7E:  MOVLB  7
08D80:  MOVWF  x8F
08D82:  MOVLW  D6
08D84:  MOVWF  x8E
08D86:  MOVLB  0
08D88:  CALL   5D8E
08D8C:  MOVFF  02,03
08D90:  MOVF   01,W
08D92:  ADDLW  D6
08D94:  MOVLB  7
08D96:  MOVWF  x87
08D98:  MOVLW  04
08D9A:  ADDWFC 02,W
08D9C:  MOVWF  x88
08D9E:  MOVFF  FE8,57A
08DA2:  MOVFF  787,579
08DA6:  MOVLW  89
08DA8:  MOVWF  FE9
08DAA:  MOVFF  102,793
08DAE:  MOVFF  101,792
08DB2:  MOVFF  100,791
08DB6:  MOVFF  FF,790
08DBA:  MOVLW  02
08DBC:  MOVWF  x94
08DBE:  MOVLB  0
08DC0:  CALL   6C44
08DC4:  MOVLW  2C
08DC6:  MOVLB  7
08DC8:  MOVWF  x9D
08DCA:  MOVLB  0
08DCC:  CALL   5DC6
08DD0:  MOVLW  89
08DD2:  MOVWF  FE9
08DD4:  MOVFF  106,793
08DD8:  MOVFF  105,792
08DDC:  MOVFF  104,791
08DE0:  MOVFF  103,790
08DE4:  MOVLW  02
08DE6:  MOVLB  7
08DE8:  MOVWF  x94
08DEA:  MOVLB  0
08DEC:  CALL   6C44
08DF0:  MOVLW  2C
08DF2:  MOVLB  7
08DF4:  MOVWF  x9D
08DF6:  MOVLB  0
08DF8:  CALL   5DC6
....................    }
08DFC:  BRA    8E9E
....................    else if (0 == strcmp(s_3V3D, arg1)) {
08DFE:  MOVFF  781,78F
08E02:  MOVFF  780,78E
08E06:  MOVFF  759,791
08E0A:  MOVFF  758,790
08E0E:  CALL   5E44
08E12:  MOVF   01,F
08E14:  BNZ   8E98
....................       sprintf(retData+strlen(retData), "%f,%f,", monCal.v3V3D[0],monCal.v3V3D[1]);
08E16:  MOVLW  04
08E18:  MOVLB  7
08E1A:  MOVWF  x8F
08E1C:  MOVLW  D6
08E1E:  MOVWF  x8E
08E20:  MOVLB  0
08E22:  CALL   5D8E
08E26:  MOVFF  02,03
08E2A:  MOVF   01,W
08E2C:  ADDLW  D6
08E2E:  MOVLB  7
08E30:  MOVWF  x87
08E32:  MOVLW  04
08E34:  ADDWFC 02,W
08E36:  MOVWF  x88
08E38:  MOVFF  FE8,57A
08E3C:  MOVFF  787,579
08E40:  MOVLW  89
08E42:  MOVWF  FE9
08E44:  MOVFF  10A,793
08E48:  MOVFF  109,792
08E4C:  MOVFF  108,791
08E50:  MOVFF  107,790
08E54:  MOVLW  02
08E56:  MOVWF  x94
08E58:  MOVLB  0
08E5A:  CALL   6C44
08E5E:  MOVLW  2C
08E60:  MOVLB  7
08E62:  MOVWF  x9D
08E64:  MOVLB  0
08E66:  CALL   5DC6
08E6A:  MOVLW  89
08E6C:  MOVWF  FE9
08E6E:  MOVFF  10E,793
08E72:  MOVFF  10D,792
08E76:  MOVFF  10C,791
08E7A:  MOVFF  10B,790
08E7E:  MOVLW  02
08E80:  MOVLB  7
08E82:  MOVWF  x94
08E84:  MOVLB  0
08E86:  CALL   6C44
08E8A:  MOVLW  2C
08E8C:  MOVLB  7
08E8E:  MOVWF  x9D
08E90:  MOVLB  0
08E92:  CALL   5DC6
....................    }
08E96:  BRA    8E9E
....................    else return INV_PARAM;
08E98:  MOVLW  02
08E9A:  MOVWF  01
08E9C:  BRA    8EA2
....................    
....................    return SUCCESS;
08E9E:  MOVLW  00
08EA0:  MOVWF  01
08EA2:  RETURN 0
.................... }
.................... 
.................... int8 setMonitorCalParam(unsigned int8 rec){
....................    return SUCCESS;
08EA4:  MOVLW  00
08EA6:  MOVWF  01
08EA8:  RETURN 0
.................... }
.................... 
.................... int8 getMonitorValue(unsigned int8 rec){
....................    /*** ARG CHECKS ********************/
....................    char *arg1;
....................    char *s_N15 = "N15";
08EAA:  MOVLW  4E
08EAC:  MOVLB  7
08EAE:  MOVWF  x5C
08EB0:  MOVLW  31
08EB2:  MOVWF  x5D
08EB4:  MOVLW  35
08EB6:  MOVWF  x5E
08EB8:  CLRF   x5F
08EBA:  MOVLW  07
08EBC:  MOVWF  x5B
08EBE:  MOVLW  5C
08EC0:  MOVWF  x5A
....................    char *s_200 = "200";
08EC2:  MOVLW  32
08EC4:  MOVWF  x62
08EC6:  MOVLW  30
08EC8:  MOVWF  x63
08ECA:  MOVWF  x64
08ECC:  CLRF   x65
08ECE:  MOVLW  07
08ED0:  MOVWF  x61
08ED2:  MOVLW  62
08ED4:  MOVWF  x60
....................    char *s_5V6 = "5V6";
08ED6:  MOVLW  35
08ED8:  MOVWF  x68
08EDA:  MOVLW  56
08EDC:  MOVWF  x69
08EDE:  MOVLW  36
08EE0:  MOVWF  x6A
08EE2:  CLRF   x6B
08EE4:  MOVLW  07
08EE6:  MOVWF  x67
08EE8:  MOVLW  68
08EEA:  MOVWF  x66
....................    char *s_5VA = "5VA";
08EEC:  MOVLW  35
08EEE:  MOVWF  x6E
08EF0:  MOVLW  56
08EF2:  MOVWF  x6F
08EF4:  MOVLW  41
08EF6:  MOVWF  x70
08EF8:  CLRF   x71
08EFA:  MOVLW  07
08EFC:  MOVWF  x6D
08EFE:  MOVLW  6E
08F00:  MOVWF  x6C
....................    char *s_3V6X = "3V6X";
08F02:  MOVLW  33
08F04:  MOVWF  x74
08F06:  MOVLW  56
08F08:  MOVWF  x75
08F0A:  MOVLW  36
08F0C:  MOVWF  x76
08F0E:  MOVLW  58
08F10:  MOVWF  x77
08F12:  CLRF   x78
08F14:  MOVLW  07
08F16:  MOVWF  x73
08F18:  MOVLW  74
08F1A:  MOVWF  x72
....................    char *s_3V3A = "3V3A";
08F1C:  MOVLW  33
08F1E:  MOVWF  x7B
08F20:  MOVLW  56
08F22:  MOVWF  x7C
08F24:  MOVLW  33
08F26:  MOVWF  x7D
08F28:  MOVLW  41
08F2A:  MOVWF  x7E
08F2C:  CLRF   x7F
08F2E:  MOVLW  07
08F30:  MOVWF  x7A
08F32:  MOVLW  7B
08F34:  MOVWF  x79
....................    char *s_3V3D = "3V3D";
08F36:  MOVLW  33
08F38:  MOVWF  x82
08F3A:  MOVLW  56
08F3C:  MOVWF  x83
08F3E:  MOVLW  33
08F40:  MOVWF  x84
08F42:  MOVLW  44
08F44:  MOVWF  x85
08F46:  CLRF   x86
08F48:  MOVLW  07
08F4A:  MOVWF  x81
08F4C:  MOVLW  82
08F4E:  MOVWF  x80
....................    char *s_all = "all";
08F50:  MOVLW  61
08F52:  MOVWF  x89
08F54:  MOVLW  6C
08F56:  MOVWF  x8A
08F58:  MOVWF  x8B
08F5A:  CLRF   x8C
08F5C:  MOVLW  07
08F5E:  MOVWF  x88
08F60:  MOVLW  89
08F62:  MOVWF  x87
....................    
....................    arg1 = SERcmd[rec].p[2];
08F64:  CLRF   x94
08F66:  MOVFF  6E2,793
08F6A:  CLRF   x96
08F6C:  MOVLW  B5
08F6E:  MOVWF  x95
08F70:  MOVLB  0
08F72:  CALL   095E
08F76:  MOVFF  02,78E
08F7A:  MOVFF  01,78D
08F7E:  MOVLW  06
08F80:  MOVLB  7
08F82:  ADDWF  x8D,F
08F84:  MOVLW  00
08F86:  ADDWFC x8E,F
08F88:  MOVLW  32
08F8A:  ADDWF  x8D,W
08F8C:  MOVWF  01
08F8E:  MOVLW  00
08F90:  ADDWFC x8E,W
08F92:  MOVWF  03
08F94:  MOVF   01,W
08F96:  MOVLW  02
08F98:  ADDWF  03,F
08F9A:  MOVFF  01,758
08F9E:  MOVFF  03,759
....................    
....................    /*** GET MONITOR VALUES ************/
....................    if      (0 == strcmp(s_N15, arg1)) {
08FA2:  MOVFF  75B,78F
08FA6:  MOVFF  75A,78E
08FAA:  MOVFF  759,791
08FAE:  MOVFF  758,790
08FB2:  MOVLB  0
08FB4:  CALL   5E44
08FB8:  MOVF   01,F
08FBA:  BNZ   9012
....................       sprintf(retData+strlen(retData), "%.2f,", monitorVals.vN15);
08FBC:  MOVLW  04
08FBE:  MOVLB  7
08FC0:  MOVWF  x8F
08FC2:  MOVLW  D6
08FC4:  MOVWF  x8E
08FC6:  MOVLB  0
08FC8:  CALL   5D8E
08FCC:  MOVFF  02,03
08FD0:  MOVF   01,W
08FD2:  ADDLW  D6
08FD4:  MOVLB  7
08FD6:  MOVWF  x8D
08FD8:  MOVLW  04
08FDA:  ADDWFC 02,W
08FDC:  MOVWF  x8E
08FDE:  MOVFF  FE8,57A
08FE2:  MOVFF  78D,579
08FE6:  MOVLW  89
08FE8:  MOVWF  FE9
08FEA:  MOVFF  113,793
08FEE:  MOVFF  112,792
08FF2:  MOVFF  111,791
08FF6:  MOVFF  110,790
08FFA:  MOVLW  02
08FFC:  MOVWF  x94
08FFE:  MOVLB  0
09000:  CALL   6C44
09004:  MOVLW  2C
09006:  MOVLB  7
09008:  MOVWF  x9D
0900A:  MOVLB  0
0900C:  CALL   5DC6
....................    }
09010:  BRA    9514
....................    else if (0 == strcmp(s_200, arg1)) {
09012:  MOVFF  761,78F
09016:  MOVFF  760,78E
0901A:  MOVFF  759,791
0901E:  MOVFF  758,790
09022:  CALL   5E44
09026:  MOVF   01,F
09028:  BNZ   9080
....................       sprintf(retData+strlen(retData), "%.1f,", monitorVals.v200);
0902A:  MOVLW  04
0902C:  MOVLB  7
0902E:  MOVWF  x8F
09030:  MOVLW  D6
09032:  MOVWF  x8E
09034:  MOVLB  0
09036:  CALL   5D8E
0903A:  MOVFF  02,03
0903E:  MOVF   01,W
09040:  ADDLW  D6
09042:  MOVLB  7
09044:  MOVWF  x8D
09046:  MOVLW  04
09048:  ADDWFC 02,W
0904A:  MOVWF  x8E
0904C:  MOVFF  FE8,57A
09050:  MOVFF  78D,579
09054:  MOVLW  89
09056:  MOVWF  FE9
09058:  MOVFF  117,793
0905C:  MOVFF  116,792
09060:  MOVFF  115,791
09064:  MOVFF  114,790
09068:  MOVLW  01
0906A:  MOVWF  x94
0906C:  MOVLB  0
0906E:  CALL   6C44
09072:  MOVLW  2C
09074:  MOVLB  7
09076:  MOVWF  x9D
09078:  MOVLB  0
0907A:  CALL   5DC6
....................    }
0907E:  BRA    9514
....................    else if (0 == strcmp(s_5V6, arg1)) {
09080:  MOVFF  767,78F
09084:  MOVFF  766,78E
09088:  MOVFF  759,791
0908C:  MOVFF  758,790
09090:  CALL   5E44
09094:  MOVF   01,F
09096:  BNZ   90EE
....................       sprintf(retData+strlen(retData), "%.3f,", monitorVals.v5V6);
09098:  MOVLW  04
0909A:  MOVLB  7
0909C:  MOVWF  x8F
0909E:  MOVLW  D6
090A0:  MOVWF  x8E
090A2:  MOVLB  0
090A4:  CALL   5D8E
090A8:  MOVFF  02,03
090AC:  MOVF   01,W
090AE:  ADDLW  D6
090B0:  MOVLB  7
090B2:  MOVWF  x8D
090B4:  MOVLW  04
090B6:  ADDWFC 02,W
090B8:  MOVWF  x8E
090BA:  MOVFF  FE8,57A
090BE:  MOVFF  78D,579
090C2:  MOVLW  89
090C4:  MOVWF  FE9
090C6:  MOVFF  11B,793
090CA:  MOVFF  11A,792
090CE:  MOVFF  119,791
090D2:  MOVFF  118,790
090D6:  MOVLW  03
090D8:  MOVWF  x94
090DA:  MOVLB  0
090DC:  CALL   6C44
090E0:  MOVLW  2C
090E2:  MOVLB  7
090E4:  MOVWF  x9D
090E6:  MOVLB  0
090E8:  CALL   5DC6
....................    }
090EC:  BRA    9514
....................    else if (0 == strcmp(s_5VA, arg1)) {
090EE:  MOVFF  76D,78F
090F2:  MOVFF  76C,78E
090F6:  MOVFF  759,791
090FA:  MOVFF  758,790
090FE:  CALL   5E44
09102:  MOVF   01,F
09104:  BNZ   915C
....................       sprintf(retData+strlen(retData), "%.3f,", monitorVals.v5VA);
09106:  MOVLW  04
09108:  MOVLB  7
0910A:  MOVWF  x8F
0910C:  MOVLW  D6
0910E:  MOVWF  x8E
09110:  MOVLB  0
09112:  CALL   5D8E
09116:  MOVFF  02,03
0911A:  MOVF   01,W
0911C:  ADDLW  D6
0911E:  MOVLB  7
09120:  MOVWF  x8D
09122:  MOVLW  04
09124:  ADDWFC 02,W
09126:  MOVWF  x8E
09128:  MOVFF  FE8,57A
0912C:  MOVFF  78D,579
09130:  MOVLW  89
09132:  MOVWF  FE9
09134:  MOVFF  11F,793
09138:  MOVFF  11E,792
0913C:  MOVFF  11D,791
09140:  MOVFF  11C,790
09144:  MOVLW  03
09146:  MOVWF  x94
09148:  MOVLB  0
0914A:  CALL   6C44
0914E:  MOVLW  2C
09150:  MOVLB  7
09152:  MOVWF  x9D
09154:  MOVLB  0
09156:  CALL   5DC6
....................    }
0915A:  BRA    9514
....................    else if (0 == strcmp(s_3V6X, arg1)) {
0915C:  MOVFF  773,78F
09160:  MOVFF  772,78E
09164:  MOVFF  759,791
09168:  MOVFF  758,790
0916C:  CALL   5E44
09170:  MOVF   01,F
09172:  BNZ   91CA
....................       sprintf(retData+strlen(retData), "%.3f,", monitorVals.v3V6X);
09174:  MOVLW  04
09176:  MOVLB  7
09178:  MOVWF  x8F
0917A:  MOVLW  D6
0917C:  MOVWF  x8E
0917E:  MOVLB  0
09180:  CALL   5D8E
09184:  MOVFF  02,03
09188:  MOVF   01,W
0918A:  ADDLW  D6
0918C:  MOVLB  7
0918E:  MOVWF  x8D
09190:  MOVLW  04
09192:  ADDWFC 02,W
09194:  MOVWF  x8E
09196:  MOVFF  FE8,57A
0919A:  MOVFF  78D,579
0919E:  MOVLW  89
091A0:  MOVWF  FE9
091A2:  MOVFF  123,793
091A6:  MOVFF  122,792
091AA:  MOVFF  121,791
091AE:  MOVFF  120,790
091B2:  MOVLW  03
091B4:  MOVWF  x94
091B6:  MOVLB  0
091B8:  CALL   6C44
091BC:  MOVLW  2C
091BE:  MOVLB  7
091C0:  MOVWF  x9D
091C2:  MOVLB  0
091C4:  CALL   5DC6
....................    }
091C8:  BRA    9514
....................    else if (0 == strcmp(s_3V3A, arg1)) {
091CA:  MOVFF  77A,78F
091CE:  MOVFF  779,78E
091D2:  MOVFF  759,791
091D6:  MOVFF  758,790
091DA:  CALL   5E44
091DE:  MOVF   01,F
091E0:  BNZ   9238
....................       sprintf(retData+strlen(retData), "%.3f,", monitorVals.v3V3A);
091E2:  MOVLW  04
091E4:  MOVLB  7
091E6:  MOVWF  x8F
091E8:  MOVLW  D6
091EA:  MOVWF  x8E
091EC:  MOVLB  0
091EE:  CALL   5D8E
091F2:  MOVFF  02,03
091F6:  MOVF   01,W
091F8:  ADDLW  D6
091FA:  MOVLB  7
091FC:  MOVWF  x8D
091FE:  MOVLW  04
09200:  ADDWFC 02,W
09202:  MOVWF  x8E
09204:  MOVFF  FE8,57A
09208:  MOVFF  78D,579
0920C:  MOVLW  89
0920E:  MOVWF  FE9
09210:  MOVFF  127,793
09214:  MOVFF  126,792
09218:  MOVFF  125,791
0921C:  MOVFF  124,790
09220:  MOVLW  03
09222:  MOVWF  x94
09224:  MOVLB  0
09226:  CALL   6C44
0922A:  MOVLW  2C
0922C:  MOVLB  7
0922E:  MOVWF  x9D
09230:  MOVLB  0
09232:  CALL   5DC6
....................    }
09236:  BRA    9514
....................    else if (0 == strcmp(s_3V3D, arg1)) {
09238:  MOVFF  781,78F
0923C:  MOVFF  780,78E
09240:  MOVFF  759,791
09244:  MOVFF  758,790
09248:  CALL   5E44
0924C:  MOVF   01,F
0924E:  BNZ   92A6
....................       sprintf(retData+strlen(retData), "%.3f,", monitorVals.v3V3D);
09250:  MOVLW  04
09252:  MOVLB  7
09254:  MOVWF  x8F
09256:  MOVLW  D6
09258:  MOVWF  x8E
0925A:  MOVLB  0
0925C:  CALL   5D8E
09260:  MOVFF  02,03
09264:  MOVF   01,W
09266:  ADDLW  D6
09268:  MOVLB  7
0926A:  MOVWF  x8D
0926C:  MOVLW  04
0926E:  ADDWFC 02,W
09270:  MOVWF  x8E
09272:  MOVFF  FE8,57A
09276:  MOVFF  78D,579
0927A:  MOVLW  89
0927C:  MOVWF  FE9
0927E:  MOVFF  12B,793
09282:  MOVFF  12A,792
09286:  MOVFF  129,791
0928A:  MOVFF  128,790
0928E:  MOVLW  03
09290:  MOVWF  x94
09292:  MOVLB  0
09294:  CALL   6C44
09298:  MOVLW  2C
0929A:  MOVLB  7
0929C:  MOVWF  x9D
0929E:  MOVLB  0
092A0:  CALL   5DC6
....................    }
092A4:  BRA    9514
....................    else if (0 == strcmp(s_all, arg1)) {
092A6:  MOVFF  788,78F
092AA:  MOVFF  787,78E
092AE:  MOVFF  759,791
092B2:  MOVFF  758,790
092B6:  CALL   5E44
092BA:  MOVF   01,F
092BC:  BTFSS  FD8.2
092BE:  BRA    950E
....................       sprintf(retData+strlen(retData), "%.2f,", monitorVals.vN15);
092C0:  MOVLW  04
092C2:  MOVLB  7
092C4:  MOVWF  x8F
092C6:  MOVLW  D6
092C8:  MOVWF  x8E
092CA:  MOVLB  0
092CC:  CALL   5D8E
092D0:  MOVFF  02,03
092D4:  MOVF   01,W
092D6:  ADDLW  D6
092D8:  MOVLB  7
092DA:  MOVWF  x8D
092DC:  MOVLW  04
092DE:  ADDWFC 02,W
092E0:  MOVWF  x8E
092E2:  MOVFF  FE8,57A
092E6:  MOVFF  78D,579
092EA:  MOVLW  89
092EC:  MOVWF  FE9
092EE:  MOVFF  113,793
092F2:  MOVFF  112,792
092F6:  MOVFF  111,791
092FA:  MOVFF  110,790
092FE:  MOVLW  02
09300:  MOVWF  x94
09302:  MOVLB  0
09304:  CALL   6C44
09308:  MOVLW  2C
0930A:  MOVLB  7
0930C:  MOVWF  x9D
0930E:  MOVLB  0
09310:  CALL   5DC6
....................       sprintf(retData+strlen(retData), "%.1f,", monitorVals.v200);
09314:  MOVLW  04
09316:  MOVLB  7
09318:  MOVWF  x8F
0931A:  MOVLW  D6
0931C:  MOVWF  x8E
0931E:  MOVLB  0
09320:  CALL   5D8E
09324:  MOVFF  02,03
09328:  MOVF   01,W
0932A:  ADDLW  D6
0932C:  MOVLB  7
0932E:  MOVWF  x8D
09330:  MOVLW  04
09332:  ADDWFC 02,W
09334:  MOVWF  x8E
09336:  MOVFF  FE8,57A
0933A:  MOVFF  78D,579
0933E:  MOVLW  89
09340:  MOVWF  FE9
09342:  MOVFF  117,793
09346:  MOVFF  116,792
0934A:  MOVFF  115,791
0934E:  MOVFF  114,790
09352:  MOVLW  01
09354:  MOVWF  x94
09356:  MOVLB  0
09358:  CALL   6C44
0935C:  MOVLW  2C
0935E:  MOVLB  7
09360:  MOVWF  x9D
09362:  MOVLB  0
09364:  CALL   5DC6
....................       sprintf(retData+strlen(retData), "%.3f,", monitorVals.v5V6);
09368:  MOVLW  04
0936A:  MOVLB  7
0936C:  MOVWF  x8F
0936E:  MOVLW  D6
09370:  MOVWF  x8E
09372:  MOVLB  0
09374:  CALL   5D8E
09378:  MOVFF  02,03
0937C:  MOVF   01,W
0937E:  ADDLW  D6
09380:  MOVLB  7
09382:  MOVWF  x8D
09384:  MOVLW  04
09386:  ADDWFC 02,W
09388:  MOVWF  x8E
0938A:  MOVFF  FE8,57A
0938E:  MOVFF  78D,579
09392:  MOVLW  89
09394:  MOVWF  FE9
09396:  MOVFF  11B,793
0939A:  MOVFF  11A,792
0939E:  MOVFF  119,791
093A2:  MOVFF  118,790
093A6:  MOVLW  03
093A8:  MOVWF  x94
093AA:  MOVLB  0
093AC:  CALL   6C44
093B0:  MOVLW  2C
093B2:  MOVLB  7
093B4:  MOVWF  x9D
093B6:  MOVLB  0
093B8:  CALL   5DC6
....................       sprintf(retData+strlen(retData), "%.3f,", monitorVals.v5VA);
093BC:  MOVLW  04
093BE:  MOVLB  7
093C0:  MOVWF  x8F
093C2:  MOVLW  D6
093C4:  MOVWF  x8E
093C6:  MOVLB  0
093C8:  CALL   5D8E
093CC:  MOVFF  02,03
093D0:  MOVF   01,W
093D2:  ADDLW  D6
093D4:  MOVLB  7
093D6:  MOVWF  x8D
093D8:  MOVLW  04
093DA:  ADDWFC 02,W
093DC:  MOVWF  x8E
093DE:  MOVFF  FE8,57A
093E2:  MOVFF  78D,579
093E6:  MOVLW  89
093E8:  MOVWF  FE9
093EA:  MOVFF  11F,793
093EE:  MOVFF  11E,792
093F2:  MOVFF  11D,791
093F6:  MOVFF  11C,790
093FA:  MOVLW  03
093FC:  MOVWF  x94
093FE:  MOVLB  0
09400:  CALL   6C44
09404:  MOVLW  2C
09406:  MOVLB  7
09408:  MOVWF  x9D
0940A:  MOVLB  0
0940C:  CALL   5DC6
....................       sprintf(retData+strlen(retData), "%.3f,", monitorVals.v3V6X);
09410:  MOVLW  04
09412:  MOVLB  7
09414:  MOVWF  x8F
09416:  MOVLW  D6
09418:  MOVWF  x8E
0941A:  MOVLB  0
0941C:  CALL   5D8E
09420:  MOVFF  02,03
09424:  MOVF   01,W
09426:  ADDLW  D6
09428:  MOVLB  7
0942A:  MOVWF  x8D
0942C:  MOVLW  04
0942E:  ADDWFC 02,W
09430:  MOVWF  x8E
09432:  MOVFF  FE8,57A
09436:  MOVFF  78D,579
0943A:  MOVLW  89
0943C:  MOVWF  FE9
0943E:  MOVFF  123,793
09442:  MOVFF  122,792
09446:  MOVFF  121,791
0944A:  MOVFF  120,790
0944E:  MOVLW  03
09450:  MOVWF  x94
09452:  MOVLB  0
09454:  CALL   6C44
09458:  MOVLW  2C
0945A:  MOVLB  7
0945C:  MOVWF  x9D
0945E:  MOVLB  0
09460:  CALL   5DC6
....................       sprintf(retData+strlen(retData), "%.3f,", monitorVals.v3V3A);
09464:  MOVLW  04
09466:  MOVLB  7
09468:  MOVWF  x8F
0946A:  MOVLW  D6
0946C:  MOVWF  x8E
0946E:  MOVLB  0
09470:  CALL   5D8E
09474:  MOVFF  02,03
09478:  MOVF   01,W
0947A:  ADDLW  D6
0947C:  MOVLB  7
0947E:  MOVWF  x8D
09480:  MOVLW  04
09482:  ADDWFC 02,W
09484:  MOVWF  x8E
09486:  MOVFF  FE8,57A
0948A:  MOVFF  78D,579
0948E:  MOVLW  89
09490:  MOVWF  FE9
09492:  MOVFF  127,793
09496:  MOVFF  126,792
0949A:  MOVFF  125,791
0949E:  MOVFF  124,790
094A2:  MOVLW  03
094A4:  MOVWF  x94
094A6:  MOVLB  0
094A8:  CALL   6C44
094AC:  MOVLW  2C
094AE:  MOVLB  7
094B0:  MOVWF  x9D
094B2:  MOVLB  0
094B4:  CALL   5DC6
....................       sprintf(retData+strlen(retData), "%.3f,", monitorVals.v3V3D);
094B8:  MOVLW  04
094BA:  MOVLB  7
094BC:  MOVWF  x8F
094BE:  MOVLW  D6
094C0:  MOVWF  x8E
094C2:  MOVLB  0
094C4:  CALL   5D8E
094C8:  MOVFF  02,03
094CC:  MOVF   01,W
094CE:  ADDLW  D6
094D0:  MOVLB  7
094D2:  MOVWF  x8D
094D4:  MOVLW  04
094D6:  ADDWFC 02,W
094D8:  MOVWF  x8E
094DA:  MOVFF  FE8,57A
094DE:  MOVFF  78D,579
094E2:  MOVLW  89
094E4:  MOVWF  FE9
094E6:  MOVFF  12B,793
094EA:  MOVFF  12A,792
094EE:  MOVFF  129,791
094F2:  MOVFF  128,790
094F6:  MOVLW  03
094F8:  MOVWF  x94
094FA:  MOVLB  0
094FC:  CALL   6C44
09500:  MOVLW  2C
09502:  MOVLB  7
09504:  MOVWF  x9D
09506:  MOVLB  0
09508:  CALL   5DC6
....................    }
0950C:  BRA    9514
....................    else return INV_PARAM;
0950E:  MOVLW  02
09510:  MOVWF  01
09512:  BRA    9518
....................    
....................    return SUCCESS;
09514:  MOVLW  00
09516:  MOVWF  01
09518:  RETURN 0
.................... }
.................... 
.................... int8 getPIDdata(unsigned int8 rec){
....................   /*** ARG CHECKS ********************/ 
....................    int8 arg1;
....................    char *arg2;
....................    char *s_SP = "SP";
0951A:  MOVLW  53
0951C:  MOVLB  7
0951E:  MOVWF  x5D
09520:  MOVLW  50
09522:  MOVWF  x5E
09524:  CLRF   x5F
09526:  MOVLW  07
09528:  MOVWF  x5C
0952A:  MOVLW  5D
0952C:  MOVWF  x5B
....................    char *s_PV = "PV";
0952E:  MOVLW  50
09530:  MOVWF  x62
09532:  MOVLW  56
09534:  MOVWF  x63
09536:  CLRF   x64
09538:  MOVLW  07
0953A:  MOVWF  x61
0953C:  MOVLW  62
0953E:  MOVWF  x60
....................    char *s_PVold = "PVold";
09540:  MOVLW  50
09542:  MOVWF  x67
09544:  MOVLW  56
09546:  MOVWF  x68
09548:  MOVLW  6F
0954A:  MOVWF  x69
0954C:  MOVLW  6C
0954E:  MOVWF  x6A
09550:  MOVLW  64
09552:  MOVWF  x6B
09554:  CLRF   x6C
09556:  MOVLW  07
09558:  MOVWF  x66
0955A:  MOVLW  67
0955C:  MOVWF  x65
....................    char *s_CV = "CV";
0955E:  MOVLW  43
09560:  MOVWF  x6F
09562:  MOVLW  56
09564:  MOVWF  x70
09566:  CLRF   x71
09568:  MOVLW  07
0956A:  MOVWF  x6E
0956C:  MOVLW  6F
0956E:  MOVWF  x6D
....................    char *s_I = "I";
09570:  MOVLW  49
09572:  MOVWF  x74
09574:  CLRF   x75
09576:  MOVLW  07
09578:  MOVWF  x73
0957A:  MOVLW  74
0957C:  MOVWF  x72
....................    char *s_maxSP = "maxSP";
0957E:  MOVLW  6D
09580:  MOVWF  x78
09582:  MOVLW  61
09584:  MOVWF  x79
09586:  MOVLW  78
09588:  MOVWF  x7A
0958A:  MOVLW  53
0958C:  MOVWF  x7B
0958E:  MOVLW  50
09590:  MOVWF  x7C
09592:  CLRF   x7D
09594:  MOVLW  07
09596:  MOVWF  x77
09598:  MOVLW  78
0959A:  MOVWF  x76
....................    char *s_minSP = "minSP";
0959C:  MOVLW  6D
0959E:  MOVWF  x80
095A0:  MOVLW  69
095A2:  MOVWF  x81
095A4:  MOVLW  6E
095A6:  MOVWF  x82
095A8:  MOVLW  53
095AA:  MOVWF  x83
095AC:  MOVLW  50
095AE:  MOVWF  x84
095B0:  CLRF   x85
095B2:  MOVLW  07
095B4:  MOVWF  x7F
095B6:  MOVLW  80
095B8:  MOVWF  x7E
....................    
....................    if (!is_valid_channel(SERcmd[rec].p[2])) return INV_PARAM;
095BA:  CLRF   x94
095BC:  MOVFF  6E2,793
095C0:  CLRF   x96
095C2:  MOVLW  B5
095C4:  MOVWF  x95
095C6:  MOVLB  0
095C8:  CALL   095E
095CC:  MOVFF  02,787
095D0:  MOVFF  01,786
095D4:  MOVLW  06
095D6:  MOVLB  7
095D8:  ADDWF  x86,F
095DA:  MOVLW  00
095DC:  ADDWFC x87,F
095DE:  MOVLW  32
095E0:  ADDWF  x86,W
095E2:  MOVWF  01
095E4:  MOVLW  00
095E6:  ADDWFC x87,W
095E8:  MOVWF  03
095EA:  MOVF   01,W
095EC:  MOVLW  02
095EE:  ADDWF  03,F
095F0:  MOVFF  01,786
095F4:  MOVFF  03,787
095F8:  MOVFF  03,78A
095FC:  MOVFF  01,789
09600:  MOVLB  0
09602:  CALL   5F6E
09606:  MOVF   01,F
09608:  BNZ   9612
0960A:  MOVLW  02
0960C:  MOVWF  01
0960E:  BRA    9BCE
09610:  BRA    966C
....................    else arg1 = strtoul(SERcmd[rec].p[2],'\0',10);
09612:  MOVLB  7
09614:  CLRF   x94
09616:  MOVFF  6E2,793
0961A:  CLRF   x96
0961C:  MOVLW  B5
0961E:  MOVWF  x95
09620:  MOVLB  0
09622:  CALL   095E
09626:  MOVFF  02,787
0962A:  MOVFF  01,786
0962E:  MOVLW  06
09630:  MOVLB  7
09632:  ADDWF  x86,F
09634:  MOVLW  00
09636:  ADDWFC x87,F
09638:  MOVLW  32
0963A:  ADDWF  x86,W
0963C:  MOVWF  01
0963E:  MOVLW  00
09640:  ADDWFC x87,W
09642:  MOVWF  03
09644:  MOVF   01,W
09646:  MOVLW  02
09648:  ADDWF  03,F
0964A:  MOVFF  01,786
0964E:  MOVFF  03,787
09652:  MOVFF  03,78A
09656:  MOVFF  01,789
0965A:  CLRF   x8C
0965C:  CLRF   x8B
0965E:  MOVLW  0A
09660:  MOVWF  x8D
09662:  MOVLB  0
09664:  CALL   605E
09668:  MOVFF  01,758
....................    
....................    arg2 = SERcmd[rec].p[3];
0966C:  MOVLB  7
0966E:  CLRF   x94
09670:  MOVFF  6E2,793
09674:  CLRF   x96
09676:  MOVLW  B5
09678:  MOVWF  x95
0967A:  MOVLB  0
0967C:  CALL   095E
09680:  MOVFF  02,787
09684:  MOVFF  01,786
09688:  MOVLW  06
0968A:  MOVLB  7
0968C:  ADDWF  x86,F
0968E:  MOVLW  00
09690:  ADDWFC x87,F
09692:  MOVLW  4B
09694:  ADDWF  x86,W
09696:  MOVWF  01
09698:  MOVLW  00
0969A:  ADDWFC x87,W
0969C:  MOVWF  03
0969E:  MOVF   01,W
096A0:  MOVLW  02
096A2:  ADDWF  03,F
096A4:  MOVFF  01,759
096A8:  MOVFF  03,75A
....................    
....................    /*** GET PV, CV, PVold, I, or A(LL) VALUE **********/
....................    if      (0 == strcmp(s_SP, arg2))     sprintf(retData+strlen(retData), "%d,%f,", arg1, PID[arg1-1].SP);
096AC:  MOVFF  75C,78F
096B0:  MOVFF  75B,78E
096B4:  MOVFF  75A,791
096B8:  MOVFF  759,790
096BC:  MOVLB  0
096BE:  CALL   5E44
096C2:  MOVF   01,F
096C4:  BNZ   9768
096C6:  MOVLW  04
096C8:  MOVLB  7
096CA:  MOVWF  x8F
096CC:  MOVLW  D6
096CE:  MOVWF  x8E
096D0:  MOVLB  0
096D2:  CALL   5D8E
096D6:  MOVF   01,W
096D8:  ADDLW  D6
096DA:  MOVLB  7
096DC:  MOVWF  x86
096DE:  MOVLW  04
096E0:  ADDWFC 02,W
096E2:  MOVWF  x87
096E4:  MOVLW  01
096E6:  SUBWF  x58,W
096E8:  MULLW  28
096EA:  MOVF   FF3,W
096EC:  CLRF   x89
096EE:  MOVWF  x88
096F0:  MOVLW  0C
096F2:  ADDWF  x88,W
096F4:  MOVWF  01
096F6:  MOVLW  00
096F8:  ADDWFC x89,W
096FA:  MOVWF  03
096FC:  MOVF   01,W
096FE:  ADDLW  35
09700:  MOVWF  FE9
09702:  MOVLW  00
09704:  ADDWFC 03,W
09706:  MOVWF  FEA
09708:  MOVFF  FEF,788
0970C:  MOVFF  FEC,789
09710:  MOVFF  FEC,78A
09714:  MOVFF  FEC,78B
09718:  MOVFF  787,57A
0971C:  MOVFF  786,579
09720:  MOVFF  758,78D
09724:  MOVLW  18
09726:  MOVWF  x8E
09728:  MOVLB  0
0972A:  CALL   63B2
0972E:  MOVLW  2C
09730:  MOVLB  7
09732:  MOVWF  x9D
09734:  MOVLB  0
09736:  CALL   5DC6
0973A:  MOVLW  89
0973C:  MOVWF  FE9
0973E:  MOVFF  78B,793
09742:  MOVFF  78A,792
09746:  MOVFF  789,791
0974A:  MOVFF  788,790
0974E:  MOVLW  02
09750:  MOVLB  7
09752:  MOVWF  x94
09754:  MOVLB  0
09756:  CALL   6C44
0975A:  MOVLW  2C
0975C:  MOVLB  7
0975E:  MOVWF  x9D
09760:  MOVLB  0
09762:  CALL   5DC6
09766:  BRA    9BCA
....................    else if (0 == strcmp(s_PV, arg2))     sprintf(retData+strlen(retData), "%d,%f,", arg1, PID[arg1-1].PV);
09768:  MOVFF  761,78F
0976C:  MOVFF  760,78E
09770:  MOVFF  75A,791
09774:  MOVFF  759,790
09778:  CALL   5E44
0977C:  MOVF   01,F
0977E:  BNZ   9822
09780:  MOVLW  04
09782:  MOVLB  7
09784:  MOVWF  x8F
09786:  MOVLW  D6
09788:  MOVWF  x8E
0978A:  MOVLB  0
0978C:  CALL   5D8E
09790:  MOVF   01,W
09792:  ADDLW  D6
09794:  MOVLB  7
09796:  MOVWF  x86
09798:  MOVLW  04
0979A:  ADDWFC 02,W
0979C:  MOVWF  x87
0979E:  MOVLW  01
097A0:  SUBWF  x58,W
097A2:  MULLW  28
097A4:  MOVF   FF3,W
097A6:  CLRF   x89
097A8:  MOVWF  x88
097AA:  MOVLW  10
097AC:  ADDWF  x88,W
097AE:  MOVWF  01
097B0:  MOVLW  00
097B2:  ADDWFC x89,W
097B4:  MOVWF  03
097B6:  MOVF   01,W
097B8:  ADDLW  35
097BA:  MOVWF  FE9
097BC:  MOVLW  00
097BE:  ADDWFC 03,W
097C0:  MOVWF  FEA
097C2:  MOVFF  FEF,788
097C6:  MOVFF  FEC,789
097CA:  MOVFF  FEC,78A
097CE:  MOVFF  FEC,78B
097D2:  MOVFF  787,57A
097D6:  MOVFF  786,579
097DA:  MOVFF  758,78D
097DE:  MOVLW  18
097E0:  MOVWF  x8E
097E2:  MOVLB  0
097E4:  CALL   63B2
097E8:  MOVLW  2C
097EA:  MOVLB  7
097EC:  MOVWF  x9D
097EE:  MOVLB  0
097F0:  CALL   5DC6
097F4:  MOVLW  89
097F6:  MOVWF  FE9
097F8:  MOVFF  78B,793
097FC:  MOVFF  78A,792
09800:  MOVFF  789,791
09804:  MOVFF  788,790
09808:  MOVLW  02
0980A:  MOVLB  7
0980C:  MOVWF  x94
0980E:  MOVLB  0
09810:  CALL   6C44
09814:  MOVLW  2C
09816:  MOVLB  7
09818:  MOVWF  x9D
0981A:  MOVLB  0
0981C:  CALL   5DC6
09820:  BRA    9BCA
....................    else if (0 == strcmp(s_PVold, arg2))  sprintf(retData+strlen(retData), "%d,%f,", arg1, PID[arg1-1].PVold);
09822:  MOVFF  766,78F
09826:  MOVFF  765,78E
0982A:  MOVFF  75A,791
0982E:  MOVFF  759,790
09832:  CALL   5E44
09836:  MOVF   01,F
09838:  BNZ   98DC
0983A:  MOVLW  04
0983C:  MOVLB  7
0983E:  MOVWF  x8F
09840:  MOVLW  D6
09842:  MOVWF  x8E
09844:  MOVLB  0
09846:  CALL   5D8E
0984A:  MOVF   01,W
0984C:  ADDLW  D6
0984E:  MOVLB  7
09850:  MOVWF  x86
09852:  MOVLW  04
09854:  ADDWFC 02,W
09856:  MOVWF  x87
09858:  MOVLW  01
0985A:  SUBWF  x58,W
0985C:  MULLW  28
0985E:  MOVF   FF3,W
09860:  CLRF   x89
09862:  MOVWF  x88
09864:  MOVLW  14
09866:  ADDWF  x88,W
09868:  MOVWF  01
0986A:  MOVLW  00
0986C:  ADDWFC x89,W
0986E:  MOVWF  03
09870:  MOVF   01,W
09872:  ADDLW  35
09874:  MOVWF  FE9
09876:  MOVLW  00
09878:  ADDWFC 03,W
0987A:  MOVWF  FEA
0987C:  MOVFF  FEF,788
09880:  MOVFF  FEC,789
09884:  MOVFF  FEC,78A
09888:  MOVFF  FEC,78B
0988C:  MOVFF  787,57A
09890:  MOVFF  786,579
09894:  MOVFF  758,78D
09898:  MOVLW  18
0989A:  MOVWF  x8E
0989C:  MOVLB  0
0989E:  CALL   63B2
098A2:  MOVLW  2C
098A4:  MOVLB  7
098A6:  MOVWF  x9D
098A8:  MOVLB  0
098AA:  CALL   5DC6
098AE:  MOVLW  89
098B0:  MOVWF  FE9
098B2:  MOVFF  78B,793
098B6:  MOVFF  78A,792
098BA:  MOVFF  789,791
098BE:  MOVFF  788,790
098C2:  MOVLW  02
098C4:  MOVLB  7
098C6:  MOVWF  x94
098C8:  MOVLB  0
098CA:  CALL   6C44
098CE:  MOVLW  2C
098D0:  MOVLB  7
098D2:  MOVWF  x9D
098D4:  MOVLB  0
098D6:  CALL   5DC6
098DA:  BRA    9BCA
....................    else if (0 == strcmp(s_CV, arg2))     sprintf(retData+strlen(retData), "%d,%f,", arg1, PID[arg1-1].CV);
098DC:  MOVFF  76E,78F
098E0:  MOVFF  76D,78E
098E4:  MOVFF  75A,791
098E8:  MOVFF  759,790
098EC:  CALL   5E44
098F0:  MOVF   01,F
098F2:  BNZ   9996
098F4:  MOVLW  04
098F6:  MOVLB  7
098F8:  MOVWF  x8F
098FA:  MOVLW  D6
098FC:  MOVWF  x8E
098FE:  MOVLB  0
09900:  CALL   5D8E
09904:  MOVF   01,W
09906:  ADDLW  D6
09908:  MOVLB  7
0990A:  MOVWF  x86
0990C:  MOVLW  04
0990E:  ADDWFC 02,W
09910:  MOVWF  x87
09912:  MOVLW  01
09914:  SUBWF  x58,W
09916:  MULLW  28
09918:  MOVF   FF3,W
0991A:  CLRF   x89
0991C:  MOVWF  x88
0991E:  MOVLW  18
09920:  ADDWF  x88,W
09922:  MOVWF  01
09924:  MOVLW  00
09926:  ADDWFC x89,W
09928:  MOVWF  03
0992A:  MOVF   01,W
0992C:  ADDLW  35
0992E:  MOVWF  FE9
09930:  MOVLW  00
09932:  ADDWFC 03,W
09934:  MOVWF  FEA
09936:  MOVFF  FEF,788
0993A:  MOVFF  FEC,789
0993E:  MOVFF  FEC,78A
09942:  MOVFF  FEC,78B
09946:  MOVFF  787,57A
0994A:  MOVFF  786,579
0994E:  MOVFF  758,78D
09952:  MOVLW  18
09954:  MOVWF  x8E
09956:  MOVLB  0
09958:  CALL   63B2
0995C:  MOVLW  2C
0995E:  MOVLB  7
09960:  MOVWF  x9D
09962:  MOVLB  0
09964:  CALL   5DC6
09968:  MOVLW  89
0996A:  MOVWF  FE9
0996C:  MOVFF  78B,793
09970:  MOVFF  78A,792
09974:  MOVFF  789,791
09978:  MOVFF  788,790
0997C:  MOVLW  02
0997E:  MOVLB  7
09980:  MOVWF  x94
09982:  MOVLB  0
09984:  CALL   6C44
09988:  MOVLW  2C
0998A:  MOVLB  7
0998C:  MOVWF  x9D
0998E:  MOVLB  0
09990:  CALL   5DC6
09994:  BRA    9BCA
....................    else if (0 == strcmp(s_I, arg2))      sprintf(retData+strlen(retData), "%d,%f,", arg1, PID[arg1-1].I);
09996:  MOVFF  773,78F
0999A:  MOVFF  772,78E
0999E:  MOVFF  75A,791
099A2:  MOVFF  759,790
099A6:  CALL   5E44
099AA:  MOVF   01,F
099AC:  BNZ   9A50
099AE:  MOVLW  04
099B0:  MOVLB  7
099B2:  MOVWF  x8F
099B4:  MOVLW  D6
099B6:  MOVWF  x8E
099B8:  MOVLB  0
099BA:  CALL   5D8E
099BE:  MOVF   01,W
099C0:  ADDLW  D6
099C2:  MOVLB  7
099C4:  MOVWF  x86
099C6:  MOVLW  04
099C8:  ADDWFC 02,W
099CA:  MOVWF  x87
099CC:  MOVLW  01
099CE:  SUBWF  x58,W
099D0:  MULLW  28
099D2:  MOVF   FF3,W
099D4:  CLRF   x89
099D6:  MOVWF  x88
099D8:  MOVLW  1C
099DA:  ADDWF  x88,W
099DC:  MOVWF  01
099DE:  MOVLW  00
099E0:  ADDWFC x89,W
099E2:  MOVWF  03
099E4:  MOVF   01,W
099E6:  ADDLW  35
099E8:  MOVWF  FE9
099EA:  MOVLW  00
099EC:  ADDWFC 03,W
099EE:  MOVWF  FEA
099F0:  MOVFF  FEF,788
099F4:  MOVFF  FEC,789
099F8:  MOVFF  FEC,78A
099FC:  MOVFF  FEC,78B
09A00:  MOVFF  787,57A
09A04:  MOVFF  786,579
09A08:  MOVFF  758,78D
09A0C:  MOVLW  18
09A0E:  MOVWF  x8E
09A10:  MOVLB  0
09A12:  CALL   63B2
09A16:  MOVLW  2C
09A18:  MOVLB  7
09A1A:  MOVWF  x9D
09A1C:  MOVLB  0
09A1E:  CALL   5DC6
09A22:  MOVLW  89
09A24:  MOVWF  FE9
09A26:  MOVFF  78B,793
09A2A:  MOVFF  78A,792
09A2E:  MOVFF  789,791
09A32:  MOVFF  788,790
09A36:  MOVLW  02
09A38:  MOVLB  7
09A3A:  MOVWF  x94
09A3C:  MOVLB  0
09A3E:  CALL   6C44
09A42:  MOVLW  2C
09A44:  MOVLB  7
09A46:  MOVWF  x9D
09A48:  MOVLB  0
09A4A:  CALL   5DC6
09A4E:  BRA    9BCA
....................    else if (0 == strcmp(s_maxSP, arg2))  sprintf(retData+strlen(retData), "%d,%f,", arg1, PID[arg1-1].maxSP);
09A50:  MOVFF  777,78F
09A54:  MOVFF  776,78E
09A58:  MOVFF  75A,791
09A5C:  MOVFF  759,790
09A60:  CALL   5E44
09A64:  MOVF   01,F
09A66:  BNZ   9B0A
09A68:  MOVLW  04
09A6A:  MOVLB  7
09A6C:  MOVWF  x8F
09A6E:  MOVLW  D6
09A70:  MOVWF  x8E
09A72:  MOVLB  0
09A74:  CALL   5D8E
09A78:  MOVF   01,W
09A7A:  ADDLW  D6
09A7C:  MOVLB  7
09A7E:  MOVWF  x86
09A80:  MOVLW  04
09A82:  ADDWFC 02,W
09A84:  MOVWF  x87
09A86:  MOVLW  01
09A88:  SUBWF  x58,W
09A8A:  MULLW  28
09A8C:  MOVF   FF3,W
09A8E:  CLRF   x89
09A90:  MOVWF  x88
09A92:  MOVLW  20
09A94:  ADDWF  x88,W
09A96:  MOVWF  01
09A98:  MOVLW  00
09A9A:  ADDWFC x89,W
09A9C:  MOVWF  03
09A9E:  MOVF   01,W
09AA0:  ADDLW  35
09AA2:  MOVWF  FE9
09AA4:  MOVLW  00
09AA6:  ADDWFC 03,W
09AA8:  MOVWF  FEA
09AAA:  MOVFF  FEF,788
09AAE:  MOVFF  FEC,789
09AB2:  MOVFF  FEC,78A
09AB6:  MOVFF  FEC,78B
09ABA:  MOVFF  787,57A
09ABE:  MOVFF  786,579
09AC2:  MOVFF  758,78D
09AC6:  MOVLW  18
09AC8:  MOVWF  x8E
09ACA:  MOVLB  0
09ACC:  CALL   63B2
09AD0:  MOVLW  2C
09AD2:  MOVLB  7
09AD4:  MOVWF  x9D
09AD6:  MOVLB  0
09AD8:  CALL   5DC6
09ADC:  MOVLW  89
09ADE:  MOVWF  FE9
09AE0:  MOVFF  78B,793
09AE4:  MOVFF  78A,792
09AE8:  MOVFF  789,791
09AEC:  MOVFF  788,790
09AF0:  MOVLW  02
09AF2:  MOVLB  7
09AF4:  MOVWF  x94
09AF6:  MOVLB  0
09AF8:  CALL   6C44
09AFC:  MOVLW  2C
09AFE:  MOVLB  7
09B00:  MOVWF  x9D
09B02:  MOVLB  0
09B04:  CALL   5DC6
09B08:  BRA    9BCA
....................    else if (0 == strcmp(s_minSP, arg2))  sprintf(retData+strlen(retData), "%d,%f,", arg1, PID[arg1-1].minSP);
09B0A:  MOVFF  77F,78F
09B0E:  MOVFF  77E,78E
09B12:  MOVFF  75A,791
09B16:  MOVFF  759,790
09B1A:  CALL   5E44
09B1E:  MOVF   01,F
09B20:  BNZ   9BC4
09B22:  MOVLW  04
09B24:  MOVLB  7
09B26:  MOVWF  x8F
09B28:  MOVLW  D6
09B2A:  MOVWF  x8E
09B2C:  MOVLB  0
09B2E:  CALL   5D8E
09B32:  MOVF   01,W
09B34:  ADDLW  D6
09B36:  MOVLB  7
09B38:  MOVWF  x86
09B3A:  MOVLW  04
09B3C:  ADDWFC 02,W
09B3E:  MOVWF  x87
09B40:  MOVLW  01
09B42:  SUBWF  x58,W
09B44:  MULLW  28
09B46:  MOVF   FF3,W
09B48:  CLRF   x89
09B4A:  MOVWF  x88
09B4C:  MOVLW  24
09B4E:  ADDWF  x88,W
09B50:  MOVWF  01
09B52:  MOVLW  00
09B54:  ADDWFC x89,W
09B56:  MOVWF  03
09B58:  MOVF   01,W
09B5A:  ADDLW  35
09B5C:  MOVWF  FE9
09B5E:  MOVLW  00
09B60:  ADDWFC 03,W
09B62:  MOVWF  FEA
09B64:  MOVFF  FEF,788
09B68:  MOVFF  FEC,789
09B6C:  MOVFF  FEC,78A
09B70:  MOVFF  FEC,78B
09B74:  MOVFF  787,57A
09B78:  MOVFF  786,579
09B7C:  MOVFF  758,78D
09B80:  MOVLW  18
09B82:  MOVWF  x8E
09B84:  MOVLB  0
09B86:  CALL   63B2
09B8A:  MOVLW  2C
09B8C:  MOVLB  7
09B8E:  MOVWF  x9D
09B90:  MOVLB  0
09B92:  CALL   5DC6
09B96:  MOVLW  89
09B98:  MOVWF  FE9
09B9A:  MOVFF  78B,793
09B9E:  MOVFF  78A,792
09BA2:  MOVFF  789,791
09BA6:  MOVFF  788,790
09BAA:  MOVLW  02
09BAC:  MOVLB  7
09BAE:  MOVWF  x94
09BB0:  MOVLB  0
09BB2:  CALL   6C44
09BB6:  MOVLW  2C
09BB8:  MOVLB  7
09BBA:  MOVWF  x9D
09BBC:  MOVLB  0
09BBE:  CALL   5DC6
09BC2:  BRA    9BCA
....................    else return INV_PARAM;
09BC4:  MOVLW  02
09BC6:  MOVWF  01
09BC8:  BRA    9BCE
....................    
....................    return SUCCESS;
09BCA:  MOVLW  00
09BCC:  MOVWF  01
09BCE:  RETURN 0
.................... }
.................... 
.................... int8 getIPdata(unsigned int8 rec){
....................    /*** ARG CHECKS ********************/
....................    int8  arg1;
....................    char *arg2;
....................    char *s_raw = "raw";
*
09CEE:  MOVLW  72
09CF0:  MOVLB  7
09CF2:  MOVWF  x5D
09CF4:  MOVLW  61
09CF6:  MOVWF  x5E
09CF8:  MOVLW  77
09CFA:  MOVWF  x5F
09CFC:  CLRF   x60
09CFE:  MOVLW  07
09D00:  MOVWF  x5C
09D02:  MOVLW  5D
09D04:  MOVWF  x5B
....................    char *s_calibrated = "calib";
09D06:  MOVLW  63
09D08:  MOVWF  x63
09D0A:  MOVLW  61
09D0C:  MOVWF  x64
09D0E:  MOVLW  6C
09D10:  MOVWF  x65
09D12:  MOVLW  69
09D14:  MOVWF  x66
09D16:  MOVLW  62
09D18:  MOVWF  x67
09D1A:  CLRF   x68
09D1C:  MOVLW  07
09D1E:  MOVWF  x62
09D20:  MOVLW  63
09D22:  MOVWF  x61
....................    char *s_p0 = "p0";
09D24:  MOVLW  70
09D26:  MOVWF  x6B
09D28:  MOVLW  30
09D2A:  MOVWF  x6C
09D2C:  CLRF   x6D
09D2E:  MOVLW  07
09D30:  MOVWF  x6A
09D32:  MOVLW  6B
09D34:  MOVWF  x69
....................    char *s_poles = "poles";
09D36:  MOVLW  70
09D38:  MOVWF  x70
09D3A:  MOVLW  6F
09D3C:  MOVWF  x71
09D3E:  MOVLW  6C
09D40:  MOVWF  x72
09D42:  MOVLW  65
09D44:  MOVWF  x73
09D46:  MOVLW  73
09D48:  MOVWF  x74
09D4A:  CLRF   x75
09D4C:  MOVLW  07
09D4E:  MOVWF  x6F
09D50:  MOVLW  70
09D52:  MOVWF  x6E
....................    char *s_real = "real";
09D54:  MOVLW  72
09D56:  MOVWF  x78
09D58:  MOVLW  65
09D5A:  MOVWF  x79
09D5C:  MOVLW  61
09D5E:  MOVWF  x7A
09D60:  MOVLW  6C
09D62:  MOVWF  x7B
09D64:  CLRF   x7C
09D66:  MOVLW  07
09D68:  MOVWF  x77
09D6A:  MOVLW  78
09D6C:  MOVWF  x76
....................    
....................    if (!is_valid_channel(SERcmd[rec].p[2])) return INV_PARAM;
09D6E:  CLRF   x94
09D70:  MOVFF  6E2,793
09D74:  CLRF   x96
09D76:  MOVLW  B5
09D78:  MOVWF  x95
09D7A:  MOVLB  0
09D7C:  CALL   095E
09D80:  MOVFF  02,77E
09D84:  MOVFF  01,77D
09D88:  MOVLW  06
09D8A:  MOVLB  7
09D8C:  ADDWF  x7D,F
09D8E:  MOVLW  00
09D90:  ADDWFC x7E,F
09D92:  MOVLW  32
09D94:  ADDWF  x7D,W
09D96:  MOVWF  01
09D98:  MOVLW  00
09D9A:  ADDWFC x7E,W
09D9C:  MOVWF  03
09D9E:  MOVF   01,W
09DA0:  MOVLW  02
09DA2:  ADDWF  03,F
09DA4:  MOVFF  01,77D
09DA8:  MOVFF  03,77E
09DAC:  MOVFF  03,78A
09DB0:  MOVFF  01,789
09DB4:  MOVLB  0
09DB6:  CALL   5F6E
09DBA:  MOVF   01,F
09DBC:  BNZ   9DC6
09DBE:  MOVLW  02
09DC0:  MOVWF  01
09DC2:  BRA    A402
09DC4:  BRA    9E20
....................    else arg1 = strtoul(SERcmd[rec].p[2],'\0',10);
09DC6:  MOVLB  7
09DC8:  CLRF   x94
09DCA:  MOVFF  6E2,793
09DCE:  CLRF   x96
09DD0:  MOVLW  B5
09DD2:  MOVWF  x95
09DD4:  MOVLB  0
09DD6:  CALL   095E
09DDA:  MOVFF  02,77E
09DDE:  MOVFF  01,77D
09DE2:  MOVLW  06
09DE4:  MOVLB  7
09DE6:  ADDWF  x7D,F
09DE8:  MOVLW  00
09DEA:  ADDWFC x7E,F
09DEC:  MOVLW  32
09DEE:  ADDWF  x7D,W
09DF0:  MOVWF  01
09DF2:  MOVLW  00
09DF4:  ADDWFC x7E,W
09DF6:  MOVWF  03
09DF8:  MOVF   01,W
09DFA:  MOVLW  02
09DFC:  ADDWF  03,F
09DFE:  MOVFF  01,77D
09E02:  MOVFF  03,77E
09E06:  MOVFF  03,78A
09E0A:  MOVFF  01,789
09E0E:  CLRF   x8C
09E10:  CLRF   x8B
09E12:  MOVLW  0A
09E14:  MOVWF  x8D
09E16:  MOVLB  0
09E18:  CALL   605E
09E1C:  MOVFF  01,758
....................    
....................    arg2 = SERcmd[rec].p[3];
09E20:  MOVLB  7
09E22:  CLRF   x94
09E24:  MOVFF  6E2,793
09E28:  CLRF   x96
09E2A:  MOVLW  B5
09E2C:  MOVWF  x95
09E2E:  MOVLB  0
09E30:  CALL   095E
09E34:  MOVFF  02,77E
09E38:  MOVFF  01,77D
09E3C:  MOVLW  06
09E3E:  MOVLB  7
09E40:  ADDWF  x7D,F
09E42:  MOVLW  00
09E44:  ADDWFC x7E,F
09E46:  MOVLW  4B
09E48:  ADDWF  x7D,W
09E4A:  MOVWF  01
09E4C:  MOVLW  00
09E4E:  ADDWFC x7E,W
09E50:  MOVWF  03
09E52:  MOVF   01,W
09E54:  MOVLW  02
09E56:  ADDWF  03,F
09E58:  MOVFF  01,759
09E5C:  MOVFF  03,75A
....................    
....................    /*** GET INPUT DATA ****************/
....................    if      (0 == strcmp(s_raw, arg2)) {
09E60:  MOVFF  75C,78F
09E64:  MOVFF  75B,78E
09E68:  MOVFF  75A,791
09E6C:  MOVFF  759,790
09E70:  MOVLB  0
09E72:  CALL   5E44
09E76:  MOVF   01,F
09E78:  BTFSS  FD8.2
09E7A:  BRA    9FF6
....................       sprintf(retData+strlen(retData), "%d,", arg1);
09E7C:  MOVLW  04
09E7E:  MOVLB  7
09E80:  MOVWF  x8F
09E82:  MOVLW  D6
09E84:  MOVWF  x8E
09E86:  MOVLB  0
09E88:  CALL   5D8E
09E8C:  MOVFF  02,03
09E90:  MOVF   01,W
09E92:  ADDLW  D6
09E94:  MOVLB  7
09E96:  MOVWF  x7D
09E98:  MOVLW  04
09E9A:  ADDWFC 02,W
09E9C:  MOVWF  x7E
09E9E:  MOVFF  FE8,57A
09EA2:  MOVFF  77D,579
09EA6:  MOVFF  758,78D
09EAA:  MOVLW  18
09EAC:  MOVWF  x8E
09EAE:  MOVLB  0
09EB0:  CALL   63B2
09EB4:  MOVLW  2C
09EB6:  MOVLB  7
09EB8:  MOVWF  x9D
09EBA:  MOVLB  0
09EBC:  CALL   5DC6
....................       sprintf(retData+strlen(retData), "%Ld,", (signed int32)adcVals[arg1-1].sinRaw);
09EC0:  MOVLW  04
09EC2:  MOVLB  7
09EC4:  MOVWF  x8F
09EC6:  MOVLW  D6
09EC8:  MOVWF  x8E
09ECA:  MOVLB  0
09ECC:  CALL   5D8E
09ED0:  MOVFF  02,03
09ED4:  MOVF   01,W
09ED6:  ADDLW  D6
09ED8:  MOVLB  7
09EDA:  MOVWF  x7D
09EDC:  MOVLW  04
09EDE:  ADDWFC 02,W
09EE0:  MOVWF  x7E
09EE2:  MOVLW  01
09EE4:  SUBWF  x58,W
09EE6:  MULLW  26
09EE8:  MOVF   FF3,W
09EEA:  CLRF   x80
09EEC:  MOVWF  x7F
09EEE:  MOVLW  2C
09EF0:  ADDWF  x7F,W
09EF2:  MOVWF  FE9
09EF4:  MOVLW  01
09EF6:  ADDWFC x80,W
09EF8:  MOVWF  FEA
09EFA:  MOVFF  FEF,79D
09EFE:  MOVFF  FEC,01
09F02:  MOVFF  FEC,02
09F06:  MOVFF  FEC,03
09F0A:  MOVFF  03,7A0
09F0E:  MOVFF  02,79F
09F12:  MOVFF  01,79E
09F16:  MOVLB  0
09F18:  CALL   6B6E
09F1C:  MOVFF  03,784
09F20:  MOVFF  02,783
09F24:  MOVFF  01,782
09F28:  MOVFF  00,781
09F2C:  MOVFF  77E,57A
09F30:  MOVFF  77D,579
09F34:  MOVLW  41
09F36:  MOVWF  FE9
09F38:  MOVFF  03,789
09F3C:  MOVFF  02,788
09F40:  MOVFF  01,787
09F44:  MOVFF  00,786
09F48:  RCALL  9BD0
09F4A:  MOVLW  2C
09F4C:  MOVLB  7
09F4E:  MOVWF  x9D
09F50:  MOVLB  0
09F52:  CALL   5DC6
....................       sprintf(retData+strlen(retData), "%Ld,", (signed int32)adcVals[arg1-1].cosRaw);
09F56:  MOVLW  04
09F58:  MOVLB  7
09F5A:  MOVWF  x8F
09F5C:  MOVLW  D6
09F5E:  MOVWF  x8E
09F60:  MOVLB  0
09F62:  CALL   5D8E
09F66:  MOVF   01,W
09F68:  ADDLW  D6
09F6A:  MOVLB  7
09F6C:  MOVWF  x7D
09F6E:  MOVLW  04
09F70:  ADDWFC 02,W
09F72:  MOVWF  x7E
09F74:  MOVLW  01
09F76:  SUBWF  x58,W
09F78:  MULLW  26
09F7A:  MOVF   FF3,W
09F7C:  CLRF   x80
09F7E:  MOVWF  x7F
09F80:  MOVLW  04
09F82:  ADDWF  x7F,W
09F84:  MOVWF  01
09F86:  MOVLW  00
09F88:  ADDWFC x80,W
09F8A:  MOVWF  03
09F8C:  MOVF   01,W
09F8E:  ADDLW  2C
09F90:  MOVWF  FE9
09F92:  MOVLW  01
09F94:  ADDWFC 03,W
09F96:  MOVWF  FEA
09F98:  MOVFF  FEF,79D
09F9C:  MOVFF  FEC,01
09FA0:  MOVFF  FEC,02
09FA4:  MOVFF  FEC,03
09FA8:  MOVFF  03,7A0
09FAC:  MOVFF  02,79F
09FB0:  MOVFF  01,79E
09FB4:  MOVLB  0
09FB6:  CALL   6B6E
09FBA:  MOVFF  03,782
09FBE:  MOVFF  02,781
09FC2:  MOVFF  01,780
09FC6:  MOVFF  00,77F
09FCA:  MOVFF  77E,57A
09FCE:  MOVFF  77D,579
09FD2:  MOVLW  41
09FD4:  MOVWF  FE9
09FD6:  MOVFF  03,789
09FDA:  MOVFF  02,788
09FDE:  MOVFF  01,787
09FE2:  MOVFF  00,786
09FE6:  RCALL  9BD0
09FE8:  MOVLW  2C
09FEA:  MOVLB  7
09FEC:  MOVWF  x9D
09FEE:  MOVLB  0
09FF0:  CALL   5DC6
....................    }
09FF4:  BRA    A3FE
....................    else if (0 == strcmp(s_calibrated, arg2)) {
09FF6:  MOVFF  762,78F
09FFA:  MOVFF  761,78E
09FFE:  MOVFF  75A,791
0A002:  MOVFF  759,790
0A006:  CALL   5E44
0A00A:  MOVF   01,F
0A00C:  BTFSS  FD8.2
0A00E:  BRA    A192
....................       sprintf(retData+strlen(retData), "%d,", arg1);
0A010:  MOVLW  04
0A012:  MOVLB  7
0A014:  MOVWF  x8F
0A016:  MOVLW  D6
0A018:  MOVWF  x8E
0A01A:  MOVLB  0
0A01C:  CALL   5D8E
0A020:  MOVFF  02,03
0A024:  MOVF   01,W
0A026:  ADDLW  D6
0A028:  MOVLB  7
0A02A:  MOVWF  x7D
0A02C:  MOVLW  04
0A02E:  ADDWFC 02,W
0A030:  MOVWF  x7E
0A032:  MOVFF  FE8,57A
0A036:  MOVFF  77D,579
0A03A:  MOVFF  758,78D
0A03E:  MOVLW  18
0A040:  MOVWF  x8E
0A042:  MOVLB  0
0A044:  CALL   63B2
0A048:  MOVLW  2C
0A04A:  MOVLB  7
0A04C:  MOVWF  x9D
0A04E:  MOVLB  0
0A050:  CALL   5DC6
....................       sprintf(retData+strlen(retData), "%Ld,", (signed int32)adcVals[arg1-1].sinCounts);
0A054:  MOVLW  04
0A056:  MOVLB  7
0A058:  MOVWF  x8F
0A05A:  MOVLW  D6
0A05C:  MOVWF  x8E
0A05E:  MOVLB  0
0A060:  CALL   5D8E
0A064:  MOVF   01,W
0A066:  ADDLW  D6
0A068:  MOVLB  7
0A06A:  MOVWF  x7D
0A06C:  MOVLW  04
0A06E:  ADDWFC 02,W
0A070:  MOVWF  x7E
0A072:  MOVLW  01
0A074:  SUBWF  x58,W
0A076:  MULLW  26
0A078:  MOVF   FF3,W
0A07A:  CLRF   x80
0A07C:  MOVWF  x7F
0A07E:  MOVLW  08
0A080:  ADDWF  x7F,W
0A082:  MOVWF  01
0A084:  MOVLW  00
0A086:  ADDWFC x80,W
0A088:  MOVWF  03
0A08A:  MOVF   01,W
0A08C:  ADDLW  2C
0A08E:  MOVWF  FE9
0A090:  MOVLW  01
0A092:  ADDWFC 03,W
0A094:  MOVWF  FEA
0A096:  MOVFF  FEF,79D
0A09A:  MOVFF  FEC,01
0A09E:  MOVFF  FEC,02
0A0A2:  MOVFF  FEC,03
0A0A6:  MOVFF  03,7A0
0A0AA:  MOVFF  02,79F
0A0AE:  MOVFF  01,79E
0A0B2:  MOVLB  0
0A0B4:  CALL   6B6E
0A0B8:  MOVFF  03,782
0A0BC:  MOVFF  02,781
0A0C0:  MOVFF  01,780
0A0C4:  MOVFF  00,77F
0A0C8:  MOVFF  77E,57A
0A0CC:  MOVFF  77D,579
0A0D0:  MOVLW  41
0A0D2:  MOVWF  FE9
0A0D4:  MOVFF  03,789
0A0D8:  MOVFF  02,788
0A0DC:  MOVFF  01,787
0A0E0:  MOVFF  00,786
0A0E4:  RCALL  9BD0
0A0E6:  MOVLW  2C
0A0E8:  MOVLB  7
0A0EA:  MOVWF  x9D
0A0EC:  MOVLB  0
0A0EE:  CALL   5DC6
....................       sprintf(retData+strlen(retData), "%Ld,", (signed int32)adcVals[arg1-1].cosCounts);
0A0F2:  MOVLW  04
0A0F4:  MOVLB  7
0A0F6:  MOVWF  x8F
0A0F8:  MOVLW  D6
0A0FA:  MOVWF  x8E
0A0FC:  MOVLB  0
0A0FE:  CALL   5D8E
0A102:  MOVF   01,W
0A104:  ADDLW  D6
0A106:  MOVLB  7
0A108:  MOVWF  x7D
0A10A:  MOVLW  04
0A10C:  ADDWFC 02,W
0A10E:  MOVWF  x7E
0A110:  MOVLW  01
0A112:  SUBWF  x58,W
0A114:  MULLW  26
0A116:  MOVF   FF3,W
0A118:  CLRF   x80
0A11A:  MOVWF  x7F
0A11C:  MOVLW  0C
0A11E:  ADDWF  x7F,W
0A120:  MOVWF  01
0A122:  MOVLW  00
0A124:  ADDWFC x80,W
0A126:  MOVWF  03
0A128:  MOVF   01,W
0A12A:  ADDLW  2C
0A12C:  MOVWF  FE9
0A12E:  MOVLW  01
0A130:  ADDWFC 03,W
0A132:  MOVWF  FEA
0A134:  MOVFF  FEF,79D
0A138:  MOVFF  FEC,01
0A13C:  MOVFF  FEC,02
0A140:  MOVFF  FEC,03
0A144:  MOVFF  03,7A0
0A148:  MOVFF  02,79F
0A14C:  MOVFF  01,79E
0A150:  MOVLB  0
0A152:  CALL   6B6E
0A156:  MOVFF  03,782
0A15A:  MOVFF  02,781
0A15E:  MOVFF  01,780
0A162:  MOVFF  00,77F
0A166:  MOVFF  77E,57A
0A16A:  MOVFF  77D,579
0A16E:  MOVLW  41
0A170:  MOVWF  FE9
0A172:  MOVFF  03,789
0A176:  MOVFF  02,788
0A17A:  MOVFF  01,787
0A17E:  MOVFF  00,786
0A182:  RCALL  9BD0
0A184:  MOVLW  2C
0A186:  MOVLB  7
0A188:  MOVWF  x9D
0A18A:  MOVLB  0
0A18C:  CALL   5DC6
....................    }
0A190:  BRA    A3FE
....................    else if (0 == strcmp(s_p0, arg2)) {
0A192:  MOVFF  76A,78F
0A196:  MOVFF  769,78E
0A19A:  MOVFF  75A,791
0A19E:  MOVFF  759,790
0A1A2:  CALL   5E44
0A1A6:  MOVF   01,F
0A1A8:  BNZ   A264
....................       sprintf(retData+strlen(retData), "%d,", arg1);
0A1AA:  MOVLW  04
0A1AC:  MOVLB  7
0A1AE:  MOVWF  x8F
0A1B0:  MOVLW  D6
0A1B2:  MOVWF  x8E
0A1B4:  MOVLB  0
0A1B6:  CALL   5D8E
0A1BA:  MOVFF  02,03
0A1BE:  MOVF   01,W
0A1C0:  ADDLW  D6
0A1C2:  MOVLB  7
0A1C4:  MOVWF  x7D
0A1C6:  MOVLW  04
0A1C8:  ADDWFC 02,W
0A1CA:  MOVWF  x7E
0A1CC:  MOVFF  FE8,57A
0A1D0:  MOVFF  77D,579
0A1D4:  MOVFF  758,78D
0A1D8:  MOVLW  18
0A1DA:  MOVWF  x8E
0A1DC:  MOVLB  0
0A1DE:  CALL   63B2
0A1E2:  MOVLW  2C
0A1E4:  MOVLB  7
0A1E6:  MOVWF  x9D
0A1E8:  MOVLB  0
0A1EA:  CALL   5DC6
....................       sprintf(retData+strlen(retData), "%f,", adcVals[arg1-1].p0);
0A1EE:  MOVLW  04
0A1F0:  MOVLB  7
0A1F2:  MOVWF  x8F
0A1F4:  MOVLW  D6
0A1F6:  MOVWF  x8E
0A1F8:  MOVLB  0
0A1FA:  CALL   5D8E
0A1FE:  MOVF   01,W
0A200:  ADDLW  D6
0A202:  MOVLB  7
0A204:  MOVWF  x7D
0A206:  MOVLW  04
0A208:  ADDWFC 02,W
0A20A:  MOVWF  x7E
0A20C:  MOVLW  01
0A20E:  SUBWF  x58,W
0A210:  MULLW  26
0A212:  MOVF   FF3,W
0A214:  CLRF   x80
0A216:  MOVWF  x7F
0A218:  MOVLW  18
0A21A:  ADDWF  x7F,W
0A21C:  MOVWF  01
0A21E:  MOVLW  00
0A220:  ADDWFC x80,W
0A222:  MOVWF  03
0A224:  MOVF   01,W
0A226:  ADDLW  2C
0A228:  MOVWF  FE9
0A22A:  MOVLW  01
0A22C:  ADDWFC 03,W
0A22E:  MOVWF  FEA
0A230:  MOVFF  FEF,790
0A234:  MOVFF  FEC,791
0A238:  MOVFF  FEC,792
0A23C:  MOVFF  FEC,793
0A240:  MOVFF  77E,57A
0A244:  MOVFF  77D,579
0A248:  MOVLW  89
0A24A:  MOVWF  FE9
0A24C:  MOVLW  02
0A24E:  MOVWF  x94
0A250:  MOVLB  0
0A252:  CALL   6C44
0A256:  MOVLW  2C
0A258:  MOVLB  7
0A25A:  MOVWF  x9D
0A25C:  MOVLB  0
0A25E:  CALL   5DC6
....................    }
0A262:  BRA    A3FE
....................    else if (0 == strcmp(s_poles, arg2)) {
0A264:  MOVFF  76F,78F
0A268:  MOVFF  76E,78E
0A26C:  MOVFF  75A,791
0A270:  MOVFF  759,790
0A274:  CALL   5E44
0A278:  MOVF   01,F
0A27A:  BNZ   A326
....................       sprintf(retData+strlen(retData), "%d,", arg1);
0A27C:  MOVLW  04
0A27E:  MOVLB  7
0A280:  MOVWF  x8F
0A282:  MOVLW  D6
0A284:  MOVWF  x8E
0A286:  MOVLB  0
0A288:  CALL   5D8E
0A28C:  MOVFF  02,03
0A290:  MOVF   01,W
0A292:  ADDLW  D6
0A294:  MOVLB  7
0A296:  MOVWF  x7D
0A298:  MOVLW  04
0A29A:  ADDWFC 02,W
0A29C:  MOVWF  x7E
0A29E:  MOVFF  FE8,57A
0A2A2:  MOVFF  77D,579
0A2A6:  MOVFF  758,78D
0A2AA:  MOVLW  18
0A2AC:  MOVWF  x8E
0A2AE:  MOVLB  0
0A2B0:  CALL   63B2
0A2B4:  MOVLW  2C
0A2B6:  MOVLB  7
0A2B8:  MOVWF  x9D
0A2BA:  MOVLB  0
0A2BC:  CALL   5DC6
....................       sprintf(retData+strlen(retData), "%d,", adcVals[arg1-1].npoles);
0A2C0:  MOVLW  04
0A2C2:  MOVLB  7
0A2C4:  MOVWF  x8F
0A2C6:  MOVLW  D6
0A2C8:  MOVWF  x8E
0A2CA:  MOVLB  0
0A2CC:  CALL   5D8E
0A2D0:  MOVF   01,W
0A2D2:  ADDLW  D6
0A2D4:  MOVLB  7
0A2D6:  MOVWF  x7D
0A2D8:  MOVLW  04
0A2DA:  ADDWFC 02,W
0A2DC:  MOVWF  x7E
0A2DE:  MOVLW  01
0A2E0:  SUBWF  x58,W
0A2E2:  MULLW  26
0A2E4:  MOVF   FF3,W
0A2E6:  CLRF   x80
0A2E8:  MOVWF  x7F
0A2EA:  MOVLW  1C
0A2EC:  ADDWF  x7F,W
0A2EE:  MOVWF  01
0A2F0:  MOVLW  00
0A2F2:  ADDWFC x80,W
0A2F4:  MOVWF  03
0A2F6:  MOVF   01,W
0A2F8:  ADDLW  2C
0A2FA:  MOVWF  FE9
0A2FC:  MOVLW  01
0A2FE:  ADDWFC 03,W
0A300:  MOVWF  FEA
0A302:  MOVFF  FEF,78D
0A306:  MOVFF  77E,57A
0A30A:  MOVFF  77D,579
0A30E:  MOVLW  18
0A310:  MOVWF  x8E
0A312:  MOVLB  0
0A314:  CALL   63B2
0A318:  MOVLW  2C
0A31A:  MOVLB  7
0A31C:  MOVWF  x9D
0A31E:  MOVLB  0
0A320:  CALL   5DC6
....................    }
0A324:  BRA    A3FE
....................    else if (0 == strcmp(s_real, arg2)) {
0A326:  MOVFF  777,78F
0A32A:  MOVFF  776,78E
0A32E:  MOVFF  75A,791
0A332:  MOVFF  759,790
0A336:  CALL   5E44
0A33A:  MOVF   01,F
0A33C:  BNZ   A3F8
....................       sprintf(retData+strlen(retData), "%d,", arg1);
0A33E:  MOVLW  04
0A340:  MOVLB  7
0A342:  MOVWF  x8F
0A344:  MOVLW  D6
0A346:  MOVWF  x8E
0A348:  MOVLB  0
0A34A:  CALL   5D8E
0A34E:  MOVFF  02,03
0A352:  MOVF   01,W
0A354:  ADDLW  D6
0A356:  MOVLB  7
0A358:  MOVWF  x7D
0A35A:  MOVLW  04
0A35C:  ADDWFC 02,W
0A35E:  MOVWF  x7E
0A360:  MOVFF  FE8,57A
0A364:  MOVFF  77D,579
0A368:  MOVFF  758,78D
0A36C:  MOVLW  18
0A36E:  MOVWF  x8E
0A370:  MOVLB  0
0A372:  CALL   63B2
0A376:  MOVLW  2C
0A378:  MOVLB  7
0A37A:  MOVWF  x9D
0A37C:  MOVLB  0
0A37E:  CALL   5DC6
....................       sprintf(retData+strlen(retData), "%f,", adcVals[arg1-1].pReal);
0A382:  MOVLW  04
0A384:  MOVLB  7
0A386:  MOVWF  x8F
0A388:  MOVLW  D6
0A38A:  MOVWF  x8E
0A38C:  MOVLB  0
0A38E:  CALL   5D8E
0A392:  MOVF   01,W
0A394:  ADDLW  D6
0A396:  MOVLB  7
0A398:  MOVWF  x7D
0A39A:  MOVLW  04
0A39C:  ADDWFC 02,W
0A39E:  MOVWF  x7E
0A3A0:  MOVLW  01
0A3A2:  SUBWF  x58,W
0A3A4:  MULLW  26
0A3A6:  MOVF   FF3,W
0A3A8:  CLRF   x80
0A3AA:  MOVWF  x7F
0A3AC:  MOVLW  1D
0A3AE:  ADDWF  x7F,W
0A3B0:  MOVWF  01
0A3B2:  MOVLW  00
0A3B4:  ADDWFC x80,W
0A3B6:  MOVWF  03
0A3B8:  MOVF   01,W
0A3BA:  ADDLW  2C
0A3BC:  MOVWF  FE9
0A3BE:  MOVLW  01
0A3C0:  ADDWFC 03,W
0A3C2:  MOVWF  FEA
0A3C4:  MOVFF  FEF,790
0A3C8:  MOVFF  FEC,791
0A3CC:  MOVFF  FEC,792
0A3D0:  MOVFF  FEC,793
0A3D4:  MOVFF  77E,57A
0A3D8:  MOVFF  77D,579
0A3DC:  MOVLW  89
0A3DE:  MOVWF  FE9
0A3E0:  MOVLW  02
0A3E2:  MOVWF  x94
0A3E4:  MOVLB  0
0A3E6:  CALL   6C44
0A3EA:  MOVLW  2C
0A3EC:  MOVLB  7
0A3EE:  MOVWF  x9D
0A3F0:  MOVLB  0
0A3F2:  CALL   5DC6
....................    }
0A3F6:  BRA    A3FE
....................    else return INV_PARAM;
0A3F8:  MOVLW  02
0A3FA:  MOVWF  01
0A3FC:  BRA    A402
....................    
....................    return SUCCESS;
0A3FE:  MOVLW  00
0A400:  MOVWF  01
0A402:  RETURN 0
.................... }
.................... 
.................... int8 getManOPvals(unsigned int8 rec){
....................    /*** ARG CHECKS ********************/
....................    int8 arg1;
....................    
....................    if (!is_valid_channel(SERcmd[rec].p[2])) return INV_PARAM;
0A404:  MOVLB  7
0A406:  CLRF   x94
0A408:  MOVFF  6E2,793
0A40C:  CLRF   x96
0A40E:  MOVLW  B5
0A410:  MOVWF  x95
0A412:  MOVLB  0
0A414:  CALL   095E
0A418:  MOVFF  02,75A
0A41C:  MOVFF  01,759
0A420:  MOVLW  06
0A422:  MOVLB  7
0A424:  ADDWF  x59,F
0A426:  MOVLW  00
0A428:  ADDWFC x5A,F
0A42A:  MOVLW  32
0A42C:  ADDWF  x59,W
0A42E:  MOVWF  01
0A430:  MOVLW  00
0A432:  ADDWFC x5A,W
0A434:  MOVWF  03
0A436:  MOVF   01,W
0A438:  MOVLW  02
0A43A:  ADDWF  03,F
0A43C:  MOVFF  01,759
0A440:  MOVFF  03,75A
0A444:  MOVFF  03,78A
0A448:  MOVFF  01,789
0A44C:  MOVLB  0
0A44E:  CALL   5F6E
0A452:  MOVF   01,F
0A454:  BNZ   A45E
0A456:  MOVLW  02
0A458:  MOVWF  01
0A45A:  BRA    A55C
0A45C:  BRA    A4B8
....................    else arg1 = strtoul(SERcmd[rec].p[2],'\0',10);
0A45E:  MOVLB  7
0A460:  CLRF   x94
0A462:  MOVFF  6E2,793
0A466:  CLRF   x96
0A468:  MOVLW  B5
0A46A:  MOVWF  x95
0A46C:  MOVLB  0
0A46E:  CALL   095E
0A472:  MOVFF  02,75A
0A476:  MOVFF  01,759
0A47A:  MOVLW  06
0A47C:  MOVLB  7
0A47E:  ADDWF  x59,F
0A480:  MOVLW  00
0A482:  ADDWFC x5A,F
0A484:  MOVLW  32
0A486:  ADDWF  x59,W
0A488:  MOVWF  01
0A48A:  MOVLW  00
0A48C:  ADDWFC x5A,W
0A48E:  MOVWF  03
0A490:  MOVF   01,W
0A492:  MOVLW  02
0A494:  ADDWF  03,F
0A496:  MOVFF  01,759
0A49A:  MOVFF  03,75A
0A49E:  MOVFF  03,78A
0A4A2:  MOVFF  01,789
0A4A6:  CLRF   x8C
0A4A8:  CLRF   x8B
0A4AA:  MOVLW  0A
0A4AC:  MOVWF  x8D
0A4AE:  MOVLB  0
0A4B0:  CALL   605E
0A4B4:  MOVFF  01,758
....................    
....................    /*** GET MANUAL OUTPUT VALUE ***************/ 
....................    sprintf(retData+strlen(retData), "%d,%f,", arg1, dacVals[arg1-1].opPcnt);
0A4B8:  MOVLW  04
0A4BA:  MOVLB  7
0A4BC:  MOVWF  x8F
0A4BE:  MOVLW  D6
0A4C0:  MOVWF  x8E
0A4C2:  MOVLB  0
0A4C4:  CALL   5D8E
0A4C8:  MOVF   01,W
0A4CA:  ADDLW  D6
0A4CC:  MOVLB  7
0A4CE:  MOVWF  x59
0A4D0:  MOVLW  04
0A4D2:  ADDWFC 02,W
0A4D4:  MOVWF  x5A
0A4D6:  MOVLW  01
0A4D8:  SUBWF  x58,W
0A4DA:  MULLW  07
0A4DC:  MOVF   FF3,W
0A4DE:  CLRF   x5C
0A4E0:  MOVWF  x5B
0A4E2:  MOVLW  03
0A4E4:  ADDWF  x5B,W
0A4E6:  MOVWF  01
0A4E8:  MOVLW  00
0A4EA:  ADDWFC x5C,W
0A4EC:  MOVWF  03
0A4EE:  MOVF   01,W
0A4F0:  ADDLW  79
0A4F2:  MOVWF  FE9
0A4F4:  MOVLW  01
0A4F6:  ADDWFC 03,W
0A4F8:  MOVWF  FEA
0A4FA:  MOVFF  FEF,75B
0A4FE:  MOVFF  FEC,75C
0A502:  MOVFF  FEC,75D
0A506:  MOVFF  FEC,75E
0A50A:  MOVFF  75A,57A
0A50E:  MOVFF  759,579
0A512:  MOVFF  758,78D
0A516:  MOVLW  18
0A518:  MOVWF  x8E
0A51A:  MOVLB  0
0A51C:  CALL   63B2
0A520:  MOVLW  2C
0A522:  MOVLB  7
0A524:  MOVWF  x9D
0A526:  MOVLB  0
0A528:  CALL   5DC6
0A52C:  MOVLW  89
0A52E:  MOVWF  FE9
0A530:  MOVFF  75E,793
0A534:  MOVFF  75D,792
0A538:  MOVFF  75C,791
0A53C:  MOVFF  75B,790
0A540:  MOVLW  02
0A542:  MOVLB  7
0A544:  MOVWF  x94
0A546:  MOVLB  0
0A548:  CALL   6C44
0A54C:  MOVLW  2C
0A54E:  MOVLB  7
0A550:  MOVWF  x9D
0A552:  MOVLB  0
0A554:  CALL   5DC6
....................    
....................    return SUCCESS;
0A558:  MOVLW  00
0A55A:  MOVWF  01
0A55C:  RETURN 0
.................... }
.................... 
.................... int8 setManOPvals(unsigned int8 rec){
....................    /*** ARG CHECKS ********************/
....................    int8 arg1;
....................    float arg2;
....................    
....................    if (!is_valid_channel(SERcmd[rec].p[2])) return INV_PARAM;
0A55E:  MOVLB  7
0A560:  CLRF   x94
0A562:  MOVFF  6E2,793
0A566:  CLRF   x96
0A568:  MOVLW  B5
0A56A:  MOVWF  x95
0A56C:  MOVLB  0
0A56E:  CALL   095E
0A572:  MOVFF  02,75E
0A576:  MOVFF  01,75D
0A57A:  MOVLW  06
0A57C:  MOVLB  7
0A57E:  ADDWF  x5D,F
0A580:  MOVLW  00
0A582:  ADDWFC x5E,F
0A584:  MOVLW  32
0A586:  ADDWF  x5D,W
0A588:  MOVWF  01
0A58A:  MOVLW  00
0A58C:  ADDWFC x5E,W
0A58E:  MOVWF  03
0A590:  MOVF   01,W
0A592:  MOVLW  02
0A594:  ADDWF  03,F
0A596:  MOVFF  01,75D
0A59A:  MOVFF  03,75E
0A59E:  MOVFF  03,78A
0A5A2:  MOVFF  01,789
0A5A6:  MOVLB  0
0A5A8:  CALL   5F6E
0A5AC:  MOVF   01,F
0A5AE:  BNZ   A5B8
0A5B0:  MOVLW  02
0A5B2:  MOVWF  01
0A5B4:  BRA    A7BE
0A5B6:  BRA    A612
....................    else arg1 = strtoul(SERcmd[rec].p[2],'\0',10);
0A5B8:  MOVLB  7
0A5BA:  CLRF   x94
0A5BC:  MOVFF  6E2,793
0A5C0:  CLRF   x96
0A5C2:  MOVLW  B5
0A5C4:  MOVWF  x95
0A5C6:  MOVLB  0
0A5C8:  CALL   095E
0A5CC:  MOVFF  02,75E
0A5D0:  MOVFF  01,75D
0A5D4:  MOVLW  06
0A5D6:  MOVLB  7
0A5D8:  ADDWF  x5D,F
0A5DA:  MOVLW  00
0A5DC:  ADDWFC x5E,F
0A5DE:  MOVLW  32
0A5E0:  ADDWF  x5D,W
0A5E2:  MOVWF  01
0A5E4:  MOVLW  00
0A5E6:  ADDWFC x5E,W
0A5E8:  MOVWF  03
0A5EA:  MOVF   01,W
0A5EC:  MOVLW  02
0A5EE:  ADDWF  03,F
0A5F0:  MOVFF  01,75D
0A5F4:  MOVFF  03,75E
0A5F8:  MOVFF  03,78A
0A5FC:  MOVFF  01,789
0A600:  CLRF   x8C
0A602:  CLRF   x8B
0A604:  MOVLW  0A
0A606:  MOVWF  x8D
0A608:  MOVLB  0
0A60A:  CALL   605E
0A60E:  MOVFF  01,758
....................    
....................    if (!arg_is_float(SERcmd[rec].p[3])) return INV_PARAM;
0A612:  MOVLB  7
0A614:  CLRF   x94
0A616:  MOVFF  6E2,793
0A61A:  CLRF   x96
0A61C:  MOVLW  B5
0A61E:  MOVWF  x95
0A620:  MOVLB  0
0A622:  CALL   095E
0A626:  MOVFF  02,75E
0A62A:  MOVFF  01,75D
0A62E:  MOVLW  06
0A630:  MOVLB  7
0A632:  ADDWF  x5D,F
0A634:  MOVLW  00
0A636:  ADDWFC x5E,F
0A638:  MOVLW  4B
0A63A:  ADDWF  x5D,W
0A63C:  MOVWF  01
0A63E:  MOVLW  00
0A640:  ADDWFC x5E,W
0A642:  MOVWF  03
0A644:  MOVF   01,W
0A646:  MOVLW  02
0A648:  ADDWF  03,F
0A64A:  MOVFF  01,75D
0A64E:  MOVFF  03,75E
0A652:  MOVFF  03,762
0A656:  MOVFF  01,761
0A65A:  MOVLB  0
0A65C:  CALL   729C
0A660:  MOVF   01,F
0A662:  BNZ   A66C
0A664:  MOVLW  02
0A666:  MOVWF  01
0A668:  BRA    A7BE
0A66A:  BRA    A6CE
....................    else arg2 = strtod(SERcmd[rec].p[3], '\0');
0A66C:  MOVLB  7
0A66E:  CLRF   x94
0A670:  MOVFF  6E2,793
0A674:  CLRF   x96
0A676:  MOVLW  B5
0A678:  MOVWF  x95
0A67A:  MOVLB  0
0A67C:  CALL   095E
0A680:  MOVFF  02,75E
0A684:  MOVFF  01,75D
0A688:  MOVLW  06
0A68A:  MOVLB  7
0A68C:  ADDWF  x5D,F
0A68E:  MOVLW  00
0A690:  ADDWFC x5E,F
0A692:  MOVLW  4B
0A694:  ADDWF  x5D,W
0A696:  MOVWF  01
0A698:  MOVLW  00
0A69A:  ADDWFC x5E,W
0A69C:  MOVWF  03
0A69E:  MOVF   01,W
0A6A0:  MOVLW  02
0A6A2:  ADDWF  03,F
0A6A4:  MOVFF  01,75D
0A6A8:  MOVFF  03,75E
0A6AC:  MOVFF  03,762
0A6B0:  MOVFF  01,761
0A6B4:  CLRF   x64
0A6B6:  CLRF   x63
0A6B8:  MOVLB  0
0A6BA:  CALL   735E
0A6BE:  MOVFF  03,75C
0A6C2:  MOVFF  02,75B
0A6C6:  MOVFF  01,75A
0A6CA:  MOVFF  00,759
....................    
....................    /*** SET MANUAL OUTPUT VALUE ***************/
....................    if (arg2 > op_upper_bound) dacVals[arg1-1].opPcnt = op_upper_bound;
0A6CE:  MOVLB  7
0A6D0:  CLRF   xA6
0A6D2:  CLRF   xA5
0A6D4:  MOVLW  7C
0A6D6:  MOVWF  xA4
0A6D8:  MOVLW  84
0A6DA:  MOVWF  xA3
0A6DC:  MOVFF  75C,7AA
0A6E0:  MOVFF  75B,7A9
0A6E4:  MOVFF  75A,7A8
0A6E8:  MOVFF  759,7A7
0A6EC:  MOVLB  0
0A6EE:  CALL   0E46
0A6F2:  BNC   A728
0A6F4:  MOVLW  01
0A6F6:  MOVLB  7
0A6F8:  SUBWF  x58,W
0A6FA:  MULLW  07
0A6FC:  MOVF   FF3,W
0A6FE:  CLRF   x5E
0A700:  MOVWF  x5D
0A702:  MOVLW  03
0A704:  ADDWF  x5D,W
0A706:  MOVWF  01
0A708:  MOVLW  00
0A70A:  ADDWFC x5E,W
0A70C:  MOVWF  03
0A70E:  MOVF   01,W
0A710:  ADDLW  79
0A712:  MOVWF  FE9
0A714:  MOVLW  01
0A716:  ADDWFC 03,W
0A718:  MOVWF  FEA
0A71A:  MOVLW  84
0A71C:  MOVWF  FEF
0A71E:  MOVLW  7C
0A720:  MOVWF  FEC
0A722:  CLRF   FEC
0A724:  CLRF   FEC
0A726:  BRA    A7B8
....................    else if (arg2 < op_lower_bound) dacVals[arg1-1].opPcnt = op_lower_bound;  
0A728:  MOVFF  75C,7A6
0A72C:  MOVFF  75B,7A5
0A730:  MOVFF  75A,7A4
0A734:  MOVFF  759,7A3
0A738:  MOVLB  7
0A73A:  CLRF   xAA
0A73C:  CLRF   xA9
0A73E:  MOVLW  FC
0A740:  MOVWF  xA8
0A742:  MOVLW  84
0A744:  MOVWF  xA7
0A746:  MOVLB  0
0A748:  CALL   0E46
0A74C:  BNC   A782
0A74E:  MOVLW  01
0A750:  MOVLB  7
0A752:  SUBWF  x58,W
0A754:  MULLW  07
0A756:  MOVF   FF3,W
0A758:  CLRF   x5E
0A75A:  MOVWF  x5D
0A75C:  MOVLW  03
0A75E:  ADDWF  x5D,W
0A760:  MOVWF  01
0A762:  MOVLW  00
0A764:  ADDWFC x5E,W
0A766:  MOVWF  03
0A768:  MOVF   01,W
0A76A:  ADDLW  79
0A76C:  MOVWF  FE9
0A76E:  MOVLW  01
0A770:  ADDWFC 03,W
0A772:  MOVWF  FEA
0A774:  MOVLW  84
0A776:  MOVWF  FEF
0A778:  MOVLW  FC
0A77A:  MOVWF  FEC
0A77C:  CLRF   FEC
0A77E:  CLRF   FEC
0A780:  BRA    A7B8
....................    else dacVals[arg1-1].opPcnt = arg2;
0A782:  MOVLW  01
0A784:  MOVLB  7
0A786:  SUBWF  x58,W
0A788:  MULLW  07
0A78A:  MOVF   FF3,W
0A78C:  CLRF   x5E
0A78E:  MOVWF  x5D
0A790:  MOVLW  03
0A792:  ADDWF  x5D,W
0A794:  MOVWF  01
0A796:  MOVLW  00
0A798:  ADDWFC x5E,W
0A79A:  MOVWF  03
0A79C:  MOVF   01,W
0A79E:  ADDLW  79
0A7A0:  MOVWF  FE9
0A7A2:  MOVLW  01
0A7A4:  ADDWFC 03,W
0A7A6:  MOVWF  FEA
0A7A8:  MOVFF  759,FEF
0A7AC:  MOVFF  75A,FEC
0A7B0:  MOVFF  75B,FEC
0A7B4:  MOVFF  75C,FEC
....................    
....................    return SUCCESS;
0A7B8:  MOVLW  00
0A7BA:  MOVWF  01
0A7BC:  MOVLB  0
0A7BE:  RETURN 0
.................... }
.................... 
.................... int8 setFilterOn(unsigned int8 rec){
....................    adcFilter = TRUE;
0A7C0:  MOVLB  1
0A7C2:  BSF    x78.0
....................    return SUCCESS;
0A7C4:  MOVLW  00
0A7C6:  MOVWF  01
0A7C8:  MOVLB  0
0A7CA:  RETURN 0
.................... }
.................... 
.................... int8 setFilterOff(unsigned int8 rec){
....................    adcFilter = FALSE;
0A7CC:  MOVLB  1
0A7CE:  BCF    x78.0
....................    return SUCCESS;
0A7D0:  MOVLW  00
0A7D2:  MOVWF  01
0A7D4:  MOVLB  0
0A7D6:  RETURN 0
.................... }
.................... 
.................... int8 setHomeAxis(unsigned int8 rec){
....................     /*** ARG CHECKS ********************/
....................     int8 arg1;
....................     
....................     if (!is_valid_channel(SERcmd[rec].p[2])) return INV_PARAM;
0A7D8:  MOVLB  7
0A7DA:  CLRF   x94
0A7DC:  MOVFF  6E2,793
0A7E0:  CLRF   x96
0A7E2:  MOVLW  B5
0A7E4:  MOVWF  x95
0A7E6:  MOVLB  0
0A7E8:  CALL   095E
0A7EC:  MOVFF  02,75A
0A7F0:  MOVFF  01,759
0A7F4:  MOVLW  06
0A7F6:  MOVLB  7
0A7F8:  ADDWF  x59,F
0A7FA:  MOVLW  00
0A7FC:  ADDWFC x5A,F
0A7FE:  MOVLW  32
0A800:  ADDWF  x59,W
0A802:  MOVWF  01
0A804:  MOVLW  00
0A806:  ADDWFC x5A,W
0A808:  MOVWF  03
0A80A:  MOVF   01,W
0A80C:  MOVLW  02
0A80E:  ADDWF  03,F
0A810:  MOVFF  01,759
0A814:  MOVFF  03,75A
0A818:  MOVFF  03,78A
0A81C:  MOVFF  01,789
0A820:  MOVLB  0
0A822:  CALL   5F6E
0A826:  MOVF   01,F
0A828:  BNZ   A832
0A82A:  MOVLW  02
0A82C:  MOVWF  01
0A82E:  BRA    A8BA
0A830:  BRA    A88C
....................     else arg1 = strtoul(SERcmd[rec].p[2],'\0',10);
0A832:  MOVLB  7
0A834:  CLRF   x94
0A836:  MOVFF  6E2,793
0A83A:  CLRF   x96
0A83C:  MOVLW  B5
0A83E:  MOVWF  x95
0A840:  MOVLB  0
0A842:  CALL   095E
0A846:  MOVFF  02,75A
0A84A:  MOVFF  01,759
0A84E:  MOVLW  06
0A850:  MOVLB  7
0A852:  ADDWF  x59,F
0A854:  MOVLW  00
0A856:  ADDWFC x5A,F
0A858:  MOVLW  32
0A85A:  ADDWF  x59,W
0A85C:  MOVWF  01
0A85E:  MOVLW  00
0A860:  ADDWFC x5A,W
0A862:  MOVWF  03
0A864:  MOVF   01,W
0A866:  MOVLW  02
0A868:  ADDWF  03,F
0A86A:  MOVFF  01,759
0A86E:  MOVFF  03,75A
0A872:  MOVFF  03,78A
0A876:  MOVFF  01,789
0A87A:  CLRF   x8C
0A87C:  CLRF   x8B
0A87E:  MOVLW  0A
0A880:  MOVWF  x8D
0A882:  MOVLB  0
0A884:  CALL   605E
0A888:  MOVFF  01,758
....................     
....................     adcVals[arg1-1].homeFlag = TRUE;
0A88C:  MOVLW  01
0A88E:  MOVLB  7
0A890:  SUBWF  x58,W
0A892:  MULLW  26
0A894:  MOVF   FF3,W
0A896:  CLRF   x5A
0A898:  MOVWF  x59
0A89A:  MOVLW  25
0A89C:  ADDWF  x59,W
0A89E:  MOVWF  01
0A8A0:  MOVLW  00
0A8A2:  ADDWFC x5A,W
0A8A4:  MOVWF  03
0A8A6:  MOVF   01,W
0A8A8:  ADDLW  2C
0A8AA:  MOVWF  FE9
0A8AC:  MOVLW  01
0A8AE:  ADDWFC 03,W
0A8B0:  MOVWF  FEA
0A8B2:  BSF    FEF.0
....................     
....................     return SUCCESS;
0A8B4:  MOVLW  00
0A8B6:  MOVWF  01
0A8B8:  MOVLB  0
0A8BA:  RETURN 0
.................... }
.................... 
.................... int8 getHome(unsigned int8 rec){
....................     /*** ARG CHECKS ********************/
....................     int8 arg1;
....................     
....................     if (!is_valid_channel(SERcmd[rec].p[2])) return INV_PARAM;
*
0A942:  MOVLB  7
0A944:  CLRF   x94
0A946:  MOVFF  6E2,793
0A94A:  CLRF   x96
0A94C:  MOVLW  B5
0A94E:  MOVWF  x95
0A950:  MOVLB  0
0A952:  CALL   095E
0A956:  MOVFF  02,75A
0A95A:  MOVFF  01,759
0A95E:  MOVLW  06
0A960:  MOVLB  7
0A962:  ADDWF  x59,F
0A964:  MOVLW  00
0A966:  ADDWFC x5A,F
0A968:  MOVLW  32
0A96A:  ADDWF  x59,W
0A96C:  MOVWF  01
0A96E:  MOVLW  00
0A970:  ADDWFC x5A,W
0A972:  MOVWF  03
0A974:  MOVF   01,W
0A976:  MOVLW  02
0A978:  ADDWF  03,F
0A97A:  MOVFF  01,759
0A97E:  MOVFF  03,75A
0A982:  MOVFF  03,78A
0A986:  MOVFF  01,789
0A98A:  MOVLB  0
0A98C:  CALL   5F6E
0A990:  MOVF   01,F
0A992:  BNZ   A99C
0A994:  MOVLW  02
0A996:  MOVWF  01
0A998:  BRA    AAAC
0A99A:  BRA    A9F6
....................     else arg1 = strtoul(SERcmd[rec].p[2],'\0',10);
0A99C:  MOVLB  7
0A99E:  CLRF   x94
0A9A0:  MOVFF  6E2,793
0A9A4:  CLRF   x96
0A9A6:  MOVLW  B5
0A9A8:  MOVWF  x95
0A9AA:  MOVLB  0
0A9AC:  CALL   095E
0A9B0:  MOVFF  02,75A
0A9B4:  MOVFF  01,759
0A9B8:  MOVLW  06
0A9BA:  MOVLB  7
0A9BC:  ADDWF  x59,F
0A9BE:  MOVLW  00
0A9C0:  ADDWFC x5A,F
0A9C2:  MOVLW  32
0A9C4:  ADDWF  x59,W
0A9C6:  MOVWF  01
0A9C8:  MOVLW  00
0A9CA:  ADDWFC x5A,W
0A9CC:  MOVWF  03
0A9CE:  MOVF   01,W
0A9D0:  MOVLW  02
0A9D2:  ADDWF  03,F
0A9D4:  MOVFF  01,759
0A9D8:  MOVFF  03,75A
0A9DC:  MOVFF  03,78A
0A9E0:  MOVFF  01,789
0A9E4:  CLRF   x8C
0A9E6:  CLRF   x8B
0A9E8:  MOVLW  0A
0A9EA:  MOVWF  x8D
0A9EC:  MOVLB  0
0A9EE:  CALL   605E
0A9F2:  MOVFF  01,758
....................     
....................    //  adcVals[arg1-1].pHome; @FLAG
....................     sprintf(retData+strlen(retData), "HOME,%u,%f;", arg1, adcVals[arg1-1].pHome);
0A9F6:  MOVLW  04
0A9F8:  MOVLB  7
0A9FA:  MOVWF  x8F
0A9FC:  MOVLW  D6
0A9FE:  MOVWF  x8E
0AA00:  MOVLB  0
0AA02:  CALL   5D8E
0AA06:  MOVF   01,W
0AA08:  ADDLW  D6
0AA0A:  MOVLB  7
0AA0C:  MOVWF  x59
0AA0E:  MOVLW  04
0AA10:  ADDWFC 02,W
0AA12:  MOVWF  x5A
0AA14:  MOVLW  01
0AA16:  SUBWF  x58,W
0AA18:  MULLW  26
0AA1A:  MOVF   FF3,W
0AA1C:  CLRF   x5C
0AA1E:  MOVWF  x5B
0AA20:  MOVLW  21
0AA22:  ADDWF  x5B,W
0AA24:  MOVWF  01
0AA26:  MOVLW  00
0AA28:  ADDWFC x5C,W
0AA2A:  MOVWF  03
0AA2C:  MOVF   01,W
0AA2E:  ADDLW  2C
0AA30:  MOVWF  FE9
0AA32:  MOVLW  01
0AA34:  ADDWFC 03,W
0AA36:  MOVWF  FEA
0AA38:  MOVFF  FEF,75B
0AA3C:  MOVFF  FEC,75C
0AA40:  MOVFF  FEC,75D
0AA44:  MOVFF  FEC,75E
0AA48:  MOVFF  75A,57A
0AA4C:  MOVFF  759,579
0AA50:  MOVLW  2C
0AA52:  MOVWF  FF6
0AA54:  MOVLW  04
0AA56:  MOVWF  FF7
0AA58:  MOVLW  05
0AA5A:  MOVWF  x65
0AA5C:  MOVLB  0
0AA5E:  CALL   67B2
0AA62:  MOVFF  758,765
0AA66:  MOVLW  1B
0AA68:  MOVLB  7
0AA6A:  MOVWF  x66
0AA6C:  MOVLB  0
0AA6E:  RCALL  A8BC
0AA70:  MOVLW  2C
0AA72:  MOVLB  7
0AA74:  MOVWF  x9D
0AA76:  MOVLB  0
0AA78:  CALL   5DC6
0AA7C:  MOVLW  89
0AA7E:  MOVWF  FE9
0AA80:  MOVFF  75E,793
0AA84:  MOVFF  75D,792
0AA88:  MOVFF  75C,791
0AA8C:  MOVFF  75B,790
0AA90:  MOVLW  02
0AA92:  MOVLB  7
0AA94:  MOVWF  x94
0AA96:  MOVLB  0
0AA98:  CALL   6C44
0AA9C:  MOVLW  3B
0AA9E:  MOVLB  7
0AAA0:  MOVWF  x9D
0AAA2:  MOVLB  0
0AAA4:  CALL   5DC6
....................     return SUCCESS;
0AAA8:  MOVLW  00
0AAAA:  MOVWF  01
0AAAC:  RETURN 0
.................... }
.................... 
.................... int8 setHome(unsigned int8 rec){
....................     /*** ARG CHECKS ********************/
....................     int8 arg1;
....................     float arg2;
.................... 
....................     if (!is_valid_channel(SERcmd[rec].p[2])) return INV_PARAM;
0AAAE:  MOVLB  7
0AAB0:  CLRF   x94
0AAB2:  MOVFF  6E2,793
0AAB6:  CLRF   x96
0AAB8:  MOVLW  B5
0AABA:  MOVWF  x95
0AABC:  MOVLB  0
0AABE:  CALL   095E
0AAC2:  MOVFF  02,75E
0AAC6:  MOVFF  01,75D
0AACA:  MOVLW  06
0AACC:  MOVLB  7
0AACE:  ADDWF  x5D,F
0AAD0:  MOVLW  00
0AAD2:  ADDWFC x5E,F
0AAD4:  MOVLW  32
0AAD6:  ADDWF  x5D,W
0AAD8:  MOVWF  01
0AADA:  MOVLW  00
0AADC:  ADDWFC x5E,W
0AADE:  MOVWF  03
0AAE0:  MOVF   01,W
0AAE2:  MOVLW  02
0AAE4:  ADDWF  03,F
0AAE6:  MOVFF  01,75D
0AAEA:  MOVFF  03,75E
0AAEE:  MOVFF  03,78A
0AAF2:  MOVFF  01,789
0AAF6:  MOVLB  0
0AAF8:  CALL   5F6E
0AAFC:  MOVF   01,F
0AAFE:  BNZ   AB08
0AB00:  MOVLW  02
0AB02:  MOVWF  01
0AB04:  BRA    AD08
0AB06:  BRA    AB62
....................     else arg1 = strtoul(SERcmd[rec].p[2],'\0',10);
0AB08:  MOVLB  7
0AB0A:  CLRF   x94
0AB0C:  MOVFF  6E2,793
0AB10:  CLRF   x96
0AB12:  MOVLW  B5
0AB14:  MOVWF  x95
0AB16:  MOVLB  0
0AB18:  CALL   095E
0AB1C:  MOVFF  02,75E
0AB20:  MOVFF  01,75D
0AB24:  MOVLW  06
0AB26:  MOVLB  7
0AB28:  ADDWF  x5D,F
0AB2A:  MOVLW  00
0AB2C:  ADDWFC x5E,F
0AB2E:  MOVLW  32
0AB30:  ADDWF  x5D,W
0AB32:  MOVWF  01
0AB34:  MOVLW  00
0AB36:  ADDWFC x5E,W
0AB38:  MOVWF  03
0AB3A:  MOVF   01,W
0AB3C:  MOVLW  02
0AB3E:  ADDWF  03,F
0AB40:  MOVFF  01,75D
0AB44:  MOVFF  03,75E
0AB48:  MOVFF  03,78A
0AB4C:  MOVFF  01,789
0AB50:  CLRF   x8C
0AB52:  CLRF   x8B
0AB54:  MOVLW  0A
0AB56:  MOVWF  x8D
0AB58:  MOVLB  0
0AB5A:  CALL   605E
0AB5E:  MOVFF  01,758
....................     
....................     if (!arg_is_float(SERcmd[rec].p[3])) return INV_PARAM;
0AB62:  MOVLB  7
0AB64:  CLRF   x94
0AB66:  MOVFF  6E2,793
0AB6A:  CLRF   x96
0AB6C:  MOVLW  B5
0AB6E:  MOVWF  x95
0AB70:  MOVLB  0
0AB72:  CALL   095E
0AB76:  MOVFF  02,75E
0AB7A:  MOVFF  01,75D
0AB7E:  MOVLW  06
0AB80:  MOVLB  7
0AB82:  ADDWF  x5D,F
0AB84:  MOVLW  00
0AB86:  ADDWFC x5E,F
0AB88:  MOVLW  4B
0AB8A:  ADDWF  x5D,W
0AB8C:  MOVWF  01
0AB8E:  MOVLW  00
0AB90:  ADDWFC x5E,W
0AB92:  MOVWF  03
0AB94:  MOVF   01,W
0AB96:  MOVLW  02
0AB98:  ADDWF  03,F
0AB9A:  MOVFF  01,75D
0AB9E:  MOVFF  03,75E
0ABA2:  MOVFF  03,762
0ABA6:  MOVFF  01,761
0ABAA:  MOVLB  0
0ABAC:  CALL   729C
0ABB0:  MOVF   01,F
0ABB2:  BNZ   ABBC
0ABB4:  MOVLW  02
0ABB6:  MOVWF  01
0ABB8:  BRA    AD08
0ABBA:  BRA    AC1E
....................     else arg2 = strtod(SERcmd[rec].p[3], '\0');
0ABBC:  MOVLB  7
0ABBE:  CLRF   x94
0ABC0:  MOVFF  6E2,793
0ABC4:  CLRF   x96
0ABC6:  MOVLW  B5
0ABC8:  MOVWF  x95
0ABCA:  MOVLB  0
0ABCC:  CALL   095E
0ABD0:  MOVFF  02,75E
0ABD4:  MOVFF  01,75D
0ABD8:  MOVLW  06
0ABDA:  MOVLB  7
0ABDC:  ADDWF  x5D,F
0ABDE:  MOVLW  00
0ABE0:  ADDWFC x5E,F
0ABE2:  MOVLW  4B
0ABE4:  ADDWF  x5D,W
0ABE6:  MOVWF  01
0ABE8:  MOVLW  00
0ABEA:  ADDWFC x5E,W
0ABEC:  MOVWF  03
0ABEE:  MOVF   01,W
0ABF0:  MOVLW  02
0ABF2:  ADDWF  03,F
0ABF4:  MOVFF  01,75D
0ABF8:  MOVFF  03,75E
0ABFC:  MOVFF  03,762
0AC00:  MOVFF  01,761
0AC04:  CLRF   x64
0AC06:  CLRF   x63
0AC08:  MOVLB  0
0AC0A:  CALL   735E
0AC0E:  MOVFF  03,75C
0AC12:  MOVFF  02,75B
0AC16:  MOVFF  01,75A
0AC1A:  MOVFF  00,759
.................... 
....................     adcVals[arg1-1].pHome = arg2;
0AC1E:  MOVLW  01
0AC20:  MOVLB  7
0AC22:  SUBWF  x58,W
0AC24:  MULLW  26
0AC26:  MOVF   FF3,W
0AC28:  CLRF   x5E
0AC2A:  MOVWF  x5D
0AC2C:  MOVLW  21
0AC2E:  ADDWF  x5D,W
0AC30:  MOVWF  01
0AC32:  MOVLW  00
0AC34:  ADDWFC x5E,W
0AC36:  MOVWF  03
0AC38:  MOVF   01,W
0AC3A:  ADDLW  2C
0AC3C:  MOVWF  FE9
0AC3E:  MOVLW  01
0AC40:  ADDWFC 03,W
0AC42:  MOVWF  FEA
0AC44:  MOVFF  759,FEF
0AC48:  MOVFF  75A,FEC
0AC4C:  MOVFF  75B,FEC
0AC50:  MOVFF  75C,FEC
....................     sprintf(retData+strlen(retData), "HOME,%u,%f;", arg1, adcVals[arg1-1].pHome);
0AC54:  MOVLW  04
0AC56:  MOVWF  x8F
0AC58:  MOVLW  D6
0AC5A:  MOVWF  x8E
0AC5C:  MOVLB  0
0AC5E:  CALL   5D8E
0AC62:  MOVF   01,W
0AC64:  ADDLW  D6
0AC66:  MOVLB  7
0AC68:  MOVWF  x5D
0AC6A:  MOVLW  04
0AC6C:  ADDWFC 02,W
0AC6E:  MOVWF  x5E
0AC70:  MOVLW  01
0AC72:  SUBWF  x58,W
0AC74:  MULLW  26
0AC76:  MOVF   FF3,W
0AC78:  CLRF   x60
0AC7A:  MOVWF  x5F
0AC7C:  MOVLW  21
0AC7E:  ADDWF  x5F,W
0AC80:  MOVWF  01
0AC82:  MOVLW  00
0AC84:  ADDWFC x60,W
0AC86:  MOVWF  03
0AC88:  MOVF   01,W
0AC8A:  ADDLW  2C
0AC8C:  MOVWF  FE9
0AC8E:  MOVLW  01
0AC90:  ADDWFC 03,W
0AC92:  MOVWF  FEA
0AC94:  MOVFF  FEF,75F
0AC98:  MOVFF  FEC,760
0AC9C:  MOVFF  FEC,761
0ACA0:  MOVFF  FEC,762
0ACA4:  MOVFF  75E,57A
0ACA8:  MOVFF  75D,579
0ACAC:  MOVLW  38
0ACAE:  MOVWF  FF6
0ACB0:  MOVLW  04
0ACB2:  MOVWF  FF7
0ACB4:  MOVLW  05
0ACB6:  MOVWF  x65
0ACB8:  MOVLB  0
0ACBA:  CALL   67B2
0ACBE:  MOVFF  758,765
0ACC2:  MOVLW  1B
0ACC4:  MOVLB  7
0ACC6:  MOVWF  x66
0ACC8:  MOVLB  0
0ACCA:  RCALL  A8BC
0ACCC:  MOVLW  2C
0ACCE:  MOVLB  7
0ACD0:  MOVWF  x9D
0ACD2:  MOVLB  0
0ACD4:  CALL   5DC6
0ACD8:  MOVLW  89
0ACDA:  MOVWF  FE9
0ACDC:  MOVFF  762,793
0ACE0:  MOVFF  761,792
0ACE4:  MOVFF  760,791
0ACE8:  MOVFF  75F,790
0ACEC:  MOVLW  02
0ACEE:  MOVLB  7
0ACF0:  MOVWF  x94
0ACF2:  MOVLB  0
0ACF4:  CALL   6C44
0ACF8:  MOVLW  3B
0ACFA:  MOVLB  7
0ACFC:  MOVWF  x9D
0ACFE:  MOVLB  0
0AD00:  CALL   5DC6
....................     return SUCCESS;
0AD04:  MOVLW  00
0AD06:  MOVWF  01
0AD08:  RETURN 0
.................... }
.................... 
.................... int8 getTelemetry(unsigned int8 rec){
....................     for (int ch=0; ch<2; ch++){
*
0ADD2:  MOVLB  7
0ADD4:  CLRF   x58
0ADD6:  MOVF   x58,W
0ADD8:  SUBLW  01
0ADDA:  BTFSS  FD8.0
0ADDC:  BRA    B112
....................         sprintf(retData+strlen(retData), "CNT,%u,%.0f,%.0f;", ch+1, adcVals[ch].sinCounts, adcVals[ch].cosCounts);
0ADDE:  MOVLW  04
0ADE0:  MOVWF  x8F
0ADE2:  MOVLW  D6
0ADE4:  MOVWF  x8E
0ADE6:  MOVLB  0
0ADE8:  CALL   5D8E
0ADEC:  MOVF   01,W
0ADEE:  ADDLW  D6
0ADF0:  MOVLB  7
0ADF2:  MOVWF  x59
0ADF4:  MOVLW  04
0ADF6:  ADDWFC 02,W
0ADF8:  MOVWF  x5A
0ADFA:  MOVLW  01
0ADFC:  ADDWF  x58,W
0ADFE:  MOVWF  x5B
0AE00:  MOVF   x58,W
0AE02:  MULLW  26
0AE04:  MOVF   FF3,W
0AE06:  CLRF   x5D
0AE08:  MOVWF  x5C
0AE0A:  MOVLW  08
0AE0C:  ADDWF  x5C,W
0AE0E:  MOVWF  01
0AE10:  MOVLW  00
0AE12:  ADDWFC x5D,W
0AE14:  MOVWF  03
0AE16:  MOVF   01,W
0AE18:  ADDLW  2C
0AE1A:  MOVWF  FE9
0AE1C:  MOVLW  01
0AE1E:  ADDWFC 03,W
0AE20:  MOVWF  FEA
0AE22:  MOVFF  FEF,75C
0AE26:  MOVFF  FEC,75D
0AE2A:  MOVFF  FEC,75E
0AE2E:  MOVFF  FEC,75F
0AE32:  MOVF   x58,W
0AE34:  MULLW  26
0AE36:  MOVF   FF3,W
0AE38:  CLRF   x61
0AE3A:  MOVWF  x60
0AE3C:  MOVLW  0C
0AE3E:  ADDWF  x60,W
0AE40:  MOVWF  01
0AE42:  MOVLW  00
0AE44:  ADDWFC x61,W
0AE46:  MOVWF  03
0AE48:  MOVF   01,W
0AE4A:  ADDLW  2C
0AE4C:  MOVWF  FE9
0AE4E:  MOVLW  01
0AE50:  ADDWFC 03,W
0AE52:  MOVWF  FEA
0AE54:  MOVFF  FEF,760
0AE58:  MOVFF  FEC,761
0AE5C:  MOVFF  FEC,762
0AE60:  MOVFF  FEC,763
0AE64:  MOVFF  75A,57A
0AE68:  MOVFF  759,579
0AE6C:  MOVLW  44
0AE6E:  MOVWF  FF6
0AE70:  MOVLW  04
0AE72:  MOVWF  FF7
0AE74:  MOVLW  04
0AE76:  MOVWF  x65
0AE78:  MOVLB  0
0AE7A:  CALL   67B2
0AE7E:  MOVFF  75B,765
0AE82:  MOVLW  1B
0AE84:  MOVLB  7
0AE86:  MOVWF  x66
0AE88:  MOVLB  0
0AE8A:  RCALL  A8BC
0AE8C:  MOVLW  2C
0AE8E:  MOVLB  7
0AE90:  MOVWF  x9D
0AE92:  MOVLB  0
0AE94:  CALL   5DC6
0AE98:  MOVLW  89
0AE9A:  MOVWF  FE9
0AE9C:  MOVFF  75F,793
0AEA0:  MOVFF  75E,792
0AEA4:  MOVFF  75D,791
0AEA8:  MOVFF  75C,790
0AEAC:  MOVLB  7
0AEAE:  CLRF   x94
0AEB0:  MOVLB  0
0AEB2:  CALL   6C44
0AEB6:  MOVLW  2C
0AEB8:  MOVLB  7
0AEBA:  MOVWF  x9D
0AEBC:  MOVLB  0
0AEBE:  CALL   5DC6
0AEC2:  MOVLW  89
0AEC4:  MOVWF  FE9
0AEC6:  MOVFF  763,793
0AECA:  MOVFF  762,792
0AECE:  MOVFF  761,791
0AED2:  MOVFF  760,790
0AED6:  MOVLB  7
0AED8:  CLRF   x94
0AEDA:  MOVLB  0
0AEDC:  CALL   6C44
0AEE0:  MOVLW  3B
0AEE2:  MOVLB  7
0AEE4:  MOVWF  x9D
0AEE6:  MOVLB  0
0AEE8:  CALL   5DC6
....................         sprintf(retData+strlen(retData), "POS,%u,%.3f;", ch+1, adcVals[ch].pReal);
0AEEC:  MOVLW  04
0AEEE:  MOVLB  7
0AEF0:  MOVWF  x8F
0AEF2:  MOVLW  D6
0AEF4:  MOVWF  x8E
0AEF6:  MOVLB  0
0AEF8:  CALL   5D8E
0AEFC:  MOVF   01,W
0AEFE:  ADDLW  D6
0AF00:  MOVLB  7
0AF02:  MOVWF  x59
0AF04:  MOVLW  04
0AF06:  ADDWFC 02,W
0AF08:  MOVWF  x5A
0AF0A:  MOVLW  01
0AF0C:  ADDWF  x58,W
0AF0E:  MOVWF  x5B
0AF10:  MOVF   x58,W
0AF12:  MULLW  26
0AF14:  MOVF   FF3,W
0AF16:  CLRF   x5D
0AF18:  MOVWF  x5C
0AF1A:  MOVLW  1D
0AF1C:  ADDWF  x5C,W
0AF1E:  MOVWF  01
0AF20:  MOVLW  00
0AF22:  ADDWFC x5D,W
0AF24:  MOVWF  03
0AF26:  MOVF   01,W
0AF28:  ADDLW  2C
0AF2A:  MOVWF  FE9
0AF2C:  MOVLW  01
0AF2E:  ADDWFC 03,W
0AF30:  MOVWF  FEA
0AF32:  MOVFF  FEF,75C
0AF36:  MOVFF  FEC,75D
0AF3A:  MOVFF  FEC,75E
0AF3E:  MOVFF  FEC,75F
0AF42:  MOVFF  75A,57A
0AF46:  MOVFF  759,579
0AF4A:  MOVLW  56
0AF4C:  MOVWF  FF6
0AF4E:  MOVLW  04
0AF50:  MOVWF  FF7
0AF52:  MOVLW  04
0AF54:  MOVWF  x65
0AF56:  MOVLB  0
0AF58:  CALL   67B2
0AF5C:  MOVFF  75B,765
0AF60:  MOVLW  1B
0AF62:  MOVLB  7
0AF64:  MOVWF  x66
0AF66:  MOVLB  0
0AF68:  RCALL  A8BC
0AF6A:  MOVLW  2C
0AF6C:  MOVLB  7
0AF6E:  MOVWF  x9D
0AF70:  MOVLB  0
0AF72:  CALL   5DC6
0AF76:  MOVLW  89
0AF78:  MOVWF  FE9
0AF7A:  MOVFF  75F,793
0AF7E:  MOVFF  75E,792
0AF82:  MOVFF  75D,791
0AF86:  MOVFF  75C,790
0AF8A:  MOVLW  03
0AF8C:  MOVLB  7
0AF8E:  MOVWF  x94
0AF90:  MOVLB  0
0AF92:  CALL   6C44
0AF96:  MOVLW  3B
0AF98:  MOVLB  7
0AF9A:  MOVWF  x9D
0AF9C:  MOVLB  0
0AF9E:  CALL   5DC6
....................         if ( dacVals[ch].invV ) sprintf(retData+strlen(retData), "OUT,%u,-,%Lu;", ch+1, dacVals[ch].ipVal);
0AFA2:  MOVLB  7
0AFA4:  MOVF   x58,W
0AFA6:  MULLW  07
0AFA8:  MOVF   FF3,W
0AFAA:  CLRF   x5A
0AFAC:  MOVWF  x59
0AFAE:  MOVLW  79
0AFB0:  ADDWF  x59,W
0AFB2:  MOVWF  FE9
0AFB4:  MOVLW  01
0AFB6:  ADDWFC x5A,W
0AFB8:  MOVWF  FEA
0AFBA:  BTFSS  FEF.0
0AFBC:  BRA    B066
0AFBE:  MOVLW  04
0AFC0:  MOVWF  x8F
0AFC2:  MOVLW  D6
0AFC4:  MOVWF  x8E
0AFC6:  MOVLB  0
0AFC8:  CALL   5D8E
0AFCC:  MOVF   01,W
0AFCE:  ADDLW  D6
0AFD0:  MOVLB  7
0AFD2:  MOVWF  x59
0AFD4:  MOVLW  04
0AFD6:  ADDWFC 02,W
0AFD8:  MOVWF  x5A
0AFDA:  MOVLW  01
0AFDC:  ADDWF  x58,W
0AFDE:  MOVWF  x5B
0AFE0:  MOVF   x58,W
0AFE2:  MULLW  07
0AFE4:  MOVF   FF3,W
0AFE6:  CLRF   x5D
0AFE8:  MOVWF  x5C
0AFEA:  MOVLW  01
0AFEC:  ADDWF  x5C,W
0AFEE:  MOVWF  01
0AFF0:  MOVLW  00
0AFF2:  ADDWFC x5D,W
0AFF4:  MOVWF  03
0AFF6:  MOVF   01,W
0AFF8:  ADDLW  79
0AFFA:  MOVWF  FE9
0AFFC:  MOVLW  01
0AFFE:  ADDWFC 03,W
0B000:  MOVWF  FEA
0B002:  MOVFF  FEC,75D
0B006:  MOVF   FED,F
0B008:  MOVFF  FEF,75C
0B00C:  MOVFF  75A,57A
0B010:  MOVFF  759,579
0B014:  MOVLW  64
0B016:  MOVWF  FF6
0B018:  MOVLW  04
0B01A:  MOVWF  FF7
0B01C:  MOVLW  04
0B01E:  MOVWF  x65
0B020:  MOVLB  0
0B022:  CALL   67B2
0B026:  MOVFF  75B,765
0B02A:  MOVLW  1B
0B02C:  MOVLB  7
0B02E:  MOVWF  x66
0B030:  MOVLB  0
0B032:  RCALL  A8BC
0B034:  MOVLW  6A
0B036:  MOVWF  FF6
0B038:  MOVLW  04
0B03A:  MOVWF  FF7
0B03C:  MOVLW  03
0B03E:  MOVLB  7
0B040:  MOVWF  x65
0B042:  MOVLB  0
0B044:  CALL   67B2
0B048:  MOVLW  10
0B04A:  MOVWF  FE9
0B04C:  MOVFF  75D,760
0B050:  MOVFF  75C,75F
0B054:  RCALL  AD0A
0B056:  MOVLW  3B
0B058:  MOVLB  7
0B05A:  MOVWF  x9D
0B05C:  MOVLB  0
0B05E:  CALL   5DC6
0B062:  BRA    B10C
0B064:  MOVLB  7
....................         else                    sprintf(retData+strlen(retData), "OUT,%u,+,%Lu;", ch+1, dacVals[ch].ipVal);
0B066:  MOVLW  04
0B068:  MOVWF  x8F
0B06A:  MOVLW  D6
0B06C:  MOVWF  x8E
0B06E:  MOVLB  0
0B070:  CALL   5D8E
0B074:  MOVF   01,W
0B076:  ADDLW  D6
0B078:  MOVLB  7
0B07A:  MOVWF  x59
0B07C:  MOVLW  04
0B07E:  ADDWFC 02,W
0B080:  MOVWF  x5A
0B082:  MOVLW  01
0B084:  ADDWF  x58,W
0B086:  MOVWF  x5B
0B088:  MOVF   x58,W
0B08A:  MULLW  07
0B08C:  MOVF   FF3,W
0B08E:  CLRF   x5D
0B090:  MOVWF  x5C
0B092:  MOVLW  01
0B094:  ADDWF  x5C,W
0B096:  MOVWF  01
0B098:  MOVLW  00
0B09A:  ADDWFC x5D,W
0B09C:  MOVWF  03
0B09E:  MOVF   01,W
0B0A0:  ADDLW  79
0B0A2:  MOVWF  FE9
0B0A4:  MOVLW  01
0B0A6:  ADDWFC 03,W
0B0A8:  MOVWF  FEA
0B0AA:  MOVFF  FEC,75D
0B0AE:  MOVF   FED,F
0B0B0:  MOVFF  FEF,75C
0B0B4:  MOVFF  75A,57A
0B0B8:  MOVFF  759,579
0B0BC:  MOVLW  72
0B0BE:  MOVWF  FF6
0B0C0:  MOVLW  04
0B0C2:  MOVWF  FF7
0B0C4:  MOVLW  04
0B0C6:  MOVWF  x65
0B0C8:  MOVLB  0
0B0CA:  CALL   67B2
0B0CE:  MOVFF  75B,765
0B0D2:  MOVLW  1B
0B0D4:  MOVLB  7
0B0D6:  MOVWF  x66
0B0D8:  MOVLB  0
0B0DA:  CALL   A8BC
0B0DE:  MOVLW  78
0B0E0:  MOVWF  FF6
0B0E2:  MOVLW  04
0B0E4:  MOVWF  FF7
0B0E6:  MOVLW  03
0B0E8:  MOVLB  7
0B0EA:  MOVWF  x65
0B0EC:  MOVLB  0
0B0EE:  CALL   67B2
0B0F2:  MOVLW  10
0B0F4:  MOVWF  FE9
0B0F6:  MOVFF  75D,760
0B0FA:  MOVFF  75C,75F
0B0FE:  RCALL  AD0A
0B100:  MOVLW  3B
0B102:  MOVLB  7
0B104:  MOVWF  x9D
0B106:  MOVLB  0
0B108:  CALL   5DC6
0B10C:  MOVLB  7
0B10E:  INCF   x58,F
0B110:  BRA    ADD6
....................     }
....................     return SUCCESS;
0B112:  MOVLW  00
0B114:  MOVWF  01
0B116:  MOVLB  0
0B118:  RETURN 0
.................... }
.................... 
.................... int8 invalidCmd(unsigned int8 rec){
....................    return INV_CMD;
0B11A:  MOVLW  01
0B11C:  MOVWF  01
0B11E:  RETURN 0
.................... }
.................... 
.................... /*****************************************************************************/
.................... /* ARG VALIDATION HELPER FUNCS                                               */
.................... /*****************************************************************************/
.................... BOOLEAN arg_is_float(char *arg){
*
0729C:  MOVLB  7
0729E:  BCF    x63.0
....................    BOOLEAN decimal = FALSE;
....................    for (int i=0; i<strlen(arg); i++){
072A0:  CLRF   x64
072A2:  MOVFF  762,78F
072A6:  MOVFF  761,78E
072AA:  MOVLB  0
072AC:  CALL   5D8E
072B0:  MOVFF  02,03
072B4:  MOVF   01,W
072B6:  MOVF   03,F
072B8:  BNZ   72C4
072BA:  MOVF   01,W
072BC:  MOVLB  7
072BE:  SUBWF  x64,W
072C0:  BC    7356
072C2:  MOVLB  0
....................       if (!isdigit(arg[i])){
072C4:  MOVLB  7
072C6:  MOVF   x64,W
072C8:  ADDWF  x61,W
072CA:  MOVWF  FE9
072CC:  MOVLW  00
072CE:  ADDWFC x62,W
072D0:  MOVWF  FEA
072D2:  MOVFF  FEF,765
072D6:  MOVF   x65,W
072D8:  SUBLW  2F
072DA:  BC    72E2
072DC:  MOVF   x65,W
072DE:  SUBLW  39
072E0:  BC    734E
....................          // Check for negative sign
....................          if ('-' != arg[i]){
072E2:  MOVF   x64,W
072E4:  ADDWF  x61,W
072E6:  MOVWF  FE9
072E8:  MOVLW  00
072EA:  ADDWFC x62,W
072EC:  MOVWF  FEA
072EE:  MOVF   FEF,W
072F0:  SUBLW  2D
072F2:  BZ    731E
....................             // Check for decimal
....................             if ('.' != arg[i]) return FALSE;
072F4:  MOVF   x64,W
072F6:  ADDWF  x61,W
072F8:  MOVWF  FE9
072FA:  MOVLW  00
072FC:  ADDWFC x62,W
072FE:  MOVWF  FEA
07300:  MOVF   FEF,W
07302:  SUBLW  2E
07304:  BZ    730E
07306:  MOVLW  00
07308:  MOVWF  01
0730A:  BRA    735A
0730C:  BRA    731C
....................             else if  (decimal) return FALSE;
0730E:  BTFSS  x63.0
07310:  BRA    731A
07312:  MOVLW  00
07314:  MOVWF  01
07316:  BRA    735A
07318:  BRA    731C
....................             else decimal = TRUE;
0731A:  BSF    x63.0
....................          }
0731C:  BRA    734E
....................          else if (0 != i) return FALSE;
0731E:  MOVF   x64,F
07320:  BZ    732A
07322:  MOVLW  00
07324:  MOVWF  01
07326:  BRA    735A
07328:  BRA    734E
....................          else if (1 == strlen(arg)) return FALSE;
0732A:  MOVFF  762,78F
0732E:  MOVFF  761,78E
07332:  MOVLB  0
07334:  CALL   5D8E
07338:  MOVFF  02,03
0733C:  MOVF   01,W
0733E:  SUBLW  01
07340:  BNZ   7350
07342:  MOVF   03,F
07344:  BNZ   7350
07346:  MOVLW  00
07348:  MOVWF  01
0734A:  MOVLB  7
0734C:  BRA    735A
0734E:  MOVLB  0
....................       }
07350:  MOVLB  7
07352:  INCF   x64,F
07354:  BRA    72A2
....................    }
....................    return TRUE;
07356:  MOVLW  01
07358:  MOVWF  01
0735A:  MOVLB  0
0735C:  RETURN 0
.................... }
.................... 
.................... BOOLEAN is_valid_channel(char *arg){
....................     if (1 != strlen(arg)) return FALSE;
*
05F6E:  MOVFF  78A,78F
05F72:  MOVFF  789,78E
05F76:  RCALL  5D8E
05F78:  MOVFF  02,03
05F7C:  MOVF   01,W
05F7E:  SUBLW  01
05F80:  BNZ   5F86
05F82:  MOVF   03,F
05F84:  BZ    5F8E
05F86:  MOVLW  00
05F88:  MOVWF  01
05F8A:  BRA    5FBC
05F8C:  BRA    5FB4
....................     else if ('1' != arg[0] && '2' != arg[0]) return FALSE;
05F8E:  MOVLB  7
05F90:  MOVFF  789,FE9
05F94:  MOVFF  78A,FEA
05F98:  MOVF   FEF,W
05F9A:  SUBLW  31
05F9C:  BZ    5FB6
05F9E:  MOVFF  789,FE9
05FA2:  MOVFF  78A,FEA
05FA6:  MOVF   FEF,W
05FA8:  SUBLW  32
05FAA:  BZ    5FB6
05FAC:  MOVLW  00
05FAE:  MOVWF  01
05FB0:  MOVLB  0
05FB2:  BRA    5FBC
05FB4:  MOVLB  7
....................     return TRUE;
05FB6:  MOVLW  01
05FB8:  MOVWF  01
05FBA:  MOVLB  0
05FBC:  RETURN 0
.................... }
.................... 
.................... /*****************************************************************************/
.................... /* ASCII HEX CHARACTER TO INT                                                */
.................... /*****************************************************************************/
.................... int8 hex_to_int(char ascii){
....................    if (ascii >= '0' && ascii <= '9') return ascii-'0';
*
05E0A:  MOVLB  7
05E0C:  MOVF   x57,W
05E0E:  SUBLW  2F
05E10:  BC    5E22
05E12:  MOVF   x57,W
05E14:  SUBLW  39
05E16:  BNC   5E22
05E18:  MOVLW  30
05E1A:  SUBWF  x57,W
05E1C:  MOVWF  01
05E1E:  BRA    5E3E
05E20:  BRA    5E3E
....................    else if (ascii >= 'A' && ascii <= 'F') return ascii-'A'+10;
05E22:  MOVF   x57,W
05E24:  SUBLW  40
05E26:  BC    5E3A
05E28:  MOVF   x57,W
05E2A:  SUBLW  46
05E2C:  BNC   5E3A
05E2E:  MOVLW  41
05E30:  SUBWF  x57,W
05E32:  ADDLW  0A
05E34:  MOVWF  01
05E36:  BRA    5E3E
05E38:  BRA    5E3E
....................    else return 0xFF;
05E3A:  MOVLW  FF
05E3C:  MOVWF  01
05E3E:  MOVLB  0
05E40:  GOTO   B1BE (RETURN)
.................... }
.................... 
.................... /*****************************************************************************/
.................... /* COMMAND HANDLER/PARSER FUNCS                                              */
.................... /*****************************************************************************/
.................... void echo_cmd(unsigned int8 rec){
....................    /* NEEDS FIXING
....................    fprintf(SERIAL, "%c", SERcmd[rec].t);
....................    while (SERcmd[rec].recReadIndex <= SERcmd[rec].recWriteIndex)
....................    {
....................       if (SERcmd[rec].recReadIndex != 0) fprintf(SERIAL, "%c", delimiter);
....................       fprintf(SERIAL, "%s", SERcmd[rec].p[SERcmd[rec].recReadIndex]);
....................       SERcmd[rec].recReadIndex++;
....................    }
....................    SERcmd[rec].recReadIndex=0;
....................    */
.................... }
.................... 
.................... int8 command_parser(unsigned int8 rec){
*
0B120:  MOVLB  7
0B122:  CLRF   x94
0B124:  MOVFF  74E,793
0B128:  CLRF   x96
0B12A:  MOVLW  B5
0B12C:  MOVWF  x95
0B12E:  MOVLB  0
0B130:  CALL   095E
0B134:  MOVFF  02,757
0B138:  MOVFF  01,756
0B13C:  MOVLW  06
0B13E:  MOVLB  7
0B140:  ADDWF  x56,F
0B142:  MOVLW  00
0B144:  ADDWFC x57,F
0B146:  MOVFF  756,01
0B14A:  MOVLW  02
0B14C:  ADDWF  x57,W
0B14E:  MOVWF  03
0B150:  MOVFF  01,74F
0B154:  MOVWF  x50
0B156:  CLRF   x94
0B158:  MOVFF  74E,793
0B15C:  CLRF   x96
0B15E:  MOVLW  B5
0B160:  MOVWF  x95
0B162:  MOVLB  0
0B164:  CALL   095E
0B168:  MOVFF  02,759
0B16C:  MOVFF  01,758
0B170:  MOVLW  06
0B172:  MOVLB  7
0B174:  ADDWF  x58,F
0B176:  MOVLW  00
0B178:  ADDWFC x59,F
0B17A:  MOVLW  19
0B17C:  ADDWF  x58,W
0B17E:  MOVWF  01
0B180:  MOVLW  00
0B182:  ADDWFC x59,W
0B184:  MOVWF  03
0B186:  MOVF   01,W
0B188:  MOVLW  02
0B18A:  ADDWF  03,F
0B18C:  MOVFF  01,751
0B190:  MOVFF  03,752
0B194:  CLRF   x53
0B196:  CLRF   x54
....................    char *cmd_adr = SERcmd[rec].p[0];
....................    char *cmd_str = SERcmd[rec].p[1];
.................... //!   int8 devID = input_a();
....................    int8 devID = 0;
....................    int8 i = 0;
....................    
....................    if (hwID == cmd_adr[0]){
0B198:  MOVFF  74F,FE9
0B19C:  MOVFF  750,FEA
0B1A0:  MOVF   FEF,W
0B1A2:  SUBLW  44
0B1A4:  BTFSS  FD8.2
0B1A6:  BRA    B296
....................       if (hex_to_int(cmd_adr[1]) == (devID & 0x0F)){
0B1A8:  MOVLW  01
0B1AA:  ADDWF  x4F,W
0B1AC:  MOVWF  FE9
0B1AE:  MOVLW  00
0B1B0:  ADDWFC x50,W
0B1B2:  MOVWF  FEA
0B1B4:  MOVFF  FEF,757
0B1B8:  MOVLB  0
0B1BA:  GOTO   5E0A
0B1BE:  MOVFF  01,756
0B1C2:  MOVLB  7
0B1C4:  MOVF   x53,W
0B1C6:  ANDLW  0F
0B1C8:  SUBWF  01,W
0B1CA:  BNZ   B28E
....................          while (0 != strlen(cmd_list[i].cmd_name)){
0B1CC:  MOVF   x54,W
0B1CE:  MULLW  04
0B1D0:  MOVF   FF3,W
0B1D2:  CLRF   x57
0B1D4:  MOVWF  x56
0B1D6:  MOVLW  7F
0B1D8:  ADDWF  x56,W
0B1DA:  MOVWF  FE9
0B1DC:  MOVLW  05
0B1DE:  ADDWFC x57,W
0B1E0:  MOVWF  FEA
0B1E2:  MOVFF  FEC,78F
0B1E6:  MOVF   FED,F
0B1E8:  MOVFF  FEF,78E
0B1EC:  MOVLB  0
0B1EE:  CALL   5D8E
0B1F2:  MOVFF  02,03
0B1F6:  MOVF   01,W
0B1F8:  BNZ   B1FE
0B1FA:  MOVF   03,F
0B1FC:  BZ    B284
....................             if (0 == strcmp(cmd_str, cmd_list[i].cmd_name))
0B1FE:  MOVLB  7
0B200:  MOVF   x54,W
0B202:  MULLW  04
0B204:  MOVF   FF3,W
0B206:  CLRF   x57
0B208:  MOVWF  x56
0B20A:  MOVLW  7F
0B20C:  ADDWF  x56,W
0B20E:  MOVWF  FE9
0B210:  MOVLW  05
0B212:  ADDWFC x57,W
0B214:  MOVWF  FEA
0B216:  MOVFF  FEC,791
0B21A:  MOVF   FED,F
0B21C:  MOVFF  FEF,790
0B220:  MOVFF  752,78F
0B224:  MOVFF  751,78E
0B228:  MOVLB  0
0B22A:  CALL   5E44
0B22E:  MOVF   01,F
0B230:  BNZ   B27C
....................             {
....................                int8 return_code = cmd_list[i].cmd_func(rec);
0B232:  MOVLB  7
0B234:  MOVF   x54,W
0B236:  MULLW  04
0B238:  MOVF   FF3,W
0B23A:  CLRF   x57
0B23C:  MOVWF  x56
0B23E:  MOVLW  02
0B240:  ADDWF  x56,W
0B242:  MOVWF  01
0B244:  MOVLW  00
0B246:  ADDWFC x57,W
0B248:  MOVWF  03
0B24A:  MOVF   01,W
0B24C:  ADDLW  7F
0B24E:  MOVWF  01
0B250:  MOVLW  05
0B252:  ADDWFC 03,F
0B254:  MOVFF  01,756
0B258:  MOVFF  03,757
0B25C:  MOVFF  03,FEA
0B260:  MOVFF  01,FE9
0B264:  MOVFF  74E,6E2
0B268:  MOVLB  0
0B26A:  CALL   016A
0B26E:  MOVFF  01,755
....................                return return_code;
0B272:  MOVLB  7
0B274:  MOVFF  755,01
0B278:  BRA    B29A
0B27A:  MOVLB  0
....................             }
....................             i++;
0B27C:  MOVLB  7
0B27E:  INCF   x54,F
0B280:  BRA    B1CC
0B282:  MOVLB  0
....................          }
....................          return INV_CMD; // INVALID_CMD
0B284:  MOVLW  01
0B286:  MOVWF  01
0B288:  MOVLB  7
0B28A:  BRA    B29A
....................       } else return 254; // NOT THIS ADDRESS
0B28C:  BRA    B294
0B28E:  MOVLW  FE
0B290:  MOVWF  01
0B292:  BRA    B29A
....................    } else return 255; // NOT THIS DEVICE TYPE
0B294:  BRA    B29A
0B296:  MOVLW  FF
0B298:  MOVWF  01
0B29A:  MOVLB  0
0B29C:  GOTO   B336 (RETURN)
.................... }
.................... 
.................... void command_handler_task(){
....................     while (getNextSERReadIndex())
0B2A0:  GOTO   5D36
0B2A4:  MOVF   01,F
0B2A6:  BTFSC  FD8.2
0B2A8:  BRA    B3BE
....................     {
....................         int8 return_code;
....................         //echo_cmd(SRI);
....................         sprintf(retData + strlen(retData), "$%s,", SERcmd[SRI].p[0]);
0B2AA:  MOVLW  04
0B2AC:  MOVLB  7
0B2AE:  MOVWF  x8F
0B2B0:  MOVLW  D6
0B2B2:  MOVWF  x8E
0B2B4:  MOVLB  0
0B2B6:  CALL   5D8E
0B2BA:  MOVFF  02,03
0B2BE:  MOVF   01,W
0B2C0:  ADDLW  D6
0B2C2:  MOVLB  7
0B2C4:  MOVWF  x4E
0B2C6:  MOVLW  04
0B2C8:  ADDWFC 02,W
0B2CA:  MOVWF  x4F
0B2CC:  CLRF   x94
0B2CE:  MOVFF  4D4,793
0B2D2:  CLRF   x96
0B2D4:  MOVLW  B5
0B2D6:  MOVWF  x95
0B2D8:  MOVLB  0
0B2DA:  CALL   095E
0B2DE:  MOVFF  02,751
0B2E2:  MOVFF  01,750
0B2E6:  MOVLW  06
0B2E8:  MOVLB  7
0B2EA:  ADDWF  x50,F
0B2EC:  MOVLW  00
0B2EE:  ADDWFC x51,F
0B2F0:  MOVFF  750,752
0B2F4:  MOVLW  02
0B2F6:  ADDWF  x51,W
0B2F8:  MOVWF  03
0B2FA:  MOVWF  x53
0B2FC:  MOVFF  74F,57A
0B300:  MOVFF  74E,579
0B304:  MOVLW  24
0B306:  MOVWF  x9D
0B308:  MOVLB  0
0B30A:  CALL   5DC6
0B30E:  MOVFF  57A,FEA
0B312:  MOVFF  579,FE9
0B316:  CLRF   FEF
0B318:  MOVFF  753,FEA
0B31C:  MOVFF  752,FE9
0B320:  CALL   5DE6
0B324:  MOVLW  2C
0B326:  MOVLB  7
0B328:  MOVWF  x9D
0B32A:  MOVLB  0
0B32C:  CALL   5DC6
....................         
....................         return_code = command_parser(SRI);
0B330:  MOVFF  4D4,74E
0B334:  BRA    B120
0B336:  MOVFF  01,74D
....................         
....................         sprintf(retData + strlen(retData), "%s", resp_list[return_code].msg);
0B33A:  MOVLW  04
0B33C:  MOVLB  7
0B33E:  MOVWF  x8F
0B340:  MOVLW  D6
0B342:  MOVWF  x8E
0B344:  MOVLB  0
0B346:  CALL   5D8E
0B34A:  MOVF   01,W
0B34C:  ADDLW  D6
0B34E:  MOVLB  7
0B350:  MOVWF  x4E
0B352:  MOVLW  04
0B354:  ADDWFC 02,W
0B356:  MOVWF  x4F
0B358:  MOVF   x4D,W
0B35A:  MULLW  03
0B35C:  MOVF   FF3,W
0B35E:  CLRF   x51
0B360:  MOVWF  x50
0B362:  MOVLW  01
0B364:  ADDWF  x50,W
0B366:  MOVWF  01
0B368:  MOVLW  00
0B36A:  ADDWFC x51,W
0B36C:  MOVWF  03
0B36E:  MOVF   01,W
0B370:  ADDLW  AF
0B372:  MOVWF  FE9
0B374:  MOVLW  06
0B376:  ADDWFC 03,W
0B378:  MOVWF  FEA
0B37A:  MOVFF  FEC,751
0B37E:  MOVF   FED,F
0B380:  MOVFF  FEF,750
0B384:  MOVFF  74F,57A
0B388:  MOVFF  74E,579
0B38C:  MOVFF  57A,FEA
0B390:  MOVFF  579,FE9
0B394:  CLRF   FEF
0B396:  MOVFF  751,FEA
0B39A:  MOVFF  750,FE9
0B39E:  MOVLB  0
0B3A0:  CALL   5DE6
....................         
....................         serial_out(retData);
0B3A4:  MOVLW  04
0B3A6:  MOVLB  7
0B3A8:  MOVWF  x4F
0B3AA:  MOVLW  D6
0B3AC:  MOVWF  x4E
0B3AE:  MOVLB  0
0B3B0:  CALL   581E
....................         
....................         resetSERcmd(SRI);
0B3B4:  MOVFF  4D4,74E
0B3B8:  CALL   0C42
0B3BC:  BRA    B2A0
....................     }
0B3BE:  GOTO   B874 (RETURN)
.................... }
.................... 
.................... #endif
.................... 
.................... 
.................... //!#define DEBUG_1
.................... 
.................... void main()
0B3C2:  CLRF   FF8
0B3C4:  MOVLB  E
0B3C6:  BSF    xB8.5
0B3C8:  BCF    xB9.0
0B3CA:  BSF    FF2.5
0B3CC:  BSF    07.7
0B3CE:  MOVLW  55
0B3D0:  MOVWF  x9B
0B3D2:  MOVLW  AA
0B3D4:  MOVWF  x9B
0B3D6:  BCF    x9B.0
0B3D8:  MOVLW  17
0B3DA:  MOVWF  xB0
0B3DC:  MOVLW  13
0B3DE:  MOVWF  xB2
0B3E0:  MOVLW  09
0B3E2:  MOVWF  x8A
0B3E4:  MOVLW  0A
0B3E6:  MOVWF  x8B
0B3E8:  MOVLW  11
0B3EA:  MOVWF  xEB
0B3EC:  MOVLW  12
0B3EE:  MOVWF  xED
0B3F0:  MOVLW  10
0B3F2:  MOVWF  xF4
0B3F4:  MOVLW  0F
0B3F6:  MOVWF  xF5
0B3F8:  MOVLW  09
0B3FA:  MOVWF  xF8
0B3FC:  MOVLW  55
0B3FE:  MOVWF  x9B
0B400:  MOVLW  AA
0B402:  MOVWF  x9B
0B404:  BSF    x9B.0
0B406:  CLRF   xD8
0B408:  CLRF   xD5
0B40A:  CLRF   xD7
0B40C:  MOVLW  08
0B40E:  MOVWF  xD9
0B410:  MOVLW  60
0B412:  MOVWF  xD3
0B414:  MOVLW  AA
0B416:  MOVLB  1
0B418:  MOVWF  x0F
0B41A:  BCF    x78.0
0B41C:  CLRF   x8A
0B41E:  CLRF   x89
0B420:  CLRF   x88
0B422:  CLRF   x87
0B424:  CLRF   x8E
0B426:  CLRF   x8D
0B428:  CLRF   x8C
0B42A:  CLRF   x8B
0B42C:  CLRF   x92
0B42E:  CLRF   x91
0B430:  CLRF   x90
0B432:  CLRF   x8F
0B434:  CLRF   x94
0B436:  CLRF   x93
0B438:  MOVLB  E
0B43A:  BCF    x91.5
0B43C:  MOVLW  00
0B43E:  MOVWF  x90
0B440:  MOVLW  03
0B442:  MOVWF  x8E
0B444:  MOVLW  2A
0B446:  MOVWF  x91
0B448:  MOVLW  04
0B44A:  MOVWF  F88
0B44C:  MOVWF  F88
0B44E:  MOVWF  F88
0B450:  MOVLB  1
0B452:  CLRF   xE5
0B454:  CLRF   xE6
0B456:  CLRF   xE7
0B458:  CLRF   xE8
0B45A:  BCF    F95.5
0B45C:  MOVLW  40
0B45E:  MOVWF  F94
0B460:  MOVLW  9F
0B462:  MOVWF  F92
0B464:  MOVLW  3A
0B466:  MOVWF  F95
0B468:  MOVLW  93
0B46A:  MOVWF  F89
0B46C:  MOVWF  F89
0B46E:  MOVLB  4
0B470:  CLRF   xD4
0B472:  CLRF   xD5
0B474:  MOVLB  5
0B476:  CLRF   x76
0B478:  CLRF   x77
0B47A:  MOVLB  1
0B47C:  BCF    x78.1
0B47E:  MOVLB  5
0B480:  CLRF   x78
0B482:  BSF    F9E.3
0B484:  MOVLW  7C
0B486:  MOVWF  F9A
0B488:  MOVLW  00
0B48A:  MOVWF  F9B
0B48C:  MOVLW  A6
0B48E:  MOVWF  F9D
0B490:  MOVLW  90
0B492:  MOVWF  F9C
0B494:  CLRF   x7A
0B496:  CLRF   x79
0B498:  CLRF   x7E
0B49A:  CLRF   x7D
0B49C:  CLRF   x7C
0B49E:  CLRF   x7B
0B4A0:  MOVLB  F
0B4A2:  CLRF   x0C
0B4A4:  CLRF   x14
0B4A6:  CLRF   x1C
0B4A8:  CLRF   x21
0B4AA:  CLRF   x29
0B4AC:  CLRF   x35
0B4AE:  CLRF   x36
0B4B0:  CLRF   x37
0B4B2:  CLRF   x34
0B4B4:  CLRF   x31
0B4B6:  CLRF   x32
0B4B8:  CLRF   x33
0B4BA:  CLRF   x30
0B4BC:  MOVLW  5E
0B4BE:  MOVLB  5
0B4C0:  MOVWF  x82
0B4C2:  MOVLW  DC
0B4C4:  MOVWF  x81
0B4C6:  MOVLW  5F
0B4C8:  MOVWF  x86
0B4CA:  MOVLW  20
0B4CC:  MOVWF  x85
0B4CE:  MOVLW  5F
0B4D0:  MOVWF  x8A
0B4D2:  MOVLW  64
0B4D4:  MOVWF  x89
0B4D6:  MOVLW  64
0B4D8:  MOVWF  x8E
0B4DA:  MOVLW  72
0B4DC:  MOVWF  x8D
0B4DE:  MOVLW  66
0B4E0:  MOVWF  x92
0B4E2:  MOVLW  0E
0B4E4:  MOVWF  x91
0B4E6:  MOVLW  67
0B4E8:  MOVWF  x96
0B4EA:  MOVLW  DC
0B4EC:  MOVWF  x95
0B4EE:  MOVLW  69
0B4F0:  MOVWF  x9A
0B4F2:  MOVLW  60
0B4F4:  MOVWF  x99
0B4F6:  MOVLW  6D
0B4F8:  MOVWF  x9E
0B4FA:  MOVLW  F4
0B4FC:  MOVWF  x9D
0B4FE:  MOVLW  75
0B500:  MOVWF  xA2
0B502:  MOVLW  B8
0B504:  MOVWF  xA1
0B506:  MOVLW  78
0B508:  MOVWF  xA6
0B50A:  MOVLW  82
0B50C:  MOVWF  xA5
0B50E:  MOVLW  79
0B510:  MOVWF  xAA
0B512:  MOVLW  3C
0B514:  MOVWF  xA9
0B516:  MOVLW  79
0B518:  MOVWF  xAE
0B51A:  MOVLW  F6
0B51C:  MOVWF  xAD
0B51E:  MOVLW  7B
0B520:  MOVWF  xB2
0B522:  MOVLW  50
0B524:  MOVWF  xB1
0B526:  MOVLW  7C
0B528:  MOVWF  xB6
0B52A:  MOVLW  FE
0B52C:  MOVWF  xB5
0B52E:  MOVLW  80
0B530:  MOVWF  xBA
0B532:  MOVLW  AC
0B534:  MOVWF  xB9
0B536:  MOVLW  85
0B538:  MOVWF  xBE
0B53A:  MOVLW  FA
0B53C:  MOVWF  xBD
0B53E:  MOVLW  89
0B540:  MOVWF  xC2
0B542:  MOVLW  7C
0B544:  MOVWF  xC1
0B546:  MOVLW  8E
0B548:  MOVWF  xC6
0B54A:  MOVLW  A4
0B54C:  MOVWF  xC5
0B54E:  MOVLW  8E
0B550:  MOVWF  xCA
0B552:  MOVLW  AA
0B554:  MOVWF  xC9
0B556:  MOVLW  95
0B558:  MOVWF  xCE
0B55A:  MOVLW  1A
0B55C:  MOVWF  xCD
0B55E:  MOVLW  9C
0B560:  MOVWF  xD2
0B562:  MOVLW  EE
0B564:  MOVWF  xD1
0B566:  MOVLW  A4
0B568:  MOVWF  xD6
0B56A:  MOVLW  04
0B56C:  MOVWF  xD5
0B56E:  MOVLW  A5
0B570:  MOVWF  xDA
0B572:  MOVLW  5E
0B574:  MOVWF  xD9
0B576:  MOVLW  A7
0B578:  MOVWF  xDE
0B57A:  MOVLW  C0
0B57C:  MOVWF  xDD
0B57E:  MOVLW  A7
0B580:  MOVWF  xE2
0B582:  MOVLW  CC
0B584:  MOVWF  xE1
0B586:  MOVLW  A7
0B588:  MOVWF  xE6
0B58A:  MOVLW  D8
0B58C:  MOVWF  xE5
0B58E:  MOVLW  A9
0B590:  MOVWF  xEA
0B592:  MOVLW  42
0B594:  MOVWF  xE9
0B596:  MOVLW  AA
0B598:  MOVWF  xEE
0B59A:  MOVLW  AE
0B59C:  MOVWF  xED
0B59E:  MOVLW  AD
0B5A0:  MOVWF  xF2
0B5A2:  MOVLW  D2
0B5A4:  MOVWF  xF1
0B5A6:  MOVLW  B1
0B5A8:  MOVWF  xF6
0B5AA:  MOVLW  1A
0B5AC:  MOVWF  xF5
0B5AE:  BRA    B7D0
0B5B0:  DATA 02,00
0B5B2:  DATA 2F,00
0B5B4:  DATA 00,0C
0B5B6:  DATA 00,35
0B5B8:  DATA 78,23
0B5BA:  DATA D7,0A
0B5BC:  DATA 7D,19
0B5BE:  DATA 99,9A
0B5C0:  DATA 7B,4C
0B5C2:  DATA CC,CD
0B5C4:  DATA 1C,C0
0B5C6:  DATA 00,0C
0B5C8:  DATA 80,78
0B5CA:  DATA 23,D7
0B5CC:  DATA 0A,7D
0B5CE:  DATA 19,99
0B5D0:  DATA 9A,7B
0B5D2:  DATA 4C,CC
0B5D4:  DATA CD,1C
0B5D6:  DATA C0,00
0B5D8:  DATA 01,80
0B5DA:  DATA 02,09
0B5DC:  DATA C0,00
0B5DE:  DATA 05,80
0B5E0:  DATA 7F,00
0B5E2:  DATA 00,00
0B5E4:  DATA 7F,0B
0B5E6:  DATA C0,00
0B5E8:  DATA 05,80
0B5EA:  DATA 7F,00
0B5EC:  DATA 00,00
0B5EE:  DATA 7F,07
0B5F0:  DATA C0,00
0B5F2:  DATA 01,80
0B5F4:  DATA 7F,17
0B5F6:  DATA C0,00
0B5F8:  DATA 01,80
0B5FA:  DATA 7F,17
0B5FC:  DATA C0,00
0B5FE:  DATA 04,80
0B600:  DATA 79,B7
0B602:  DATA F3,BD
0B604:  DATA 04,C0
0B606:  DATA 00,04
0B608:  DATA 80,7C
0B60A:  DATA 59,DF
0B60C:  DATA 4E,04
0B60E:  DATA C0,00
0B610:  DATA 04,80
0B612:  DATA 78,0A
0B614:  DATA 28,88
0B616:  DATA 04,C0
0B618:  DATA 00,04
0B61A:  DATA 80,78
0B61C:  DATA 05,EA
0B61E:  DATA 16,04
0B620:  DATA C0,00
0B622:  DATA 04,80
0B624:  DATA 78,1E
0B626:  DATA 33,D7
0B628:  DATA 04,C0
0B62A:  DATA 00,04
0B62C:  DATA 80,77
0B62E:  DATA 68,7B
0B630:  DATA BB,04
0B632:  DATA C0,00
0B634:  DATA 04,80
0B636:  DATA 77,68
0B638:  DATA 0D,C6
0B63A:  DATA 68,41
0B63C:  DATA 10,00
0B63E:  DATA 0E,41
0B640:  DATA 79,00
0B642:  DATA 17,41
0B644:  DATA E9,00
0B646:  DATA 3C,45
0B648:  DATA 3A,00
0B64A:  DATA 02,05
0B64C:  DATA 7F,F7
0B64E:  DATA 05,02
0B650:  DATA 05,83
0B652:  DATA FA,05
0B654:  DATA 02,05
0B656:  DATA 87,FD
0B658:  DATA 05,02
0B65A:  DATA 05,8B
0B65C:  DATA 02,06
0B65E:  DATA 02,05
0B660:  DATA 8F,09
0B662:  DATA 06,02
0B664:  DATA 05,93
0B666:  DATA 10,06
0B668:  DATA 02,05
0B66A:  DATA 97,18
0B66C:  DATA 06,02
0B66E:  DATA 05,9B
0B670:  DATA 20,06
0B672:  DATA 02,05
0B674:  DATA 9F,25
0B676:  DATA 06,02
0B678:  DATA 05,A3
0B67A:  DATA 2A,06
0B67C:  DATA 02,05
0B67E:  DATA A7,31
0B680:  DATA 06,02
0B682:  DATA 05,AB
0B684:  DATA 38,06
0B686:  DATA 02,05
0B688:  DATA AF,3C
0B68A:  DATA 06,02
0B68C:  DATA 05,B3
0B68E:  DATA 40,06
0B690:  DATA 02,05
0B692:  DATA B7,47
0B694:  DATA 06,02
0B696:  DATA 05,BB
0B698:  DATA 4D,06
0B69A:  DATA 02,05
0B69C:  DATA BF,53
0B69E:  DATA 06,02
0B6A0:  DATA 05,C3
0B6A2:  DATA 59,06
0B6A4:  DATA 02,05
0B6A6:  DATA C7,5F
0B6A8:  DATA 06,02
0B6AA:  DATA 05,CB
0B6AC:  DATA 64,06
0B6AE:  DATA 02,05
0B6B0:  DATA CF,6D
0B6B2:  DATA 06,02
0B6B4:  DATA 05,D3
0B6B6:  DATA 75,06
0B6B8:  DATA 02,05
0B6BA:  DATA D7,7C
0B6BC:  DATA 06,02
0B6BE:  DATA 05,DB
0B6C0:  DATA 83,06
0B6C2:  DATA 02,05
0B6C4:  DATA DF,8B
0B6C6:  DATA 06,02
0B6C8:  DATA 05,E3
0B6CA:  DATA 94,06
0B6CC:  DATA 02,05
0B6CE:  DATA E7,9C
0B6D0:  DATA 06,02
0B6D2:  DATA 05,EB
0B6D4:  DATA A2,06
0B6D6:  DATA 02,05
0B6D8:  DATA EF,A8
0B6DA:  DATA 06,02
0B6DC:  DATA 05,F3
0B6DE:  DATA AD,06
0B6E0:  DATA B5,05
0B6E2:  DATA F7,67
0B6E4:  DATA 72,00
0B6E6:  DATA 67,73
0B6E8:  DATA 00,73
0B6EA:  DATA 50,72
0B6EC:  DATA 6D,00
0B6EE:  DATA 67,43
0B6F0:  DATA 68,4D
0B6F2:  DATA 61,70
0B6F4:  DATA 00,73
0B6F6:  DATA 43,68
0B6F8:  DATA 4D,61
0B6FA:  DATA 70,00
0B6FC:  DATA 67,43
0B6FE:  DATA 68,4D
0B700:  DATA 6F,64
0B702:  DATA 65,00
0B704:  DATA 73,43
0B706:  DATA 68,4D
0B708:  DATA 6F,64
0B70A:  DATA 65,00
0B70C:  DATA 67,50
0B70E:  DATA 49,44
0B710:  DATA 00,73
0B712:  DATA 50,49
0B714:  DATA 44,00
0B716:  DATA 65,6E
0B718:  DATA 61,50
0B71A:  DATA 49,44
0B71C:  DATA 00,64
0B71E:  DATA 69,73
0B720:  DATA 50,49
0B722:  DATA 44,00
0B724:  DATA 67,53
0B726:  DATA 50,00
0B728:  DATA 73,53
0B72A:  DATA 50,00
0B72C:  DATA 67,53
0B72E:  DATA 43,61
0B730:  DATA 6C,73
0B732:  DATA 00,67
0B734:  DATA 53,43
0B736:  DATA 61,6C
0B738:  DATA 00,73
0B73A:  DATA 53,43
0B73C:  DATA 61,6C
0B73E:  DATA 00,67
0B740:  DATA 4D,43
0B742:  DATA 61,6C
0B744:  DATA 00,73
0B746:  DATA 4D,43
0B748:  DATA 61,6C
0B74A:  DATA 00,67
0B74C:  DATA 4D,6F
0B74E:  DATA 6E,00
0B750:  DATA 67,50
0B752:  DATA 49,44
0B754:  DATA 64,61
0B756:  DATA 74,61
0B758:  DATA 00,67
0B75A:  DATA 49,50
0B75C:  DATA 64,61
0B75E:  DATA 74,61
0B760:  DATA 00,67
0B762:  DATA 4D,61
0B764:  DATA 6E,4F
0B766:  DATA 50,00
0B768:  DATA 73,4D
0B76A:  DATA 61,6E
0B76C:  DATA 4F,50
0B76E:  DATA 00,73
0B770:  DATA 46,69
0B772:  DATA 6C,74
0B774:  DATA 4F,6E
0B776:  DATA 00,73
0B778:  DATA 46,69
0B77A:  DATA 6C,74
0B77C:  DATA 4F,66
0B77E:  DATA 66,00
0B780:  DATA 73,48
0B782:  DATA 6F,6D
0B784:  DATA 65,41
0B786:  DATA 78,00
0B788:  DATA 67,48
0B78A:  DATA 6F,6D
0B78C:  DATA 65,00
0B78E:  DATA 73,48
0B790:  DATA 6F,6D
0B792:  DATA 65,00
0B794:  DATA 67,54
0B796:  DATA 6C,6D
0B798:  DATA 04,C0
0B79A:  DATA 00,32
0B79C:  DATA 80,B8
0B79E:  DATA 06,01
0B7A0:  DATA C0,06
0B7A2:  DATA 02,D0
0B7A4:  DATA 06,53
0B7A6:  DATA 55,43
0B7A8:  DATA 43,45
0B7AA:  DATA 53,53
0B7AC:  DATA 00,49
0B7AE:  DATA 4E,56
0B7B0:  DATA 41,4C
0B7B2:  DATA 49,44
0B7B4:  DATA 20,43
0B7B6:  DATA 4F,4D
0B7B8:  DATA 4D,41
0B7BA:  DATA 4E,44
0B7BC:  DATA 00,49
0B7BE:  DATA 4E,56
0B7C0:  DATA 41,4C
0B7C2:  DATA 49,44
0B7C4:  DATA 20,50
0B7C6:  DATA 41,52
0B7C8:  DATA 41,4D
0B7CA:  DATA 45,54
0B7CC:  DATA 45,52
0B7CE:  DATA 00,00
0B7D0:  MOVLW  00
0B7D2:  MOVWF  FF8
0B7D4:  MOVLW  B5
0B7D6:  MOVWF  FF7
0B7D8:  MOVLW  B0
0B7DA:  MOVWF  FF6
0B7DC:  TBLRD*+
0B7DE:  MOVF   FF5,W
0B7E0:  MOVWF  00
0B7E2:  XORLW  00
0B7E4:  BZ    B80C
0B7E6:  TBLRD*+
0B7E8:  MOVF   FF5,W
0B7EA:  MOVWF  01
0B7EC:  BTFSC  FE8.7
0B7EE:  BRA    B7FA
0B7F0:  ANDLW  3F
0B7F2:  MOVWF  FEA
0B7F4:  TBLRD*+
0B7F6:  MOVFF  FF5,FE9
0B7FA:  BTFSC  01.6
0B7FC:  TBLRD*+
0B7FE:  BTFSS  01.6
0B800:  TBLRD*+
0B802:  MOVFF  FF5,FEE
0B806:  DCFSNZ 00,F
0B808:  BRA    B7DC
0B80A:  BRA    B7FE
0B80C:  CLRF   FF8
0B80E:  MOVLB  6
0B810:  CLRF   xE4
0B812:  MOVLW  64
0B814:  MOVWF  xE3
0B816:  CLRF   xE6
0B818:  CLRF   xE5
0B81A:  CLRF   xE8
0B81C:  CLRF   xE7
.................... {
....................     int16 loopDelay = 100;
....................     int16 controlCounter = 0;
....................     int16 debugCounter = 0;
....................    
....................     char pBuff[100];
....................     
....................     IO_init();                    // set up IO 
0B81E:  MOVLB  0
0B820:  GOTO   0480
....................     params_init();                // load parameters
0B824:  GOTO   072A
....................     monitor_init();               // initialize internal ADC for voltage and current telemetry
0B828:  GOTO   0B86
....................     control_init();               // initialize the output control DACs
0B82C:  GOTO   0C1E
....................     serial_init();                // setup the serial port
0B830:  GOTO   0DAE
....................     event_timer_init();
0B834:  GOTO   0DD0
.................... //!    setup_wdt(WDT_512MS);
....................     enable_interrupts(GLOBAL);
0B838:  MOVLW  C0
0B83A:  IORWF  FF2,F
....................     
....................     while(TRUE)
....................     {
.................... //!        restart_wdt();
....................         
....................         if (adcVals[chX].homeFlag) home_axis(chX);
0B83C:  MOVLB  1
0B83E:  BTFSS  x51.0
0B840:  BRA    B84E
0B842:  MOVLB  7
0B844:  CLRF   x4D
0B846:  MOVLB  0
0B848:  CALL   4DB2
0B84C:  MOVLB  1
....................         if (adcVals[chY].homeFlag) home_axis(chY);
0B84E:  BTFSS  x77.0
0B850:  BRA    B860
0B852:  MOVLW  01
0B854:  MOVLB  7
0B856:  MOVWF  x4D
0B858:  MOVLB  0
0B85A:  CALL   4DB2
0B85E:  MOVLB  1
....................                 
....................         internal_monitor_task();   //Update monitored voltage and currents etc
0B860:  MOVLB  0
0B862:  GOTO   51CA
....................         sensor_monitor_task();     //get magnetoresistive sensor data
0B866:  CALL   4C02
....................       
.................... //!        if (controlCounter >= 2){
.................... //!            control_task();
.................... //!            controlCounter = 0;
.................... //!        }else controlCounter++;
....................         control_task();
0B86A:  GOTO   576E
....................         
....................         serial_task();             
0B86E:  GOTO   5858
....................         command_handler_task();    //execute commands
0B872:  BRA    B2A0
....................         
....................         #ifdef DEBUG_1
....................         pBuff[0] = '\0';
....................         if (debugCounter >= 0){
....................             static int8 ch = 0;
....................             sprintf(pBuff+strlen(pBuff), "$,%u,%.0f,%.0f;", ch+1, adcVals[ch].sinCounts, adcVals[ch].cosCounts);
.................... //!            sprintf(pBuff+strlen(pBuff), "CNT,%u,%.0f,%.0f;", ch+1, adcVals[ch].sinCounts, adcVals[ch].cosCounts);
.................... //!            sprintf(pBuff+strlen(pBuff), "POS,%u,%3.3f;", ch+1, adcVals[ch].pReal);
.................... //!            if ( dacVals[ch].invV ) sprintf(pBuff+strlen(pBuff), "OUT,%u,-,%Lu;", ch+1, dacVals[ch].ipVal);
.................... //!            else                    sprintf(pBuff+strlen(pBuff), "OUT,%u,+,%Lu;", ch+1, dacVals[ch].ipVal);
....................             ch = !ch;
....................             debugCounter = 0;
....................         }else debugCounter++;
....................         serial_out(pBuff);
....................         #endif
....................       
....................         delay_ms(loopDelay);
0B874:  MOVFF  6E4,74D
0B878:  MOVLB  7
0B87A:  INCF   x4D,F
0B87C:  DECF   x4D,F
0B87E:  BTFSC  FD8.2
0B880:  BRA    B88E
0B882:  SETF   x5C
0B884:  MOVLB  0
0B886:  CALL   0516
0B88A:  MOVLB  7
0B88C:  BRA    B87C
0B88E:  MOVFF  6E3,75C
0B892:  MOVLB  0
0B894:  CALL   0516
0B898:  BRA    B83C
....................     }
.................... }
0B89A:  SLEEP 

Configuration Fuses:
   Word  1: FF8C   NOEXTOSC RSTOSC_HFINTRC_64MHZ NOCLKOUT CKS FCMEN
   Word  2: FFFD   MCLR PUT NOLPBOR BROWNOUT BORV19 ZCDDIS PPS1WAY STVREN NODEBUG NOXINST
   Word  3: FF9F   WDTSW NOWDT WDTWIN_SW WDTCLK_SW
   Word  4: DFFF   NOWRT NOWRTC NOWRTB NOWRTD SCANE NOLVP
   Word  5: FFFF   NOPROTECT NOCPD
   Word  6: FFFF   NOEBTR NOEBTRB
